Region_District,District,Region,time_period,mean_temperature,rainfall,mean_relative_humidity,average_gpp,malaria_confirmed,pneumonia_cases,diarrhea,low_birth_weight_babies,Acut_Malnutrition,population
Karamoja|Abim District,Abim District,Karamoja,2020-01,24.78,18.42,50.22,0.029,7059,112,65,5,344,153500
West Nile|Adjumani District,Adjumani District,West Nile,2020-01,27.25,14.1,43.45,0.08,27848,2436,207,26,93,235900
Acholi|Agago District,Agago District,Acholi,2020-01,24.78,15.49,52.31,0.038,19331,379,75,22,33,251200
Lango|Alebtong District,Alebtong District,Lango,2020-01,24.88,25.07,53.21,0.045,1418,146,34,24,8,266100
Lango|Amolatar District,Amolatar District,Lango,2020-01,25.08,27.71,62.73,1.57,3677,360,11,1,3,170100
Karamoja|Amudat District,Amudat District,Karamoja,2020-01,23.59,23.26,54.78,0.032,1480,178,6,2,75,134900
Teso|Amuria District,Amuria District,Teso,2020-01,24.63,28.68,55.27,0.04,9282,212,46,16,0,225000
Acholi|Amuru District,Amuru District,Acholi,2020-01,26.69,14.56,45.06,0.043,12561,338,55,2,18,216800
Lango|Apac District,Apac District,Lango,2020-01,24.77,21.3,59.02,0.18,14862,853,62,7,0,226600
West Nile|Arua City,Arua City,West Nile,2020-01,25.28,9.49,44.03,0.055,7042,438,217,20,33,361400
West Nile|Arua District,Arua District,West Nile,2020-01,26.14,12.43,42.31,0.037,2903,85,12,8,11,156300
Bukedi|Budaka District,Budaka District,Bukedi,2020-01,22.64,79.99,67.64,0.04,2298,230,60,10,4,253100
Bugisu|Bududa District,Bududa District,Bugisu,2020-01,14.67,84.25,76.14,0.056,1698,891,100,12,5,271100
Busoga|Bugiri District,Bugiri District,Busoga,2020-01,22.66,120.33,75.98,0.103,5372,754,51,7,2,480400
Busoga|Bugweri District,Bugweri District,Busoga,2020-01,22.65,111.78,75.64,0.06,10737,91,40,2,0,191600
Ankole|Buhweju District,Buhweju District,Ankole,2020-01,20.2,69.36,72.56,0.063,558,144,69,,0,144100
North Buganda|Buikwe District,Buikwe District,North Buganda,2020-01,22.64,134.97,77.24,0.572,12553,1347,59,32,2,474100
Teso|Bukedea District,Bukedea District,Teso,2020-01,23.35,55.51,60.62,0.044,7226,124,17,9,0,259300
South Buganda|Bukomansimbi District,Bukomansimbi District,South Buganda,2020-01,22.17,106.03,72.99,0.041,5004,637,29,1,6,156600
Bugisu|Bukwo District,Bukwo District,Bugisu,2020-01,19.49,64.19,61.09,0.053,642,1367,44,3,0,119100
Bugisu|Bulambuli District,Bulambuli District,Bugisu,2020-01,20.24,62.12,61.72,0.051,5327,693,58,8,0,230600
Bunyoro|Buliisa District,Buliisa District,Bunyoro,2020-01,26.28,17.84,60.05,1.413,7053,118,21,11,4,149300
Tooro|Bundibugyo District,Bundibugyo District,Tooro,2020-01,21.36,45.99,63.17,0.083,4744,729,138,36,128,263800
Tooro|Bunyangabu District,Bunyangabu District,Tooro,2020-01,20.04,46.54,68.53,0.055,1434,506,37,4,0,195100
Ankole|Bushenyi District,Bushenyi District,Ankole,2020-01,20.78,66.92,73.94,0.067,1990,362,82,25,59,239600
Bukedi|Busia District,Busia District,Bukedi,2020-01,22.29,124.47,75.36,0.166,23960,547,27,63,28,384000
Bukedi|Butaleja District,Butaleja District,Bukedi,2020-01,22.47,92.89,71.02,0.043,3591,825,258,24,0,300500
South Buganda|Butambala District,Butambala District,South Buganda,2020-01,22.11,118.66,74.07,0.048,4353,449,49,27,6,107800
Bukedi|Butebo District,Butebo District,Bukedi,2020-01,23.34,65.83,65.84,0.038,3210,227,20,5,0,121200
North Buganda|Buvuma District,Buvuma District,North Buganda,2020-01,24.16,154.09,70.68,3.172,2624,254,50,1,1,128900
Busoga|Buyende District,Buyende District,Busoga,2020-01,24.69,48.03,66.46,0.987,9606,274,31,10,9,414600
Lango|Dokolo District,Dokolo District,Lango,2020-01,24.65,29.48,58.63,0.319,9054,255,50,11,1,215500
Tooro|Fort Portal City,Fort Portal City,Tooro,2020-01,19.75,35.01,69.41,0.131,601,421,82,83,1,115600
South Buganda|Gomba District,Gomba District,South Buganda,2020-01,22.47,93.82,69.3,0.066,3906,155,3,4,0,173800
Acholi|Gulu City,Gulu City,Acholi,2020-01,25.58,20.05,48.27,0.155,7308,817,216,40,43,208100
Acholi|Gulu District,Gulu District,Acholi,2020-01,26.14,17.17,47.13,0.04,9656,197,1,10,18,117500
Bunyoro|Hoima City,Hoima City,Bunyoro,2020-01,23.25,36.03,67.35,0.108,2425,646,105,15,0,122700
Bunyoro|Hoima District,Hoima District,Bunyoro,2020-01,25.05,25.67,64.26,1.437,4318,151,32,12,6,251800
Ankole|Ibanda District,Ibanda District,Ankole,2020-01,22.37,54.45,65.1,0.053,12617,677,145,10,9,277300
Busoga|Iganga District,Iganga District,Busoga,2020-01,22.93,102.89,73.48,0.081,16191,743,35,51,27,402600
Ankole|Isingiro District,Isingiro District,Ankole,2020-01,21.62,97.19,72.37,0.08,21723,2569,201,6,201,596400
Busoga|Jinja City,Jinja City,Busoga,2020-01,22.54,115.52,78.25,0.83,10038,898,133,46,0,269900
Busoga|Jinja District,Jinja District,Busoga,2020-01,22.56,100.93,76.73,0.13,14420,690,120,3,0,245200
Karamoja|Kaabong District,Kaabong District,Karamoja,2020-01,23.18,12,52.82,0.031,7071,237,5,9,471,125400
Kigezi|Kabale District,Kabale District,Kigezi,2020-01,18.83,83.3,73.32,0.163,487,590,75,21,9,248700
Tooro|Kabarole District,Kabarole District,Tooro,2020-01,21.85,33.63,65.73,0.058,1271,195,7,49,0,222200
Teso|Kaberamaido District,Kaberamaido District,Teso,2020-01,24.95,34.78,60.79,0.836,2526,124,8,7,0,132700
Bunyoro|Kagadi District,Kagadi District,Bunyoro,2020-01,23.2,31.18,68.11,0.34,2717,176,70,57,22,430200
Bunyoro|Kakumiro District,Kakumiro District,Bunyoro,2020-01,22.81,42.41,64.47,0.052,4282,452,48,24,9,473400
Teso|Kalaki District,Kalaki District,Teso,2020-01,24.78,33.17,59.23,0.403,1938,85,20,20,0,138700
South Buganda|Kalangala District,Kalangala District,South Buganda,2020-01,24.12,162.88,70.85,3.069,1704,66,49,5,7,67200
Busoga|Kaliro District,Kaliro District,Busoga,2020-01,23.76,73.18,69.17,0.355,9428,539,168,4,5,288500
South Buganda|Kalungu District,Kalungu District,South Buganda,2020-01,22.33,110.99,74.72,0.211,7974,406,56,5,0,184700
Kampala|Kampala District,Kampala District,Kampala,2020-01,22.01,102.07,78.89,2.368,15636,2271,748,109,5,1680600
Busoga|Kamuli District,Kamuli District,Busoga,2020-01,23.34,69.43,72.01,0.103,30698,1625,189,54,1,558500
Tooro|Kamwenge District,Kamwenge District,Tooro,2020-01,22.66,37.94,62.22,0.055,10751,1633,33,39,163,335200
Kigezi|Kanungu District,Kanungu District,Kigezi,2020-01,21.35,54.85,73.07,0.191,4515,425,63,12,19,222200
Bugisu|Kapchorwa District,Kapchorwa District,Bugisu,2020-01,19.01,73.01,64.36,0.059,1056,504,18,10,2,123800
Teso|Kapelebyong District,Kapelebyong District,Teso,2020-01,25.31,24.96,50.52,0.032,4023,107,36,2,0,103800
Karamoja|Karenga District,Karenga District,Karamoja,2020-01,22.95,15.64,54.28,0.028,2048,289,31,12,174,68500
Tooro|Kasese District,Kasese District,Tooro,2020-01,21.78,39.8,65.65,0.434,9171,2393,365,51,40,793200
North Buganda|Kassanda District,Kassanda District,North Buganda,2020-01,22.66,69.04,67.34,0.141,7323,152,24,59,8,312700
Teso|Katakwi District,Katakwi District,Teso,2020-01,25.15,30.07,53.77,0.19,7919,151,7,24,0,194600
North Buganda|Kayunga District,Kayunga District,North Buganda,2020-01,23.45,64.64,71.15,0.337,15790,1088,46,19,2,407700
Ankole|Kazo District,Kazo District,Ankole,2020-01,23.13,51.96,61.03,0.051,6510,636,17,,0,217600
Bunyoro|Kibaale District,Kibaale District,Bunyoro,2020-01,22.37,48.23,65.08,0.062,3527,358,30,5,0,198200
North Buganda|Kiboga District,Kiboga District,North Buganda,2020-01,23.68,58.64,62.8,0.048,7412,791,37,29,10,171200
Bukedi|Kibuku District,Kibuku District,Bukedi,2020-01,23.25,72.62,69.74,0.067,2025,279,41,6,0,250600
Bunyoro|Kikuube District,Kikuube District,Bunyoro,2020-01,24.37,28.96,66.1,1.096,12622,804,112,25,270,358700
Ankole|Kiruhura District,Kiruhura District,Ankole,2020-01,22.4,80.58,67.38,0.09,5069,265,13,3,0,185700
Bunyoro|Kiryandongo District,Kiryandongo District,Bunyoro,2020-01,24.9,24.12,56.75,0.065,11174,502,66,71,201,313800
Kigezi|Kisoro District,Kisoro District,Kigezi,2020-01,17.32,83.11,79.98,0.148,1913,632,140,35,102,315400
Tooro|Kitagwenda District,Kitagwenda District,Tooro,2020-01,23.49,45.03,58.63,0.326,3392,146,28,16,0,178300
Acholi|Kitgum District,Kitgum District,Acholi,2020-01,24.44,15.99,51.19,0.034,9151,597,88,46,23,223600
West Nile|Koboko District,Koboko District,West Nile,2020-01,26.05,14.43,41.11,0.04,9526,263,45,21,60,258000
Lango|Kole District,Kole District,Lango,2020-01,24.92,27.25,54.12,0.048,6933,367,7,25,14,284300
Karamoja|Kotido District,Kotido District,Karamoja,2020-01,24.18,14.36,50.56,0.022,6620,1035,473,17,565,206500
Teso|Kumi District,Kumi District,Teso,2020-01,24.96,47.11,56.01,0.255,14537,184,40,22,12,284800
Lango|Kwania District,Kwania District,Lango,2020-01,24.8,21.73,59.79,0.51,11221,672,11,7,3,216600
Bugisu|Kween District,Kween District,Bugisu,2020-01,21.86,49.61,58.57,0.043,1176,498,3,,0,109500
North Buganda|Kyankwanzi District,Kyankwanzi District,North Buganda,2020-01,23.75,40.35,61.47,0.048,4045,172,10,6,5,282800
Tooro|Kyegegwa District,Kyegegwa District,Tooro,2020-01,22.62,53.54,61.78,0.056,20602,1247,42,5,285,441000
Tooro|Kyenjojo District,Kyenjojo District,Tooro,2020-01,22.06,39.55,66.65,0.055,4290,2574,96,45,34,525400
South Buganda|Kyotera District,Kyotera District,South Buganda,2020-01,22.99,143.84,75.66,0.977,14997,1160,142,5,1,261000
Acholi|Lamwo District,Lamwo District,Acholi,2020-01,25.14,13.14,49.58,0.037,10932,924,30,27,157,143800
Lango|Lira City,Lira City,Lango,2020-01,24.81,31.12,54.08,0.153,4193,544,166,82,8,243200
Lango|Lira District,Lira District,Lango,2020-01,24.99,27.11,53.81,0.045,4924,218,80,12,1,235300
Busoga|Luuka District,Luuka District,Busoga,2020-01,23.18,91.3,72.35,0.049,14885,1354,86,10,0,267100
North Buganda|Luwero District,Luwero District,North Buganda,2020-01,22.72,67.88,72.63,0.067,21608,1380,145,41,2,523600
South Buganda|Lwengo District,Lwengo District,South Buganda,2020-01,22.05,109.61,73.62,0.052,8804,638,68,3,2,290500
South Buganda|Lyantonde District,Lyantonde District,South Buganda,2020-01,22.46,81.02,68.32,0.044,8108,530,31,11,1,110500
West Nile|Madi-Okollo District,Madi-Okollo District,West Nile,2020-01,27.44,10.61,42.8,0.089,11246,280,64,8,40,164200
Bugisu|Manafwa District,Manafwa District,Bugisu,2020-01,19.68,93.89,77.74,0.049,4999,189,46,4,0,175200
West Nile|Maracha District,Maracha District,West Nile,2020-01,25.49,13.87,42.66,0.034,8774,620,63,15,0,208300
South Buganda|Masaka City,Masaka City,South Buganda,2020-01,22.11,119.26,76.85,0.156,2977,721,91,59,13,224700
South Buganda|Masaka District,Masaka District,South Buganda,2020-01,23.32,143.48,73.96,1.844,2540,265,34,1,0,120400
Bunyoro|Masindi District,Masindi District,Bunyoro,2020-01,24.56,30.29,60.19,0.051,8936,524,63,17,12,340500
Busoga|Mayuge District,Mayuge District,Busoga,2020-01,23.63,137.22,72.96,2.231,20695,241,114,35,28,565100
Bugisu|Mbale City,Mbale City,Bugisu,2020-01,21.07,81.42,73.35,0.075,7486,1083,53,87,0,319600
Bugisu|Mbale District,Mbale District,Bugisu,2020-01,20.36,91.21,75.81,0.052,8680,809,43,25,0,266700
Ankole|Mbarara City,Mbarara City,Ankole,2020-01,21.84,76.23,66.47,0.125,979,663,32,2,0,221300
Ankole|Mbarara District,Mbarara District,Ankole,2020-01,21.61,70.78,68.36,0.057,1018,245,7,1,7,169400
Ankole|Mitooma District,Mitooma District,Ankole,2020-01,20.7,64.99,72.92,0.046,3691,1180,81,2,0,194300
North Buganda|Mityana District,Mityana District,North Buganda,2020-01,22.27,93.11,72.96,0.214,15273,432,98,26,4,362500
Karamoja|Moroto District,Moroto District,Karamoja,2020-01,23.94,14.08,49.31,0.031,5119,679,57,7,267,118500
West Nile|Moyo District,Moyo District,West Nile,2020-01,26.75,8.39,43.23,0.122,9471,1102,28,7,28,109500
South Buganda|Mpigi District,Mpigi District,South Buganda,2020-01,22.66,117.8,73.79,0.737,5344,1141,110,19,0,286600
North Buganda|Mubende District,Mubende District,North Buganda,2020-01,22.31,59.09,67.44,0.058,12853,287,82,19,8,554800
North Buganda|Mukono District,Mukono District,North Buganda,2020-01,23.3,142.34,74.08,1.808,17882,2192,139,25,10,701400
Karamoja|Nabilatuk District,Nabilatuk District,Karamoja,2020-01,24.73,23.52,50.99,0.026,2403,224,14,8,248,89700
Karamoja|Nakapiripirit District,Nakapiripirit District,Karamoja,2020-01,23.46,28.74,53.07,0.033,4871,479,39,8,543,113300
North Buganda|Nakaseke District,Nakaseke District,North Buganda,2020-01,23.46,52.77,65.51,0.049,9959,356,27,58,0,234600
North Buganda|Nakasongola District,Nakasongola District,North Buganda,2020-01,24.35,42.73,63.54,0.274,16501,749,27,4,2,215200
Busoga|Namayingo District,Namayingo District,Busoga,2020-01,23.9,126.33,71.7,2.909,13347,561,79,9,15,237000
Bugisu|Namisindwa District,Namisindwa District,Bugisu,2020-01,17.34,89.68,77.67,0.053,2611,152,1,5,0,231500
Busoga|Namutumba District,Namutumba District,Busoga,2020-01,23.12,88.54,72.64,0.042,5817,1018,34,22,3,306500
Karamoja|Napak District,Napak District,Karamoja,2020-01,25.12,20.41,48.64,0.025,5619,532,69,28,416,158300
West Nile|Nebbi District,Nebbi District,West Nile,2020-01,26.21,12.08,45.74,0.032,10770,498,189,87,15,282600
Teso|Ngora District,Ngora District,Teso,2020-01,24.64,44.99,61.79,0.32,8010,192,80,23,4,165800
Tooro|Ntoroko District,Ntoroko District,Tooro,2020-01,25.76,18.54,58.64,0.456,181,50,16,7,0,76000
Ankole|Ntungamo District,Ntungamo District,Ankole,2020-01,20.93,73.98,69.84,0.05,3855,830,43,33,8,540800
Acholi|Nwoya District,Nwoya District,Acholi,2020-01,25.95,18.07,51.45,0.079,10265,501,19,6,17,236000
West Nile|Obongi District,Obongi District,West Nile,2020-01,27.59,9.73,43.92,0.245,8793,728,14,18,179,49100
Acholi|Omoro District,Omoro District,Acholi,2020-01,25.39,21.5,50.19,0.051,10974,575,13,10,28,196400
Lango|Otuke District,Otuke District,Lango,2020-01,25.1,22.02,51.11,0.036,2734,174,17,6,8,133500
Lango|Oyam District,Oyam District,Lango,2020-01,25.02,23.41,53.11,0.057,16654,759,69,44,65,453700
Acholi|Pader District,Pader District,Acholi,2020-01,25.52,17.27,51.06,0.04,13556,461,83,14,12,197300
West Nile|Pakwach District,Pakwach District,West Nile,2020-01,27.16,11.34,51.8,0.262,8692,135,79,63,0,196800
Bukedi|Pallisa District,Pallisa District,Bukedi,2020-01,23.92,66.52,68.19,0.344,3510,380,59,15,14,353400
South Buganda|Rakai District,Rakai District,South Buganda,2020-01,21.69,120.87,78.66,0.146,13128,917,139,5,3,317700
Kigezi|Rubanda District,Rubanda District,Kigezi,2020-01,17.83,72.77,77.44,0.121,278,502,11,10,6,208500
Ankole|Rubirizi District,Rubirizi District,Ankole,2020-01,24.34,39.87,62.81,0.844,1618,136,67,1,0,144100
Kigezi|Rukiga District,Rukiga District,Kigezi,2020-01,20.11,76.04,70.14,0.04,192,377,20,2,0,105400
Kigezi|Rukungiri District,Rukungiri District,Kigezi,2020-01,21.87,56.65,71.55,0.232,4190,1097,107,42,11,333800
Ankole|Rwampara District,Rwampara District,Ankole,2020-01,20.9,83.31,70.67,0.046,437,148,3,6,0,144600
South Buganda|Sembabule District,Sembabule District,South Buganda,2020-01,22.79,84.73,65.86,0.044,12874,216,44,8,0,296100
Teso|Serere District,Serere District,Teso,2020-01,24.74,41.72,62.83,0.887,2590,232,53,21,5,359500
Ankole|Sheema District,Sheema District,Ankole,2020-01,20.56,76.57,74.83,0.056,454,372,40,27,2,220500
Bugisu|Sironko District,Sironko District,Bugisu,2020-01,18.39,79.68,74.08,0.058,5062,544,70,15,0,274300
Teso|Soroti City,Soroti City,Teso,2020-01,24.31,47.44,60.63,0.114,5919,412,56,68,0,69900
Teso|Soroti District,Soroti District,Teso,2020-01,24.44,37.21,59.7,0.157,6793,127,36,20,0,293700
West Nile|Terego District,Terego District,West Nile,2020-01,27.45,12,39.62,0.032,16977,299,37,20,58,233300
Bukedi|Tororo District,Tororo District,Bukedi,2020-01,21.88,111.84,72.5,0.041,6055,1448,254,48,19,597500
South Buganda|Wakiso District,Wakiso District,South Buganda,2020-01,22.67,110.84,75.58,1.142,26062,1793,421,61,19,2915200
West Nile|Yumbe District,Yumbe District,West Nile,2020-01,27.06,9.16,40.13,0.032,27461,1758,98,177,73,663600
West Nile|Zombo District,Zombo District,West Nile,2020-01,23.37,19.13,50.11,0.045,4658,888,99,35,0,283100
Karamoja|Abim District,Abim District,Karamoja,2020-02,25.08,25.29,52.56,0.026,5321,135,32,6,301,153500
West Nile|Adjumani District,Adjumani District,West Nile,2020-02,27.96,18.29,50.5,0.068,22951,1835,205,186,165,235900
Acholi|Agago District,Agago District,Acholi,2020-02,25.13,24.85,55.35,0.032,16985,394,51,9,8,251200
Lango|Alebtong District,Alebtong District,Lango,2020-02,25.37,33.5,56.12,0.039,1353,227,36,8,0,266100
Lango|Amolatar District,Amolatar District,Lango,2020-02,25.37,30.82,67.44,1.567,3432,401,27,2,2,170100
Karamoja|Amudat District,Amudat District,Karamoja,2020-02,24.29,17.68,52.56,0.034,1466,187,6,3,289,134900
Teso|Amuria District,Amuria District,Teso,2020-02,25.09,24.69,56.98,0.037,8667,153,36,14,0,225000
Acholi|Amuru District,Amuru District,Acholi,2020-02,27.11,22.14,53.3,0.035,10010,292,59,11,11,216800
Lango|Apac District,Apac District,Lango,2020-02,25.29,36.44,63.46,0.175,12887,713,50,31,0,226600
West Nile|Arua City,Arua City,West Nile,2020-02,26.04,25.3,50.49,0.047,5417,384,203,11,8,361400
West Nile|Arua District,Arua District,West Nile,2020-02,26.77,24.76,49.18,0.027,2508,74,18,9,5,156300
Bukedi|Budaka District,Budaka District,Bukedi,2020-02,22.64,51.63,70.72,0.039,2312,198,31,18,0,253100
Bugisu|Bududa District,Bududa District,Bugisu,2020-02,15.11,69.6,73.68,0.062,1349,575,88,13,7,271100
Busoga|Bugiri District,Bugiri District,Busoga,2020-02,23.1,67.96,77.53,0.103,6062,576,53,21,8,480400
Busoga|Bugweri District,Bugweri District,Busoga,2020-02,23.11,66.73,77.96,0.059,9850,175,48,10,0,191600
Ankole|Buhweju District,Buhweju District,Ankole,2020-02,20.46,50.03,74.72,0.061,388,170,5,3,0,144100
North Buganda|Buikwe District,Buikwe District,North Buganda,2020-02,23.04,65.12,80.61,0.571,10916,1062,47,24,4,474100
Teso|Bukedea District,Bukedea District,Teso,2020-02,23.34,39.22,63.32,0.043,7886,116,18,17,0,259300
South Buganda|Bukomansimbi District,Bukomansimbi District,South Buganda,2020-02,22.25,59.69,78.33,0.04,2684,658,31,1,0,156600
Bugisu|Bukwo District,Bukwo District,Bugisu,2020-02,20.33,46.52,56.07,0.053,730,1275,74,4,0,119100
Bugisu|Bulambuli District,Bulambuli District,Bugisu,2020-02,20.72,43.69,60.3,0.05,3658,646,81,12,0,230600
Bunyoro|Buliisa District,Buliisa District,Bunyoro,2020-02,26.5,21.91,67.03,1.411,5981,142,20,2,9,149300
Tooro|Bundibugyo District,Bundibugyo District,Tooro,2020-02,21.71,49.88,67.9,0.08,6865,736,211,12,41,263800
Tooro|Bunyangabu District,Bunyangabu District,Tooro,2020-02,20.21,52.35,73.42,0.051,1123,296,62,14,1,195100
Ankole|Bushenyi District,Bushenyi District,Ankole,2020-02,21.13,57.74,75.01,0.067,1328,295,36,18,20,239600
Bukedi|Busia District,Busia District,Bukedi,2020-02,22.79,75.57,76.09,0.168,18227,413,57,103,48,384000
Bukedi|Butaleja District,Butaleja District,Bukedi,2020-02,22.7,59.87,73,0.042,3186,579,189,32,0,300500
South Buganda|Butambala District,Butambala District,South Buganda,2020-02,22.46,56.05,78.21,0.051,3915,378,58,19,5,107800
Bukedi|Butebo District,Butebo District,Bukedi,2020-02,23.32,46.53,69.37,0.037,3640,242,18,5,0,121200
North Buganda|Buvuma District,Buvuma District,North Buganda,2020-02,24.42,74.64,73.23,3.172,1966,154,22,,3,128900
Busoga|Buyende District,Buyende District,Busoga,2020-02,24.95,39.45,70.22,0.985,7399,295,38,18,10,414600
Lango|Dokolo District,Dokolo District,Lango,2020-02,25.08,39.87,62.2,0.314,12857,317,54,22,1,215500
Tooro|Fort Portal City,Fort Portal City,Tooro,2020-02,20.13,49.11,74.04,0.128,427,494,130,71,17,115600
South Buganda|Gomba District,Gomba District,South Buganda,2020-02,22.44,46.58,76.22,0.067,3437,141,16,3,0,173800
Acholi|Gulu City,Gulu City,Acholi,2020-02,25.83,28.49,56.25,0.148,6395,1143,215,45,26,208100
Acholi|Gulu District,Gulu District,Acholi,2020-02,26.46,27.58,54.71,0.032,6450,131,12,8,50,117500
Bunyoro|Hoima City,Hoima City,Bunyoro,2020-02,23.87,27.83,70.68,0.106,1650,676,154,20,0,122700
Bunyoro|Hoima District,Hoima District,Bunyoro,2020-02,25.43,21.95,68.91,1.436,3118,387,48,6,1,251800
Ankole|Ibanda District,Ibanda District,Ankole,2020-02,22.45,40.18,68.86,0.047,8345,940,87,8,10,277300
Busoga|Iganga District,Iganga District,Busoga,2020-02,23.36,57.89,76.48,0.082,16059,872,80,46,27,402600
Ankole|Isingiro District,Isingiro District,Ankole,2020-02,21.67,50.5,75.98,0.075,19112,2121,75,33,202,596400
Busoga|Jinja City,Jinja City,Busoga,2020-02,23.06,67.19,81.59,0.83,9726,759,106,54,1,269900
Busoga|Jinja District,Jinja District,Busoga,2020-02,23.07,58.66,80.19,0.127,11173,814,70,1,0,245200
Karamoja|Kaabong District,Kaabong District,Karamoja,2020-02,23.73,18.4,55.31,0.027,6152,409,10,17,642,125400
Kigezi|Kabale District,Kabale District,Kigezi,2020-02,18.91,63.24,76.29,0.161,465,880,95,25,1,248700
Tooro|Kabarole District,Kabarole District,Tooro,2020-02,22.11,38.64,71.27,0.055,1102,199,41,43,0,222200
Teso|Kaberamaido District,Kaberamaido District,Teso,2020-02,25.31,38.26,64.15,0.832,3084,111,6,18,0,132700
Bunyoro|Kagadi District,Kagadi District,Bunyoro,2020-02,23.87,27,71.04,0.337,3868,146,55,31,16,430200
Bunyoro|Kakumiro District,Kakumiro District,Bunyoro,2020-02,23.34,34.14,67.94,0.05,2701,349,40,9,7,473400
Teso|Kalaki District,Kalaki District,Teso,2020-02,25.19,32.41,61.72,0.4,2062,73,13,20,0,138700
South Buganda|Kalangala District,Kalangala District,South Buganda,2020-02,24.35,93.87,72.86,3.069,1745,57,84,3,5,67200
Busoga|Kaliro District,Kaliro District,Busoga,2020-02,24.1,47.59,72.29,0.353,6564,433,108,7,5,288500
South Buganda|Kalungu District,Kalungu District,South Buganda,2020-02,22.54,64.67,78.98,0.211,4551,314,61,14,3,184700
Kampala|Kampala District,Kampala District,Kampala,2020-02,22.42,52.01,82.04,2.369,12963,2332,914,250,11,1680600
Busoga|Kamuli District,Kamuli District,Busoga,2020-02,23.73,46.56,75.6,0.102,20327,1286,154,56,17,558500
Tooro|Kamwenge District,Kamwenge District,Tooro,2020-02,22.72,42.29,68,0.052,8285,1009,44,35,122,335200
Kigezi|Kanungu District,Kanungu District,Kigezi,2020-02,21.67,59.61,75.04,0.188,4173,616,90,2,23,222200
Bugisu|Kapchorwa District,Kapchorwa District,Bugisu,2020-02,19.72,47.61,60.76,0.057,775,572,24,23,0,123800
Teso|Kapelebyong District,Kapelebyong District,Teso,2020-02,25.79,25.12,51.84,0.029,3699,85,15,,0,103800
Karamoja|Karenga District,Karenga District,Karamoja,2020-02,23.41,18.98,57.5,0.023,1321,296,23,13,540,68500
Tooro|Kasese District,Kasese District,Tooro,2020-02,21.98,43.85,67.97,0.433,10899,2037,366,71,41,793200
North Buganda|Kassanda District,Kassanda District,North Buganda,2020-02,22.61,41.4,74.92,0.141,5938,125,21,17,9,312700
Teso|Katakwi District,Katakwi District,Teso,2020-02,25.5,25.48,54.88,0.188,8839,249,36,4,0,194600
North Buganda|Kayunga District,Kayunga District,North Buganda,2020-02,23.9,43.16,74.67,0.334,11782,939,23,22,3,407700
Ankole|Kazo District,Kazo District,Ankole,2020-02,22.97,40.5,67.91,0.042,3859,144,16,,0,217600
Bunyoro|Kibaale District,Kibaale District,Bunyoro,2020-02,23.04,40.79,67.71,0.059,2368,145,38,7,1,198200
North Buganda|Kiboga District,Kiboga District,North Buganda,2020-02,23.83,42.53,68.78,0.051,5821,631,40,22,28,171200
Bukedi|Kibuku District,Kibuku District,Bukedi,2020-02,23.45,51,72.5,0.066,2412,324,49,8,0,250600
Bunyoro|Kikuube District,Kikuube District,Bunyoro,2020-02,24.78,23.78,70.57,1.095,8582,724,89,26,216,358700
Ankole|Kiruhura District,Kiruhura District,Ankole,2020-02,22.18,40.33,73.69,0.083,2932,185,11,2,0,185700
Bunyoro|Kiryandongo District,Kiryandongo District,Bunyoro,2020-02,25.66,33.05,60.39,0.061,8984,741,114,8,137,313800
Kigezi|Kisoro District,Kisoro District,Kigezi,2020-02,17.72,95.47,80.34,0.149,1649,690,124,33,105,315400
Tooro|Kitagwenda District,Kitagwenda District,Tooro,2020-02,23.4,42.9,63.39,0.321,3361,297,15,6,3,178300
Acholi|Kitgum District,Kitgum District,Acholi,2020-02,24.83,22.29,55.77,0.027,8930,518,94,47,14,223600
West Nile|Koboko District,Koboko District,West Nile,2020-02,26.76,20.63,49.1,0.03,8490,306,72,26,104,258000
Lango|Kole District,Kole District,Lango,2020-02,25.37,36.94,58.86,0.043,7430,289,6,15,3,284300
Karamoja|Kotido District,Kotido District,Karamoja,2020-02,24.49,17.31,53.05,0.018,5129,1070,465,17,542,206500
Teso|Kumi District,Kumi District,Teso,2020-02,25.03,36.43,58.68,0.255,16222,272,32,11,11,284800
Lango|Kwania District,Kwania District,Lango,2020-02,25.22,38.33,64.41,0.506,8850,593,7,16,0,216600
Bugisu|Kween District,Kween District,Bugisu,2020-02,22.86,35.16,53.02,0.039,1094,227,19,,0,109500
North Buganda|Kyankwanzi District,Kyankwanzi District,North Buganda,2020-02,24.25,27.69,64.66,0.048,3457,139,19,11,8,282800
Tooro|Kyegegwa District,Kyegegwa District,Tooro,2020-02,22.8,40.39,67.44,0.053,12129,1132,53,10,351,441000
Tooro|Kyenjojo District,Kyenjojo District,Tooro,2020-02,22.53,37.26,70.92,0.052,3205,2095,97,34,35,525400
South Buganda|Kyotera District,Kyotera District,South Buganda,2020-02,23.16,93.92,78.13,0.974,12608,1726,104,4,1,261000
Acholi|Lamwo District,Lamwo District,Acholi,2020-02,25.82,20.82,54.95,0.027,9304,708,34,7,192,143800
Lango|Lira City,Lira City,Lango,2020-02,25.26,40.94,58.53,0.149,4583,312,181,108,10,243200
Lango|Lira District,Lira District,Lango,2020-02,25.37,38.53,58.32,0.039,4169,285,38,16,0,235300
Busoga|Luuka District,Luuka District,Busoga,2020-02,23.61,51.19,75.79,0.048,12114,512,39,12,2,267100
North Buganda|Luwero District,Luwero District,North Buganda,2020-02,23.09,43.48,76.97,0.069,16010,1562,126,50,10,523600
South Buganda|Lwengo District,Lwengo District,South Buganda,2020-02,22.04,53.91,78.46,0.05,6033,587,19,6,0,290500
South Buganda|Lyantonde District,Lyantonde District,South Buganda,2020-02,22.18,37.73,75.69,0.04,4452,279,16,12,5,110500
West Nile|Madi-Okollo District,Madi-Okollo District,West Nile,2020-02,28.03,18.84,50.04,0.08,9367,280,52,6,44,164200
Bugisu|Manafwa District,Manafwa District,Bugisu,2020-02,19.94,67.9,78.27,0.049,5106,263,40,4,9,175200
West Nile|Maracha District,Maracha District,West Nile,2020-02,26.19,24.1,50.11,0.025,8758,487,45,11,12,208300
South Buganda|Masaka City,Masaka City,South Buganda,2020-02,22.35,73.63,80.44,0.155,2529,503,111,64,38,224700
South Buganda|Masaka District,Masaka District,South Buganda,2020-02,23.52,93.63,76.83,1.843,2088,392,24,6,1,120400
Bunyoro|Masindi District,Masindi District,Bunyoro,2020-02,25.3,27.17,63.12,0.049,7995,589,66,22,24,340500
Busoga|Mayuge District,Mayuge District,Busoga,2020-02,23.98,68.73,75.34,2.23,18520,304,96,22,43,565100
Bugisu|Mbale City,Mbale City,Bugisu,2020-02,21.13,53.94,75.33,0.073,7685,957,58,92,0,319600
Bugisu|Mbale District,Mbale District,Bugisu,2020-02,20.47,57.89,77.4,0.052,7881,1410,17,29,3,266700
Ankole|Mbarara City,Mbarara City,Ankole,2020-02,21.79,39.81,71.09,0.123,700,618,85,64,0,221300
Ankole|Mbarara District,Mbarara District,Ankole,2020-02,21.67,40.07,71.98,0.052,827,348,12,3,0,169400
Ankole|Mitooma District,Mitooma District,Ankole,2020-02,21.07,62.07,74.17,0.043,2012,395,97,4,1,194300
North Buganda|Mityana District,Mityana District,North Buganda,2020-02,22.43,51.65,79.05,0.213,10675,715,81,27,0,362500
Karamoja|Moroto District,Moroto District,Karamoja,2020-02,24.21,17.53,51.84,0.025,4928,421,46,5,269,118500
West Nile|Moyo District,Moyo District,West Nile,2020-02,27.75,16.26,49.61,0.112,9542,1004,41,12,3,109500
South Buganda|Mpigi District,Mpigi District,South Buganda,2020-02,22.98,54.67,77.58,0.739,4572,815,69,33,0,286600
North Buganda|Mubende District,Mubende District,North Buganda,2020-02,22.38,36.29,73.6,0.057,9237,715,76,52,0,554800
North Buganda|Mukono District,Mukono District,North Buganda,2020-02,23.67,67.06,76.76,1.808,12210,1848,113,21,10,701400
Karamoja|Nabilatuk District,Nabilatuk District,Karamoja,2020-02,24.97,17.46,52.52,0.026,1810,124,18,11,590,89700
Karamoja|Nakapiripirit District,Nakapiripirit District,Karamoja,2020-02,24.01,23.36,51.9,0.032,3242,312,15,6,683,113300
North Buganda|Nakaseke District,Nakaseke District,North Buganda,2020-02,23.96,36.96,69.07,0.05,5799,250,54,227,0,234600
North Buganda|Nakasongola District,Nakasongola District,North Buganda,2020-02,24.88,32.46,66.58,0.273,14097,902,22,37,1,215200
Busoga|Namayingo District,Namayingo District,Busoga,2020-02,24.24,71.25,73.29,2.909,13019,287,100,8,18,237000
Bugisu|Namisindwa District,Namisindwa District,Bugisu,2020-02,17.78,71.2,75.85,0.053,1979,74,8,7,0,231500
Busoga|Namutumba District,Namutumba District,Busoga,2020-02,23.52,64.81,74.89,0.041,6794,656,19,11,3,306500
Karamoja|Napak District,Napak District,Karamoja,2020-02,25.14,18.31,51.84,0.023,3892,464,50,38,306,158300
West Nile|Nebbi District,Nebbi District,West Nile,2020-02,26.77,19.15,52.67,0.027,9864,724,169,62,11,282600
Teso|Ngora District,Ngora District,Teso,2020-02,24.93,35.57,63.54,0.321,7635,208,36,6,0,165800
Tooro|Ntoroko District,Ntoroko District,Tooro,2020-02,26.28,22.5,62.31,0.453,288,131,20,1,0,76000
Ankole|Ntungamo District,Ntungamo District,Ankole,2020-02,21.18,48.16,72.17,0.047,2732,1009,70,36,25,540800
Acholi|Nwoya District,Nwoya District,Acholi,2020-02,26.4,28.2,58.45,0.075,7563,426,19,12,22,236000
West Nile|Obongi District,Obongi District,West Nile,2020-02,28.64,16.93,49.72,0.232,6737,892,46,6,201,49100
Acholi|Omoro District,Omoro District,Acholi,2020-02,25.7,29.4,56.98,0.043,9257,426,40,7,11,196400
Lango|Otuke District,Otuke District,Lango,2020-02,25.58,31.46,53.24,0.03,2230,190,12,3,7,133500
Lango|Oyam District,Oyam District,Lango,2020-02,25.48,37.04,58.61,0.052,14712,683,40,87,60,453700
Acholi|Pader District,Pader District,Acholi,2020-02,25.89,28.58,55.83,0.033,12583,497,79,5,10,197300
West Nile|Pakwach District,Pakwach District,West Nile,2020-02,27.54,16.09,59.66,0.256,9847,167,50,28,0,196800
Bukedi|Pallisa District,Pallisa District,Bukedi,2020-02,24.17,46,70.99,0.342,5036,371,54,25,1,353400
South Buganda|Rakai District,Rakai District,South Buganda,2020-02,21.77,62,81.17,0.138,11741,1433,82,18,0,317700
Kigezi|Rubanda District,Rubanda District,Kigezi,2020-02,18.16,77.55,78.71,0.123,254,873,16,6,4,208500
Ankole|Rubirizi District,Rubirizi District,Ankole,2020-02,24.48,46.6,65.4,0.842,1265,118,17,,0,144100
Kigezi|Rukiga District,Rukiga District,Kigezi,2020-02,20.22,62.04,73.09,0.039,134,333,7,2,0,105400
Kigezi|Rukungiri District,Rukungiri District,Kigezi,2020-02,22.15,56.05,73.88,0.227,2766,1141,83,19,11,333800
Ankole|Rwampara District,Rwampara District,Ankole,2020-02,21.15,47.89,73.37,0.043,462,253,1,3,6,144600
South Buganda|Sembabule District,Sembabule District,South Buganda,2020-02,22.54,41.88,73.68,0.04,6151,301,45,7,0,296100
Teso|Serere District,Serere District,Teso,2020-02,25.06,36.01,65.43,0.885,3199,309,30,14,3,359500
Ankole|Sheema District,Sheema District,Ankole,2020-02,20.97,49.98,76.02,0.054,385,456,38,21,1,220500
Bugisu|Sironko District,Sironko District,Bugisu,2020-02,18.67,57.76,73.7,0.057,3883,577,81,13,0,274300
Teso|Soroti City,Soroti City,Teso,2020-02,24.8,43.13,61.33,0.113,7341,278,48,41,0,69900
Teso|Soroti District,Soroti District,Teso,2020-02,24.91,32.7,60.83,0.155,7098,155,21,9,0,293700
West Nile|Terego District,Terego District,West Nile,2020-02,28.16,20.67,46.77,0.022,14649,386,88,20,57,233300
Bukedi|Tororo District,Tororo District,Bukedi,2020-02,22.24,76.47,73.32,0.042,6830,1457,96,33,0,597500
South Buganda|Wakiso District,Wakiso District,South Buganda,2020-02,23.01,57.06,79.06,1.144,19849,1875,556,86,19,2915200
West Nile|Yumbe District,Yumbe District,West Nile,2020-02,27.94,18,47.14,0.022,22843,1672,253,15,64,663600
West Nile|Zombo District,Zombo District,West Nile,2020-02,24.05,29.99,56.03,0.035,4244,1143,58,44,0,283100
Karamoja|Abim District,Abim District,Karamoja,2020-03,24.63,190.13,64.7,0.036,5071,268,88,12,193,153500
West Nile|Adjumani District,Adjumani District,West Nile,2020-03,27.49,129.61,61.94,0.07,19643,2597,181,26,93,235900
Acholi|Agago District,Agago District,Acholi,2020-03,24.91,202.33,66.21,0.037,20073,416,76,16,14,251200
Lango|Alebtong District,Alebtong District,Lango,2020-03,24.6,198.61,70.73,0.036,1462,269,24,18,0,266100
Lango|Amolatar District,Amolatar District,Lango,2020-03,24.59,132.54,76.68,1.564,3859,1105,17,345,0,170100
Karamoja|Amudat District,Amudat District,Karamoja,2020-03,23.93,150.74,62.86,0.03,1380,335,15,2,84,134900
Teso|Amuria District,Amuria District,Teso,2020-03,24.2,249.41,72,0.037,11951,209,39,11,0,225000
Acholi|Amuru District,Amuru District,Acholi,2020-03,26.55,136.2,65.05,0.037,10337,411,51,6,12,216800
Lango|Apac District,Apac District,Lango,2020-03,24.48,158.47,75.74,0.166,13084,934,20,10,0,226600
West Nile|Arua City,Arua City,West Nile,2020-03,25.85,115.77,60.18,0.046,6523,396,157,33,7,361400
West Nile|Arua District,Arua District,West Nile,2020-03,26.55,118.35,59.14,0.028,3117,84,8,13,11,156300
Bukedi|Budaka District,Budaka District,Bukedi,2020-03,22.27,259.32,76.65,0.039,2945,317,66,3,0,253100
Bugisu|Bududa District,Bududa District,Bugisu,2020-03,15.06,285.32,80.21,0.055,1416,694,101,7,0,271100
Busoga|Bugiri District,Bugiri District,Busoga,2020-03,22.63,316.62,83,0.102,6219,836,45,14,4,480400
Busoga|Bugweri District,Bugweri District,Busoga,2020-03,22.6,287.61,83.48,0.058,8787,68,31,7,0,191600
Ankole|Buhweju District,Buhweju District,Ankole,2020-03,20.24,105.04,79.65,0.044,308,185,5,5,0,144100
North Buganda|Buikwe District,Buikwe District,North Buganda,2020-03,22.5,243.87,84.77,0.562,12143,1690,137,42,4,474100
Teso|Bukedea District,Bukedea District,Teso,2020-03,22.91,254.76,71.74,0.041,7580,377,15,7,2,259300
South Buganda|Bukomansimbi District,Bukomansimbi District,South Buganda,2020-03,21.75,144.26,83.85,0.031,2132,664,24,2,0,156600
Bugisu|Bukwo District,Bukwo District,Bugisu,2020-03,20.23,224.45,63.59,0.048,379,1561,100,2,0,119100
Bugisu|Bulambuli District,Bulambuli District,Bugisu,2020-03,20.6,223.9,68.32,0.043,3224,962,43,2,0,230600
Bunyoro|Buliisa District,Buliisa District,Bunyoro,2020-03,26.13,111.96,74.16,1.41,5457,194,20,9,8,149300
Tooro|Bundibugyo District,Bundibugyo District,Tooro,2020-03,22.01,128.13,70.34,0.071,6852,1099,194,19,123,263800
Tooro|Bunyangabu District,Bunyangabu District,Tooro,2020-03,20.24,131.56,77.39,0.044,1526,618,45,14,0,195100
Ankole|Bushenyi District,Bushenyi District,Ankole,2020-03,20.87,113.2,79.67,0.053,1183,498,48,44,16,239600
Bukedi|Busia District,Busia District,Bukedi,2020-03,22.28,344.18,82.11,0.166,19744,489,49,43,21,384000
Bukedi|Butaleja District,Butaleja District,Bukedi,2020-03,22.31,277.28,78.65,0.04,2746,671,177,31,0,300500
South Buganda|Butambala District,Butambala District,South Buganda,2020-03,21.8,168.92,85.29,0.037,2808,598,35,16,1,107800
Bukedi|Butebo District,Butebo District,Bukedi,2020-03,22.82,262.12,76,0.037,4120,245,25,8,0,121200
North Buganda|Buvuma District,Buvuma District,North Buganda,2020-03,23.71,224.33,77.5,3.172,2687,274,17,,0,128900
Busoga|Buyende District,Buyende District,Busoga,2020-03,24.13,194.48,78.3,0.982,10481,423,112,9,2,414600
Lango|Dokolo District,Dokolo District,Lango,2020-03,24.19,174.08,76.01,0.31,8739,329,53,2,0,215500
Tooro|Fort Portal City,Fort Portal City,Tooro,2020-03,20.44,125.41,77.5,0.12,428,559,169,15,11,115600
South Buganda|Gomba District,Gomba District,South Buganda,2020-03,21.75,139.75,83.75,0.054,1547,187,6,2,4,173800
Acholi|Gulu City,Gulu City,Acholi,2020-03,25.12,147.3,69.28,0.146,5332,989,122,64,20,208100
Acholi|Gulu District,Gulu District,Acholi,2020-03,25.94,143.81,66.25,0.036,7888,141,7,8,47,117500
Bunyoro|Hoima City,Hoima City,Bunyoro,2020-03,23.64,116.63,77.99,0.099,1410,558,57,19,0,122700
Bunyoro|Hoima District,Hoima District,Bunyoro,2020-03,25.26,97.04,74.52,1.432,2741,220,38,6,2,251800
Ankole|Ibanda District,Ibanda District,Ankole,2020-03,22.26,104.59,73.42,0.035,8742,466,57,13,15,277300
Busoga|Iganga District,Iganga District,Busoga,2020-03,22.77,271.81,82.59,0.077,18086,956,55,48,14,402600
Ankole|Isingiro District,Isingiro District,Ankole,2020-03,21.4,124.02,79.57,0.064,18758,2320,69,65,440,596400
Busoga|Jinja City,Jinja City,Busoga,2020-03,22.5,306.04,86.15,0.825,8908,831,20,110,1,269900
Busoga|Jinja District,Jinja District,Busoga,2020-03,22.55,273.04,85.29,0.122,12828,655,162,2,0,245200
Karamoja|Kaabong District,Kaabong District,Karamoja,2020-03,23.66,161.12,65.42,0.03,6406,239,17,34,539,125400
Kigezi|Kabale District,Kabale District,Kigezi,2020-03,18.87,123.1,78.86,0.155,431,1282,118,22,0,248700
Tooro|Kabarole District,Kabarole District,Tooro,2020-03,22.22,122.59,75.68,0.046,1311,319,67,73,0,222200
Teso|Kaberamaido District,Kaberamaido District,Teso,2020-03,24.41,166.95,75.79,0.83,3574,154,8,6,0,132700
Bunyoro|Kagadi District,Kagadi District,Bunyoro,2020-03,23.81,115.54,76.16,0.33,3339,175,49,27,24,430200
Bunyoro|Kakumiro District,Kakumiro District,Bunyoro,2020-03,23.12,119.7,74.4,0.041,2698,557,41,18,6,473400
Teso|Kalaki District,Kalaki District,Teso,2020-03,24.25,214.61,75.39,0.395,2529,68,10,13,0,138700
South Buganda|Kalangala District,Kalangala District,South Buganda,2020-03,23.69,246.08,76.89,3.068,2010,83,75,10,5,67200
Busoga|Kaliro District,Kaliro District,Busoga,2020-03,23.39,247.5,79.67,0.351,11568,873,67,8,1,288500
South Buganda|Kalungu District,Kalungu District,South Buganda,2020-03,22.04,161.42,83.9,0.202,3438,497,48,10,0,184700
Kampala|Kampala District,Kampala District,Kampala,2020-03,21.93,210.12,86.32,2.367,11651,3546,869,347,27,1680600
Busoga|Kamuli District,Kamuli District,Busoga,2020-03,23.05,234.19,82.7,0.095,28335,2289,184,44,15,558500
Tooro|Kamwenge District,Kamwenge District,Tooro,2020-03,22.26,110.28,75.1,0.04,8593,1344,17,54,135,335200
Kigezi|Kanungu District,Kanungu District,Kigezi,2020-03,21.61,116.05,78.03,0.179,4165,684,99,27,15,222200
Bugisu|Kapchorwa District,Kapchorwa District,Bugisu,2020-03,19.66,219.85,68.76,0.052,618,888,22,32,0,123800
Teso|Kapelebyong District,Kapelebyong District,Teso,2020-03,24.84,214.89,66.71,0.032,5430,119,25,1,0,103800
Karamoja|Karenga District,Karenga District,Karamoja,2020-03,23.61,154.44,65.75,0.026,1632,411,6,7,143,68500
Tooro|Kasese District,Kasese District,Tooro,2020-03,21.6,107.47,73.74,0.426,8993,2124,329,82,76,793200
North Buganda|Kassanda District,Kassanda District,North Buganda,2020-03,21.89,144.52,83.01,0.127,5298,208,21,30,13,312700
Teso|Katakwi District,Katakwi District,Teso,2020-03,24.65,210.87,68.65,0.191,12550,604,44,8,0,194600
North Buganda|Kayunga District,Kayunga District,North Buganda,2020-03,23.22,208.79,82.05,0.326,12678,2326,19,14,1,407700
Ankole|Kazo District,Kazo District,Ankole,2020-03,22.29,101.97,76.04,0.033,3527,108,20,,23,217600
Bunyoro|Kibaale District,Kibaale District,Bunyoro,2020-03,22.82,123.65,73.79,0.051,2245,242,42,2,8,198200
North Buganda|Kiboga District,Kiboga District,North Buganda,2020-03,23,195.38,78.56,0.037,4521,779,47,28,5,171200
Bukedi|Kibuku District,Kibuku District,Bukedi,2020-03,22.9,268.16,79.01,0.066,2488,327,35,5,0,250600
Bunyoro|Kikuube District,Kikuube District,Bunyoro,2020-03,24.71,103.01,75.54,1.09,8906,1043,88,28,146,358700
Ankole|Kiruhura District,Kiruhura District,Ankole,2020-03,21.85,101.25,78.18,0.074,1821,331,8,4,0,185700
Bunyoro|Kiryandongo District,Kiryandongo District,Bunyoro,2020-03,24.83,148.41,73.06,0.055,9344,1315,58,9,104,313800
Kigezi|Kisoro District,Kisoro District,Kigezi,2020-03,17.77,148.25,82.52,0.141,1122,990,151,35,104,315400
Tooro|Kitagwenda District,Kitagwenda District,Tooro,2020-03,23.14,107.9,68.72,0.31,3006,226,17,9,3,178300
Acholi|Kitgum District,Kitgum District,Acholi,2020-03,24.93,161.13,64.49,0.03,10942,836,83,29,36,223600
West Nile|Koboko District,Koboko District,West Nile,2020-03,26.59,105.58,59.07,0.028,9922,297,56,32,47,258000
Lango|Kole District,Kole District,Lango,2020-03,24.42,164.49,73.84,0.034,7870,388,18,20,2,284300
Karamoja|Kotido District,Kotido District,Karamoja,2020-03,24.14,161.58,64.73,0.024,4786,725,257,12,580,206500
Teso|Kumi District,Kumi District,Teso,2020-03,24.15,252.6,70.75,0.253,17209,272,35,32,19,284800
Lango|Kwania District,Kwania District,Lango,2020-03,24.38,158.22,77.27,0.498,11396,1223,28,12,0,216600
Bugisu|Kween District,Kween District,Bugisu,2020-03,22.73,205.93,61.44,0.035,911,416,11,,0,109500
North Buganda|Kyankwanzi District,Kyankwanzi District,North Buganda,2020-03,23.71,138.23,73.98,0.038,3028,198,14,10,0,282800
Tooro|Kyegegwa District,Kyegegwa District,Tooro,2020-03,22.13,113.8,76.61,0.044,11781,1008,52,10,436,441000
Tooro|Kyenjojo District,Kyenjojo District,Tooro,2020-03,22.29,121.41,77.34,0.043,3249,2907,108,26,23,525400
South Buganda|Kyotera District,Kyotera District,South Buganda,2020-03,22.62,192.16,81.41,0.967,10251,2132,85,13,3,261000
Acholi|Lamwo District,Lamwo District,Acholi,2020-03,25.75,144.66,63.88,0.032,11153,1263,33,16,173,143800
Lango|Lira City,Lira City,Lango,2020-03,24.38,191.99,73.34,0.144,4536,760,134,72,18,243200
Lango|Lira District,Lira District,Lango,2020-03,24.58,173.65,72.57,0.032,5815,329,58,14,5,235300
Busoga|Luuka District,Luuka District,Busoga,2020-03,22.99,261.82,82.26,0.042,13286,491,51,14,0,267100
North Buganda|Luwero District,Luwero District,North Buganda,2020-03,22.44,219.01,84.74,0.055,12627,1601,147,39,6,523600
South Buganda|Lwengo District,Lwengo District,South Buganda,2020-03,21.59,136.46,83.11,0.042,4756,882,51,37,3,290500
South Buganda|Lyantonde District,Lyantonde District,South Buganda,2020-03,21.72,109.06,81.02,0.029,2575,358,26,7,0,110500
West Nile|Madi-Okollo District,Madi-Okollo District,West Nile,2020-03,27.61,125.29,61.28,0.083,9106,311,52,11,47,164200
Bugisu|Manafwa District,Manafwa District,Bugisu,2020-03,19.75,292.44,82.71,0.045,3702,341,50,7,5,175200
West Nile|Maracha District,Maracha District,West Nile,2020-03,25.98,133.35,60.27,0.022,10077,672,28,22,14,208300
South Buganda|Masaka City,Masaka City,South Buganda,2020-03,21.94,162.8,84.06,0.146,2266,652,113,24,17,224700
South Buganda|Masaka District,Masaka District,South Buganda,2020-03,22.95,191.67,80.35,1.839,2299,424,14,,0,120400
Bunyoro|Masindi District,Masindi District,Bunyoro,2020-03,24.71,137.63,73.34,0.043,7280,656,56,13,5,340500
Busoga|Mayuge District,Mayuge District,Busoga,2020-03,23.35,253.52,79.85,2.229,20312,338,126,23,30,565100
Bugisu|Mbale City,Mbale City,Bugisu,2020-03,20.93,285.57,79.98,0.07,6788,933,73,102,2,319600
Bugisu|Mbale District,Mbale District,Bugisu,2020-03,20.32,293.53,81.57,0.048,7452,1208,26,2,0,266700
Ankole|Mbarara City,Mbarara City,Ankole,2020-03,21.49,94.38,75.17,0.111,580,1075,40,43,0,221300
Ankole|Mbarara District,Mbarara District,Ankole,2020-03,21.41,90.39,75.81,0.039,802,618,30,9,1,169400
Ankole|Mitooma District,Mitooma District,Ankole,2020-03,20.9,111.89,77.87,0.033,2062,913,81,8,3,194300
North Buganda|Mityana District,Mityana District,North Buganda,2020-03,21.76,191.9,86.03,0.199,7726,960,82,40,0,362500
Karamoja|Moroto District,Moroto District,Karamoja,2020-03,23.69,149.37,64.71,0.026,2904,402,51,11,179,118500
West Nile|Moyo District,Moyo District,West Nile,2020-03,27.59,124.54,59.55,0.115,9319,1034,37,7,7,109500
South Buganda|Mpigi District,Mpigi District,South Buganda,2020-03,22.3,179.78,83.54,0.729,3824,1162,147,39,0,286600
North Buganda|Mubende District,Mubende District,North Buganda,2020-03,21.78,121.69,81.65,0.046,6968,302,85,94,7,554800
North Buganda|Mukono District,Mukono District,North Buganda,2020-03,23.04,228.42,81.22,1.802,13275,2326,115,18,5,701400
Karamoja|Nabilatuk District,Nabilatuk District,Karamoja,2020-03,24.39,180.42,64.43,0.031,2287,174,16,6,621,89700
Karamoja|Nakapiripirit District,Nakapiripirit District,Karamoja,2020-03,23.48,187.21,63.9,0.034,3410,274,13,4,721,113300
North Buganda|Nakaseke District,Nakaseke District,North Buganda,2020-03,23.25,188.75,78.59,0.039,5163,341,76,6,2,234600
North Buganda|Nakasongola District,Nakasongola District,North Buganda,2020-03,24.17,149.78,75.65,0.265,11341,1009,55,8,3,215200
Busoga|Namayingo District,Namayingo District,Busoga,2020-03,23.6,247,77.76,2.909,14437,399,119,13,9,237000
Bugisu|Namisindwa District,Namisindwa District,Bugisu,2020-03,17.58,297.35,81.77,0.051,2130,219,10,13,0,231500
Busoga|Namutumba District,Namutumba District,Busoga,2020-03,22.91,261.79,81.23,0.041,8870,1843,13,18,0,306500
Karamoja|Napak District,Napak District,Karamoja,2020-03,24.63,166.23,63.84,0.029,3308,350,40,65,322,158300
West Nile|Nebbi District,Nebbi District,West Nile,2020-03,26.33,114.87,64.41,0.027,9669,841,190,67,21,282600
Teso|Ngora District,Ngora District,Teso,2020-03,24.07,231.51,75.26,0.318,8281,314,47,9,0,165800
Tooro|Ntoroko District,Ntoroko District,Tooro,2020-03,26.31,106.45,67.01,0.448,242,74,24,6,0,76000
Ankole|Ntungamo District,Ntungamo District,Ankole,2020-03,21.04,110.25,75.12,0.036,2712,1604,75,28,8,540800
Acholi|Nwoya District,Nwoya District,Acholi,2020-03,25.53,142.73,71.88,0.077,8131,544,18,18,24,236000
West Nile|Obongi District,Obongi District,West Nile,2020-03,28.29,120.71,60.53,0.234,6158,700,39,12,276,49100
Acholi|Omoro District,Omoro District,Acholi,2020-03,24.9,142.18,70.83,0.04,8496,589,24,6,29,196400
Lango|Otuke District,Otuke District,Lango,2020-03,24.9,190.64,67.25,0.034,1904,187,15,3,1,133500
Lango|Oyam District,Oyam District,Lango,2020-03,24.52,152.8,73.5,0.044,16168,1087,53,55,72,453700
Acholi|Pader District,Pader District,Acholi,2020-03,25.47,162.3,67.24,0.036,11965,486,33,7,23,197300
West Nile|Pakwach District,Pakwach District,West Nile,2020-03,26.97,118.3,69.59,0.258,8958,183,28,26,0,196800
Bukedi|Pallisa District,Pallisa District,Bukedi,2020-03,23.5,248.99,78.8,0.341,5271,599,64,14,0,353400
South Buganda|Rakai District,Rakai District,South Buganda,2020-03,21.36,145.97,85.25,0.128,7681,2139,108,20,0,317700
Kigezi|Rubanda District,Rubanda District,Kigezi,2020-03,18.19,132.96,80.81,0.117,265,1519,41,8,3,208500
Ankole|Rubirizi District,Rubirizi District,Ankole,2020-03,24.07,97.59,71.21,0.833,1968,103,37,3,0,144100
Kigezi|Rukiga District,Rukiga District,Kigezi,2020-03,20.19,122.59,75.26,0.03,127,384,15,2,1,105400
Kigezi|Rukungiri District,Rukungiri District,Kigezi,2020-03,21.99,109.02,77.01,0.218,3240,1379,101,44,13,333800
Ankole|Rwampara District,Rwampara District,Ankole,2020-03,20.85,107.54,77.49,0.028,423,397,10,10,0,144600
South Buganda|Sembabule District,Sembabule District,South Buganda,2020-03,21.85,122.37,81.4,0.032,4062,583,55,7,0,296100
Teso|Serere District,Serere District,Teso,2020-03,24.24,200.19,75.9,0.882,4213,522,33,36,0,359500
Ankole|Sheema District,Sheema District,Ankole,2020-03,20.62,103.52,80.47,0.039,264,599,25,21,8,220500
Bugisu|Sironko District,Sironko District,Bugisu,2020-03,18.58,270.06,79.25,0.05,3789,654,58,5,4,274300
Teso|Soroti City,Soroti City,Teso,2020-03,23.98,238.11,74.73,0.113,7878,462,56,23,0,69900
Teso|Soroti District,Soroti District,Teso,2020-03,24.05,246.99,74.58,0.152,9279,260,7,14,0,293700
West Nile|Terego District,Terego District,West Nile,2020-03,27.7,137.52,58.51,0.024,11587,645,185,18,38,233300
Bukedi|Tororo District,Tororo District,Bukedi,2020-03,21.86,310.22,78.8,0.04,5576,1495,132,45,17,597500
South Buganda|Wakiso District,Wakiso District,South Buganda,2020-03,22.4,212.08,83.89,1.137,17702,2407,557,112,32,2915200
West Nile|Yumbe District,Yumbe District,West Nile,2020-03,27.62,107.09,58.55,0.024,24310,1905,229,44,98,663600
West Nile|Zombo District,Zombo District,West Nile,2020-03,24.02,111.96,64.47,0.027,5742,872,111,77,3,283100
Karamoja|Abim District,Abim District,Karamoja,2020-04,23.78,157.03,67.6,0.042,5016,71,44,18,232,153500
West Nile|Adjumani District,Adjumani District,West Nile,2020-04,26.3,114.4,67.22,0.083,16102,2205,149,45,85,235900
Acholi|Agago District,Agago District,Acholi,2020-04,24.13,125.77,68.44,0.044,18043,282,32,36,30,251200
Lango|Alebtong District,Alebtong District,Lango,2020-04,23.81,165.31,72.64,0.034,1536,160,15,16,0,266100
Lango|Amolatar District,Amolatar District,Lango,2020-04,24.2,150.37,77.16,1.561,1743,264,12,2,1,170100
Karamoja|Amudat District,Amudat District,Karamoja,2020-04,22.71,162.26,68.77,0.03,1522,266,4,4,238,134900
Teso|Amuria District,Amuria District,Teso,2020-04,23.43,166.36,74.35,0.034,11216,207,38,11,0,225000
Acholi|Amuru District,Amuru District,Acholi,2020-04,25.49,120.43,69.4,0.049,10123,205,28,1,34,216800
Lango|Apac District,Apac District,Lango,2020-04,23.91,147.37,77.25,0.167,12291,580,21,5,0,226600
West Nile|Arua City,Arua City,West Nile,2020-04,24.78,99.57,65.34,0.049,7288,264,126,17,23,361400
West Nile|Arua District,Arua District,West Nile,2020-04,25.54,104.57,63.39,0.037,4090,97,1,12,10,156300
Bukedi|Budaka District,Budaka District,Bukedi,2020-04,21.9,190.78,78.7,0.032,1563,281,21,12,2,253100
Bugisu|Bududa District,Bududa District,Bugisu,2020-04,14.86,200.67,80.87,0.041,1470,523,99,7,3,271100
Busoga|Bugiri District,Bugiri District,Busoga,2020-04,22.45,253.93,83.49,0.097,4148,327,17,21,16,480400
Busoga|Bugweri District,Bugweri District,Busoga,2020-04,22.41,242.17,83.93,0.052,7459,50,24,5,0,191600
Ankole|Buhweju District,Buhweju District,Ankole,2020-04,19.98,171.24,80.04,0.052,262,172,12,6,0,144100
North Buganda|Buikwe District,Buikwe District,North Buganda,2020-04,22.39,253.61,84.19,0.557,8221,467,47,25,1,474100
Teso|Bukedea District,Bukedea District,Teso,2020-04,22.25,187.09,75.02,0.035,6049,210,18,22,0,259300
South Buganda|Bukomansimbi District,Bukomansimbi District,South Buganda,2020-04,21.54,269.72,84.38,0.034,1492,264,15,,1,156600
Bugisu|Bukwo District,Bukwo District,Bugisu,2020-04,19.3,222.73,69.09,0.038,319,897,61,1,0,119100
Bugisu|Bulambuli District,Bulambuli District,Bugisu,2020-04,19.84,197.22,72.48,0.036,2158,555,12,9,0,230600
Bunyoro|Buliisa District,Buliisa District,Bunyoro,2020-04,25.57,137.8,75.41,1.413,5247,146,5,6,11,149300
Tooro|Bundibugyo District,Bundibugyo District,Tooro,2020-04,21.66,149.87,73.07,0.077,6718,918,98,46,78,263800
Tooro|Bunyangabu District,Bunyangabu District,Tooro,2020-04,20.01,179.22,78.59,0.053,1611,252,42,8,0,195100
Ankole|Bushenyi District,Bushenyi District,Ankole,2020-04,20.62,153.07,79.75,0.058,1049,287,21,21,8,239600
Bukedi|Busia District,Busia District,Bukedi,2020-04,22.11,283.44,82.57,0.159,16547,215,16,59,3,384000
Bukedi|Butaleja District,Butaleja District,Bukedi,2020-04,22.02,209.83,80.02,0.033,2193,532,72,29,0,300500
South Buganda|Butambala District,Butambala District,South Buganda,2020-04,21.48,246.48,86.28,0.036,3700,340,24,14,3,107800
Bukedi|Butebo District,Butebo District,Bukedi,2020-04,22.37,186.24,78.32,0.031,1134,97,6,8,0,121200
North Buganda|Buvuma District,Buvuma District,North Buganda,2020-04,23.61,276.38,77.04,3.172,1386,161,16,2,1,128900
Busoga|Buyende District,Buyende District,Busoga,2020-04,23.79,189.69,79.25,0.977,7476,256,37,12,10,414600
Lango|Dokolo District,Dokolo District,Lango,2020-04,23.67,148.19,76.84,0.309,10426,282,35,22,0,215500
Tooro|Fort Portal City,Fort Portal City,Tooro,2020-04,20.15,159.62,79.51,0.126,329,269,43,18,2,115600
South Buganda|Gomba District,Gomba District,South Buganda,2020-04,21.44,227.98,84.81,0.057,2868,98,4,9,0,173800
Acholi|Gulu City,Gulu City,Acholi,2020-04,24.15,136.69,73.22,0.15,4561,514,200,62,6,208100
Acholi|Gulu District,Gulu District,Acholi,2020-04,24.94,125.75,70.22,0.047,7358,125,8,10,43,117500
Bunyoro|Hoima City,Hoima City,Bunyoro,2020-04,22.99,161.59,80.03,0.104,1046,191,14,34,0,122700
Bunyoro|Hoima District,Hoima District,Bunyoro,2020-04,24.81,147.01,75.47,1.435,3112,200,25,10,4,251800
Ankole|Ibanda District,Ibanda District,Ankole,2020-04,21.96,166.36,74.56,0.046,6440,268,31,20,4,277300
Busoga|Iganga District,Iganga District,Busoga,2020-04,22.54,234.21,83.41,0.072,15339,719,41,56,28,402600
Ankole|Isingiro District,Isingiro District,Ankole,2020-04,21.11,212.55,79.71,0.072,25906,2477,47,32,183,596400
Busoga|Jinja City,Jinja City,Busoga,2020-04,22.39,272.92,85.8,0.821,4646,471,29,44,2,269900
Busoga|Jinja District,Jinja District,Busoga,2020-04,22.38,242.59,85.28,0.119,11436,605,27,1,5,245200
Karamoja|Kaabong District,Kaabong District,Karamoja,2020-04,23.13,140.13,66.88,0.038,5758,388,11,11,535,125400
Kigezi|Kabale District,Kabale District,Kigezi,2020-04,18.44,200.73,81.36,0.158,250,622,52,10,5,248700
Tooro|Kabarole District,Kabarole District,Tooro,2020-04,21.94,162.61,76.75,0.055,1624,230,37,13,9,222200
Teso|Kaberamaido District,Kaberamaido District,Teso,2020-04,24.01,147.27,76.2,0.825,2622,61,2,7,0,132700
Bunyoro|Kagadi District,Kagadi District,Bunyoro,2020-04,23.46,167.27,76.4,0.338,4426,112,26,26,14,430200
Bunyoro|Kakumiro District,Kakumiro District,Bunyoro,2020-04,22.54,175.08,77.04,0.048,5093,457,15,13,5,473400
Teso|Kalaki District,Kalaki District,Teso,2020-04,23.73,142.02,76.29,0.394,2072,58,3,15,0,138700
South Buganda|Kalangala District,Kalangala District,South Buganda,2020-04,23.4,402.6,77.69,3.068,1939,62,45,1,11,67200
Busoga|Kaliro District,Kaliro District,Busoga,2020-04,23.05,213.13,81.26,0.346,6107,403,123,8,0,288500
South Buganda|Kalungu District,Kalungu District,South Buganda,2020-04,21.81,282.84,84.66,0.202,2823,277,29,20,0,184700
Kampala|Kampala District,Kampala District,Kampala,2020-04,21.81,229.56,86.01,2.366,7671,1098,561,344,17,1680600
Busoga|Kamuli District,Kamuli District,Busoga,2020-04,22.76,244.09,83.61,0.09,22837,1583,167,33,7,558500
Tooro|Kamwenge District,Kamwenge District,Tooro,2020-04,22.01,165.77,75.34,0.048,9423,806,34,33,111,335200
Kigezi|Kanungu District,Kanungu District,Kigezi,2020-04,21.21,170.18,80.12,0.184,5389,467,42,23,12,222200
Bugisu|Kapchorwa District,Kapchorwa District,Bugisu,2020-04,18.92,217.72,73.04,0.042,418,441,8,3,0,123800
Teso|Kapelebyong District,Kapelebyong District,Teso,2020-04,23.86,177.4,70.45,0.034,5660,67,11,6,0,103800
Karamoja|Karenga District,Karenga District,Karamoja,2020-04,22.8,122.12,68.78,0.038,1252,343,17,9,191,68500
Tooro|Kasese District,Kasese District,Tooro,2020-04,21.32,159.73,74.67,0.433,12943,1991,174,99,11,793200
North Buganda|Kassanda District,Kassanda District,North Buganda,2020-04,21.55,184.42,84.23,0.129,5320,112,16,25,0,312700
Teso|Katakwi District,Katakwi District,Teso,2020-04,23.81,169.86,71.59,0.19,10937,278,10,16,0,194600
North Buganda|Kayunga District,Kayunga District,North Buganda,2020-04,22.89,211.98,82.97,0.324,12413,705,24,10,0,407700
Ankole|Kazo District,Kazo District,Ankole,2020-04,22.18,167.82,75.5,0.041,2132,167,22,,0,217600
Bunyoro|Kibaale District,Kibaale District,Bunyoro,2020-04,22.41,179.77,75.41,0.055,2697,103,11,8,0,198200
North Buganda|Kiboga District,Kiboga District,North Buganda,2020-04,22.49,190.47,80.93,0.039,4217,539,27,24,5,171200
Bukedi|Kibuku District,Kibuku District,Bukedi,2020-04,22.58,212.49,80.43,0.062,839,213,34,17,0,250600
Bunyoro|Kikuube District,Kikuube District,Bunyoro,2020-04,24.33,155.29,76.11,1.093,10921,691,82,134,249,358700
Ankole|Kiruhura District,Kiruhura District,Ankole,2020-04,21.66,204.57,78.23,0.081,1516,121,10,,0,185700
Bunyoro|Kiryandongo District,Kiryandongo District,Bunyoro,2020-04,24.02,150.15,76.07,0.059,9481,891,104,30,87,313800
Kigezi|Kisoro District,Kisoro District,Kigezi,2020-04,17.54,192.93,83.78,0.146,560,487,76,9,20,315400
Tooro|Kitagwenda District,Kitagwenda District,Tooro,2020-04,22.7,174.85,71.06,0.317,2638,98,18,8,0,178300
Acholi|Kitgum District,Kitgum District,Acholi,2020-04,24.08,105.36,67.36,0.045,9671,2160,71,34,33,223600
West Nile|Koboko District,Koboko District,West Nile,2020-04,25.4,111.71,64.93,0.041,12349,327,36,35,85,258000
Lango|Kole District,Kole District,Lango,2020-04,23.73,154.59,75.82,0.035,10617,557,19,12,3,284300
Karamoja|Kotido District,Kotido District,Karamoja,2020-04,23.45,139.71,66.89,0.033,3839,575,188,20,310,206500
Teso|Kumi District,Kumi District,Teso,2020-04,23.5,178.41,73.39,0.249,14769,148,22,76,3,284800
Lango|Kwania District,Kwania District,Lango,2020-04,23.89,151.6,77.89,0.497,11234,580,19,7,0,216600
Bugisu|Kween District,Kween District,Bugisu,2020-04,21.67,198.72,67.23,0.032,893,346,8,6,0,109500
North Buganda|Kyankwanzi District,Kyankwanzi District,North Buganda,2020-04,23.05,170.68,76.79,0.043,2910,91,7,9,6,282800
Tooro|Kyegegwa District,Kyegegwa District,Tooro,2020-04,21.92,180.67,76.53,0.049,15180,835,42,5,429,441000
Tooro|Kyenjojo District,Kyenjojo District,Tooro,2020-04,22.02,155.86,77.33,0.05,3308,1816,47,34,19,525400
South Buganda|Kyotera District,Kyotera District,South Buganda,2020-04,22.37,377.11,81.97,0.97,8219,719,79,3,0,261000
Acholi|Lamwo District,Lamwo District,Acholi,2020-04,24.83,104.21,67.29,0.049,10565,874,49,17,234,143800
Lango|Lira City,Lira City,Lango,2020-04,23.67,153.92,75.16,0.144,3316,156,122,56,1,243200
Lango|Lira District,Lira District,Lango,2020-04,23.84,156.73,74.38,0.032,6701,286,27,12,10,235300
Busoga|Luuka District,Luuka District,Busoga,2020-04,22.71,231.28,83.22,0.039,10342,293,51,5,2,267100
North Buganda|Luwero District,Luwero District,North Buganda,2020-04,22.08,215.01,86.07,0.054,15172,1292,101,131,1,523600
South Buganda|Lwengo District,Lwengo District,South Buganda,2020-04,21.42,292.43,82.96,0.047,3848,314,24,4,0,290500
South Buganda|Lyantonde District,Lyantonde District,South Buganda,2020-04,21.6,228.7,80.66,0.036,1616,220,17,8,0,110500
West Nile|Madi-Okollo District,Madi-Okollo District,West Nile,2020-04,26.61,110.33,64.93,0.093,11579,381,16,5,44,164200
Bugisu|Manafwa District,Manafwa District,Bugisu,2020-04,19.66,214.53,82.56,0.038,4480,350,49,2,0,175200
West Nile|Maracha District,Maracha District,West Nile,2020-04,24.8,103.72,66.17,0.028,10491,582,12,39,9,208300
South Buganda|Masaka City,Masaka City,South Buganda,2020-04,21.72,327.05,84.63,0.147,1438,309,26,18,11,224700
South Buganda|Masaka District,Masaka District,South Buganda,2020-04,22.69,397.41,81.14,1.84,1819,187,14,2,0,120400
Bunyoro|Masindi District,Masindi District,Bunyoro,2020-04,23.91,152.8,76.15,0.047,7194,399,45,49,7,340500
Busoga|Mayuge District,Mayuge District,Busoga,2020-04,23.31,270.53,78.95,2.227,16220,250,54,18,4,565100
Bugisu|Mbale City,Mbale City,Bugisu,2020-04,20.6,180.49,81.75,0.059,4244,560,96,65,0,319600
Bugisu|Mbale District,Mbale District,Bugisu,2020-04,20.15,190.26,82.27,0.039,7575,873,14,3,0,266700
Ankole|Mbarara City,Mbarara City,Ankole,2020-04,21.22,167.4,76.17,0.119,333,543,37,65,0,221300
Ankole|Mbarara District,Mbarara District,Ankole,2020-04,21.2,164.95,76.31,0.046,536,305,12,13,2,169400
Ankole|Mitooma District,Mitooma District,Ankole,2020-04,20.72,147.42,77.58,0.04,1350,468,50,5,0,194300
North Buganda|Mityana District,Mityana District,North Buganda,2020-04,21.48,215.05,86.89,0.202,7752,579,51,15,1,362500
Karamoja|Moroto District,Moroto District,Karamoja,2020-04,23.06,152.38,66.53,0.03,2144,388,90,8,3362,118500
West Nile|Moyo District,Moyo District,West Nile,2020-04,26.49,95.99,64.21,0.13,9007,727,20,9,1,109500
South Buganda|Mpigi District,Mpigi District,South Buganda,2020-04,22.04,286.75,84.18,0.729,2958,604,84,23,0,286600
North Buganda|Mubende District,Mubende District,North Buganda,2020-04,21.49,196.5,82.49,0.049,7663,112,52,33,10,554800
North Buganda|Mukono District,Mukono District,North Buganda,2020-04,22.86,258.71,81.24,1.801,10558,1629,78,18,0,701400
Karamoja|Nabilatuk District,Nabilatuk District,Karamoja,2020-04,23.5,173.5,67.83,0.033,1550,149,6,12,248,89700
Karamoja|Nakapiripirit District,Nakapiripirit District,Karamoja,2020-04,22.53,177.51,68.22,0.035,3510,364,25,4,361,113300
North Buganda|Nakaseke District,Nakaseke District,North Buganda,2020-04,22.7,193.16,81.02,0.04,5391,345,30,34,1,234600
North Buganda|Nakasongola District,Nakasongola District,North Buganda,2020-04,23.58,166.41,78.01,0.263,11612,537,13,7,0,215200
Busoga|Namayingo District,Namayingo District,Busoga,2020-04,23.6,265.26,76.44,2.908,14274,337,84,,10,237000
Bugisu|Namisindwa District,Namisindwa District,Bugisu,2020-04,17.47,217.11,81.61,0.041,2672,167,20,12,0,231500
Busoga|Namutumba District,Namutumba District,Busoga,2020-04,22.64,234.67,82.33,0.035,3278,525,17,17,0,306500
Karamoja|Napak District,Napak District,Karamoja,2020-04,23.75,166.84,67.19,0.032,3380,327,55,40,179,158300
West Nile|Nebbi District,Nebbi District,West Nile,2020-04,25.51,111.49,66.83,0.032,10870,746,112,62,30,282600
Teso|Ngora District,Ngora District,Teso,2020-04,23.52,173.46,77.13,0.315,8149,236,58,9,1,165800
Tooro|Ntoroko District,Ntoroko District,Tooro,2020-04,26.02,124.32,67.71,0.456,255,56,19,4,1,76000
Ankole|Ntungamo District,Ntungamo District,Ankole,2020-04,20.79,136.38,75.43,0.043,2385,809,11,13,5,540800
Acholi|Nwoya District,Nwoya District,Acholi,2020-04,24.68,131.56,74.66,0.085,6408,360,14,13,12,236000
West Nile|Obongi District,Obongi District,West Nile,2020-04,27.05,100.08,66.25,0.246,5912,482,22,10,70,49100
Acholi|Omoro District,Omoro District,Acholi,2020-04,24.01,144.13,73.99,0.047,9245,430,10,34,7,196400
Lango|Otuke District,Otuke District,Lango,2020-04,24.03,175.55,69.78,0.039,2301,204,9,7,2,133500
Lango|Oyam District,Oyam District,Lango,2020-04,23.75,142.36,76,0.046,16111,620,31,82,78,453700
Acholi|Pader District,Pader District,Acholi,2020-04,24.62,126.38,69.73,0.047,10427,566,80,27,58,197300
West Nile|Pakwach District,Pakwach District,West Nile,2020-04,26.22,110.59,71.43,0.263,8617,128,41,35,2,196800
Bukedi|Pallisa District,Pallisa District,Bukedi,2020-04,23.11,197.76,80.24,0.338,2376,320,24,33,0,353400
South Buganda|Rakai District,Rakai District,South Buganda,2020-04,21.18,301.27,84.85,0.135,6512,762,55,15,8,317700
Kigezi|Rubanda District,Rubanda District,Kigezi,2020-04,17.87,189.93,82.54,0.119,152,576,16,10,0,208500
Ankole|Rubirizi District,Rubirizi District,Ankole,2020-04,23.55,155.64,74.09,0.84,2017,82,23,4,2,144100
Kigezi|Rukiga District,Rukiga District,Kigezi,2020-04,19.8,181.31,77.34,0.035,97,281,16,4,0,105400
Kigezi|Rukungiri District,Rukungiri District,Kigezi,2020-04,21.67,153.27,78.22,0.226,3135,997,62,30,10,333800
Ankole|Rwampara District,Rwampara District,Ankole,2020-04,20.67,177.58,77.58,0.038,326,257,4,2,0,144600
South Buganda|Sembabule District,Sembabule District,South Buganda,2020-04,21.67,219.16,81.38,0.038,2957,183,15,12,0,296100
Teso|Serere District,Serere District,Teso,2020-04,23.82,168.95,76.9,0.878,2649,177,6,38,1,359500
Ankole|Sheema District,Sheema District,Ankole,2020-04,20.45,164.61,79.73,0.045,201,310,22,13,2,220500
Bugisu|Sironko District,Sironko District,Bugisu,2020-04,18.18,184.25,81.32,0.04,3168,574,74,10,0,274300
Teso|Soroti City,Soroti City,Teso,2020-04,23.39,165.2,76.72,0.109,5040,284,39,135,0,69900
Teso|Soroti District,Soroti District,Teso,2020-04,23.44,160.16,76.4,0.15,5894,121,7,12,0,293700
West Nile|Terego District,Terego District,West Nile,2020-04,26.53,96.03,63.82,0.035,19388,851,33,50,97,233300
Bukedi|Tororo District,Tororo District,Bukedi,2020-04,21.66,242.08,79.68,0.034,4358,1102,79,122,3,597500
South Buganda|Wakiso District,Wakiso District,South Buganda,2020-04,22.23,262.51,83.95,1.135,14926,1111,495,61,0,2915200
West Nile|Yumbe District,Yumbe District,West Nile,2020-04,26.41,103.35,63.98,0.04,23956,1125,80,14,123,663600
West Nile|Zombo District,Zombo District,West Nile,2020-04,23.11,120.43,68.22,0.038,9866,849,63,70,0,283100
Karamoja|Abim District,Abim District,Karamoja,2020-05,22.65,152.16,77.02,0.052,7586,120,37,12,261,153500
West Nile|Adjumani District,Adjumani District,West Nile,2020-05,24.99,163.41,76.04,0.089,18615,1728,107,20,135,235900
Acholi|Agago District,Agago District,Acholi,2020-05,22.92,143.16,78.37,0.05,18977,336,47,45,24,251200
Lango|Alebtong District,Alebtong District,Lango,2020-05,22.94,152.31,80.16,0.042,1691,207,15,7,0,266100
Lango|Amolatar District,Amolatar District,Lango,2020-05,23.68,119.56,78.75,1.566,3928,356,14,5,0,170100
Karamoja|Amudat District,Amudat District,Karamoja,2020-05,22.05,126.87,73.85,0.049,2357,443,1,1,552,134900
Teso|Amuria District,Amuria District,Teso,2020-05,22.59,160.17,81.99,0.043,16129,212,39,26,0,225000
Acholi|Amuru District,Amuru District,Acholi,2020-05,24.37,162.29,76.6,0.055,13008,132,31,15,48,216800
Lango|Apac District,Apac District,Lango,2020-05,23.22,100.84,80.17,0.172,12983,355,33,15,0,226600
West Nile|Arua City,Arua City,West Nile,2020-05,23.87,102.14,70.52,0.05,8405,307,57,71,13,361400
West Nile|Arua District,Arua District,West Nile,2020-05,24.75,106.34,67.55,0.041,4810,77,6,18,30,156300
Bukedi|Budaka District,Budaka District,Bukedi,2020-05,21.49,169.1,81.91,0.04,1846,283,35,47,0,253100
Bugisu|Bududa District,Bududa District,Bugisu,2020-05,14.6,189.96,84.85,0.054,1885,670,104,8,0,271100
Busoga|Bugiri District,Bugiri District,Busoga,2020-05,21.91,178.73,85.28,0.101,5304,494,21,12,0,480400
Busoga|Bugweri District,Bugweri District,Busoga,2020-05,21.87,162.96,85.79,0.058,10952,76,2,3,3,191600
Ankole|Buhweju District,Buhweju District,Ankole,2020-05,19.54,40.87,77.35,0.067,295,300,7,4,0,144100
North Buganda|Buikwe District,Buikwe District,North Buganda,2020-05,21.88,121.08,85.22,0.562,10949,543,58,34,7,474100
Teso|Bukedea District,Bukedea District,Teso,2020-05,21.57,155.91,81.22,0.045,7779,167,15,29,0,259300
South Buganda|Bukomansimbi District,Bukomansimbi District,South Buganda,2020-05,20.8,123.61,83.84,0.045,1718,179,25,,1,156600
Bugisu|Bukwo District,Bukwo District,Bugisu,2020-05,18.19,179.23,77.98,0.055,296,956,67,4,2,119100
Bugisu|Bulambuli District,Bulambuli District,Bugisu,2020-05,19.05,165.73,80.16,0.049,3572,897,58,11,3,230600
Bunyoro|Buliisa District,Buliisa District,Bunyoro,2020-05,24.95,99.52,76.26,1.417,6004,139,11,11,0,149300
Tooro|Bundibugyo District,Bundibugyo District,Tooro,2020-05,20.99,139.83,75.44,0.079,7780,825,117,84,93,263800
Tooro|Bunyangabu District,Bunyangabu District,Tooro,2020-05,19.47,129.24,78.12,0.056,2235,212,80,20,0,195100
Ankole|Bushenyi District,Bushenyi District,Ankole,2020-05,20.33,42.05,75.87,0.07,1293,271,43,25,11,239600
Bukedi|Busia District,Busia District,Bukedi,2020-05,21.62,216.24,84.42,0.164,23658,276,45,37,13,384000
Bukedi|Butaleja District,Butaleja District,Bukedi,2020-05,21.61,159.04,82.76,0.04,2707,507,78,33,0,300500
South Buganda|Butambala District,Butambala District,South Buganda,2020-05,20.92,134.29,86.05,0.046,3418,272,45,6,5,107800
Bukedi|Butebo District,Butebo District,Bukedi,2020-05,21.91,171.51,81.74,0.04,2167,175,18,13,0,121200
North Buganda|Buvuma District,Buvuma District,North Buganda,2020-05,23.37,143.51,75.95,3.172,2207,247,12,1,1,128900
Busoga|Buyende District,Buyende District,Busoga,2020-05,23.25,155.36,81.34,0.983,10558,415,73,17,11,414600
Lango|Dokolo District,Dokolo District,Lango,2020-05,23.06,133.97,80.35,0.318,7512,258,28,20,0,215500
Tooro|Fort Portal City,Fort Portal City,Tooro,2020-05,19.59,128.26,78.32,0.132,563,319,55,9,0,115600
South Buganda|Gomba District,Gomba District,South Buganda,2020-05,20.79,106.84,84.49,0.066,1514,72,5,3,0,173800
Acholi|Gulu City,Gulu City,Acholi,2020-05,23.26,151.81,78.54,0.153,5776,597,154,45,17,208100
Acholi|Gulu District,Gulu District,Acholi,2020-05,23.87,167.72,77.39,0.052,8736,80,10,8,26,117500
Bunyoro|Hoima City,Hoima City,Bunyoro,2020-05,22.45,101.53,80.58,0.109,1596,143,12,18,0,122700
Bunyoro|Hoima District,Hoima District,Bunyoro,2020-05,24.33,106.44,75.38,1.438,3834,79,31,5,4,251800
Ankole|Ibanda District,Ibanda District,Ankole,2020-05,21.31,46.79,73.95,0.057,5571,324,44,31,3,277300
Busoga|Iganga District,Iganga District,Busoga,2020-05,21.95,157.18,85.59,0.078,20321,869,47,59,35,402600
Ankole|Isingiro District,Isingiro District,Ankole,2020-05,20.8,48.14,75.75,0.087,24431,2336,77,30,245,596400
Busoga|Jinja City,Jinja City,Busoga,2020-05,21.78,119.76,87.64,0.825,6414,285,77,49,1,269900
Busoga|Jinja District,Jinja District,Busoga,2020-05,21.77,120.29,87.16,0.124,13651,568,85,,0,245200
Karamoja|Kaabong District,Kaabong District,Karamoja,2020-05,22.5,108.96,69.89,0.051,5794,433,12,11,749,125400
Kigezi|Kabale District,Kabale District,Kigezi,2020-05,18.28,43.76,75.58,0.17,233,583,35,9,10,248700
Tooro|Kabarole District,Kabarole District,Tooro,2020-05,21.3,114.06,76.76,0.059,1754,149,31,16,2,222200
Teso|Kaberamaido District,Kaberamaido District,Teso,2020-05,23.4,145.05,79.13,0.834,2934,103,3,16,0,132700
Bunyoro|Kagadi District,Kagadi District,Bunyoro,2020-05,22.84,90.32,76.69,0.343,3874,142,21,21,62,430200
Bunyoro|Kakumiro District,Kakumiro District,Bunyoro,2020-05,21.82,104.7,77.85,0.054,7730,415,25,8,12,473400
Teso|Kalaki District,Kalaki District,Teso,2020-05,23.05,153.87,80.92,0.403,2394,63,7,23,0,138700
South Buganda|Kalangala District,Kalangala District,South Buganda,2020-05,23.28,243.03,75.39,3.069,1636,45,75,,3,67200
Busoga|Kaliro District,Kaliro District,Busoga,2020-05,22.55,163.7,83.52,0.352,12244,653,151,2,0,288500
South Buganda|Kalungu District,Kalungu District,South Buganda,2020-05,21.18,154.08,83.97,0.213,3043,86,34,14,0,184700
Kampala|Kampala District,Kampala District,Kampala,2020-05,21.31,124.21,85.86,2.367,9702,1468,518,290,22,1680600
Busoga|Kamuli District,Kamuli District,Busoga,2020-05,22.08,143.69,86.13,0.097,35522,1483,207,58,3,558500
Tooro|Kamwenge District,Kamwenge District,Tooro,2020-05,21.28,71.19,75.48,0.057,11639,848,49,55,154,335200
Kigezi|Kanungu District,Kanungu District,Kigezi,2020-05,21.01,80.27,77.26,0.197,6649,558,36,24,36,222200
Bugisu|Kapchorwa District,Kapchorwa District,Bugisu,2020-05,18.23,188.07,79.86,0.052,531,663,11,,0,123800
Teso|Kapelebyong District,Kapelebyong District,Teso,2020-05,22.73,161.43,80.49,0.043,7307,45,25,5,0,103800
Karamoja|Karenga District,Karenga District,Karamoja,2020-05,22.08,137.59,74.22,0.051,1294,395,31,11,280,68500
Tooro|Kasese District,Kasese District,Tooro,2020-05,20.67,91.28,75.06,0.438,12704,1757,162,115,69,793200
North Buganda|Kassanda District,Kassanda District,North Buganda,2020-05,20.95,112.4,84.18,0.138,5390,59,23,23,4,312700
Teso|Katakwi District,Katakwi District,Teso,2020-05,22.79,170.69,80.67,0.199,13281,206,23,12,7,194600
North Buganda|Kayunga District,Kayunga District,North Buganda,2020-05,22.21,111.46,85.5,0.331,17301,872,12,23,11,407700
Ankole|Kazo District,Kazo District,Ankole,2020-05,21.33,46.64,76.11,0.051,2697,149,16,,0,217600
Bunyoro|Kibaale District,Kibaale District,Bunyoro,2020-05,21.63,93.04,76.19,0.059,3408,97,24,34,3,198200
North Buganda|Kiboga District,Kiboga District,North Buganda,2020-05,21.74,115.91,82.68,0.046,5576,468,54,23,5,171200
Bukedi|Kibuku District,Kibuku District,Bukedi,2020-05,22.15,164.46,82.96,0.069,710,311,30,10,0,250600
Bunyoro|Kikuube District,Kikuube District,Bunyoro,2020-05,23.85,92.28,75.92,1.098,10021,569,100,129,306,358700
Ankole|Kiruhura District,Kiruhura District,Ankole,2020-05,21.12,45.89,75.92,0.095,1911,114,7,1,0,185700
Bunyoro|Kiryandongo District,Kiryandongo District,Bunyoro,2020-05,23.2,109.21,79.67,0.063,11399,799,40,34,138,313800
Kigezi|Kisoro District,Kisoro District,Kigezi,2020-05,17.48,81.01,78.24,0.16,494,501,81,37,37,315400
Tooro|Kitagwenda District,Kitagwenda District,Tooro,2020-05,22,59.1,70.94,0.327,2504,105,2,2,1,178300
Acholi|Kitgum District,Kitgum District,Acholi,2020-05,23.06,161.19,75.35,0.055,11375,386,49,42,18,223600
West Nile|Koboko District,Koboko District,West Nile,2020-05,24.22,134.58,72.92,0.045,15088,492,12,39,112,258000
Lango|Kole District,Kole District,Lango,2020-05,23.06,136.78,79.83,0.042,12725,463,7,9,0,284300
Karamoja|Kotido District,Kotido District,Karamoja,2020-05,22.54,104.25,73.68,0.047,6028,667,267,35,824,206500
Teso|Kumi District,Kumi District,Teso,2020-05,22.69,149.63,80.48,0.257,13534,204,20,34,3,284800
Lango|Kwania District,Kwania District,Lango,2020-05,23.35,116.52,80.15,0.503,8163,470,17,16,0,216600
Bugisu|Kween District,Kween District,Bugisu,2020-05,20.57,157.93,76.37,0.048,859,324,9,3,0,109500
North Buganda|Kyankwanzi District,Kyankwanzi District,North Buganda,2020-05,22.25,111.27,78.74,0.048,2989,166,0,10,2,282800
Tooro|Kyegegwa District,Kyegegwa District,Tooro,2020-05,21.13,76.04,76.95,0.054,10972,599,56,36,428,441000
Tooro|Kyenjojo District,Kyenjojo District,Tooro,2020-05,21.36,91.15,77.32,0.055,5946,1795,72,60,18,525400
South Buganda|Kyotera District,Kyotera District,South Buganda,2020-05,22.12,269.41,79.05,0.981,10600,646,99,4,0,261000
Acholi|Lamwo District,Lamwo District,Acholi,2020-05,23.66,156.04,75.58,0.057,17507,792,16,20,133,143800
Lango|Lira City,Lira City,Lango,2020-05,22.97,158.47,79.6,0.15,3385,202,46,57,28,243200
Lango|Lira District,Lira District,Lango,2020-05,23.14,157.38,79.52,0.039,8142,162,28,21,13,235300
Busoga|Luuka District,Luuka District,Busoga,2020-05,22.1,148.54,85.56,0.044,17253,378,58,5,1,267100
North Buganda|Luwero District,Luwero District,North Buganda,2020-05,21.39,95.22,87.76,0.061,14142,710,90,34,7,523600
South Buganda|Lwengo District,Lwengo District,South Buganda,2020-05,20.83,123.34,81.09,0.06,5025,206,9,8,0,290500
South Buganda|Lyantonde District,Lyantonde District,South Buganda,2020-05,20.93,61.21,79.18,0.048,2603,192,14,22,0,110500
West Nile|Madi-Okollo District,Madi-Okollo District,West Nile,2020-05,25.92,114.75,67.96,0.093,13737,319,22,10,16,164200
Bugisu|Manafwa District,Manafwa District,Bugisu,2020-05,19.52,180.29,84.75,0.05,7699,413,97,8,0,175200
West Nile|Maracha District,Maracha District,West Nile,2020-05,23.82,108.16,72.19,0.029,14724,421,12,79,19,208300
South Buganda|Masaka City,Masaka City,South Buganda,2020-05,21.13,207.74,83.18,0.159,1861,165,13,20,10,224700
South Buganda|Masaka District,Masaka District,South Buganda,2020-05,22.38,284.8,79.09,1.845,1901,191,2,1,0,120400
Bunyoro|Masindi District,Masindi District,Bunyoro,2020-05,23.1,106.48,79.2,0.051,7633,405,34,32,10,340500
Busoga|Mayuge District,Mayuge District,Busoga,2020-05,22.92,135.73,79.36,2.229,22718,292,88,19,17,565100
Bugisu|Mbale City,Mbale City,Bugisu,2020-05,20.35,180.69,84.03,0.072,5176,643,81,217,5,319600
Bugisu|Mbale District,Mbale District,Bugisu,2020-05,19.97,175.57,84.37,0.049,10787,1110,11,12,1,266700
Ankole|Mbarara City,Mbarara City,Ankole,2020-05,20.75,30.39,73.59,0.132,513,463,34,77,1,221300
Ankole|Mbarara District,Mbarara District,Ankole,2020-05,20.74,31.91,73.69,0.06,584,275,14,1,4,169400
Ankole|Mitooma District,Mitooma District,Ankole,2020-05,20.48,56.35,72.86,0.051,1327,627,53,4,0,194300
North Buganda|Mityana District,Mityana District,North Buganda,2020-05,20.9,119.28,86.87,0.21,6968,371,57,28,22,362500
Karamoja|Moroto District,Moroto District,Karamoja,2020-05,22.31,84.52,71.37,0.046,3102,459,294,11,232,118500
West Nile|Moyo District,Moyo District,West Nile,2020-05,25.07,159.94,74.67,0.135,10585,589,32,6,9,109500
South Buganda|Mpigi District,Mpigi District,South Buganda,2020-05,21.56,175.64,83.61,0.737,2876,400,68,19,0,286600
North Buganda|Mubende District,Mubende District,North Buganda,2020-05,20.9,91.66,81.39,0.056,8090,143,44,25,3,554800
North Buganda|Mukono District,Mukono District,North Buganda,2020-05,22.49,145.23,80.82,1.804,12263,906,50,17,13,701400
Karamoja|Nabilatuk District,Nabilatuk District,Karamoja,2020-05,22.36,130.94,77.67,0.045,2691,194,43,31,478,89700
Karamoja|Nakapiripirit District,Nakapiripirit District,Karamoja,2020-05,21.54,150.12,76.57,0.047,3747,362,10,12,574,113300
North Buganda|Nakaseke District,Nakaseke District,North Buganda,2020-05,21.94,100.87,83.44,0.045,5347,153,24,191,6,234600
North Buganda|Nakasongola District,Nakasongola District,North Buganda,2020-05,22.8,101.42,81.61,0.268,8273,435,20,32,0,215200
Busoga|Namayingo District,Namayingo District,Busoga,2020-05,23.28,144.95,76.54,2.909,14836,277,65,2,14,237000
Bugisu|Namisindwa District,Namisindwa District,Bugisu,2020-05,17.2,192.2,85.03,0.054,4112,87,19,5,0,231500
Busoga|Namutumba District,Namutumba District,Busoga,2020-05,22.14,169.01,84.54,0.041,4357,599,12,11,0,306500
Karamoja|Napak District,Napak District,Karamoja,2020-05,22.67,125.99,76.01,0.046,3895,340,80,31,395,158300
West Nile|Nebbi District,Nebbi District,West Nile,2020-05,25.01,79.4,67.71,0.032,11939,492,87,94,14,282600
Teso|Ngora District,Ngora District,Teso,2020-05,22.87,144.72,82.08,0.322,8768,235,10,14,4,165800
Tooro|Ntoroko District,Ntoroko District,Tooro,2020-05,25.23,92.53,71.29,0.463,412,42,10,1,3,76000
Ankole|Ntungamo District,Ntungamo District,Ankole,2020-05,20.57,43.14,70.42,0.055,2775,594,38,19,7,540800
Acholi|Nwoya District,Nwoya District,Acholi,2020-05,23.93,118.45,78.07,0.089,10224,220,21,20,16,236000
West Nile|Obongi District,Obongi District,West Nile,2020-05,25.77,144.59,74.62,0.249,6852,414,17,9,134,49100
Acholi|Omoro District,Omoro District,Acholi,2020-05,23.19,155.74,79.21,0.051,12570,210,16,2,2,196400
Lango|Otuke District,Otuke District,Lango,2020-05,22.9,135.93,79.51,0.044,2234,93,4,13,0,133500
Lango|Oyam District,Oyam District,Lango,2020-05,23.03,124.21,80.11,0.052,20197,590,36,81,78,453700
Acholi|Pader District,Pader District,Acholi,2020-05,23.53,174.03,78.25,0.05,14903,405,31,9,19,197300
West Nile|Pakwach District,Pakwach District,West Nile,2020-05,25.66,86.4,72.74,0.265,10843,149,31,20,1,196800
Bukedi|Pallisa District,Pallisa District,Bukedi,2020-05,22.67,169.29,82.67,0.345,2449,256,27,33,0,353400
South Buganda|Rakai District,Rakai District,South Buganda,2020-05,20.81,130.45,81.29,0.15,8557,675,125,15,7,317700
Kigezi|Rubanda District,Rubanda District,Kigezi,2020-05,17.78,62.55,76.84,0.133,145,417,19,14,2,208500
Ankole|Rubirizi District,Rubirizi District,Ankole,2020-05,22.83,61.76,75.39,0.848,1821,60,11,4,0,144100
Kigezi|Rukiga District,Rukiga District,Kigezi,2020-05,19.62,50.49,72.24,0.048,114,256,14,3,0,105400
Kigezi|Rukungiri District,Rukungiri District,Kigezi,2020-05,21.48,60.47,74.9,0.236,4001,792,71,50,13,333800
Ankole|Rwampara District,Rwampara District,Ankole,2020-05,20.29,32.52,74.29,0.053,346,155,7,1,0,144600
South Buganda|Sembabule District,Sembabule District,South Buganda,2020-05,20.88,85.34,81.02,0.048,3477,226,34,22,2,296100
Teso|Serere District,Serere District,Teso,2020-05,23.23,157,80.2,0.885,2824,190,38,25,0,359500
Ankole|Sheema District,Sheema District,Ankole,2020-05,20.32,32.26,75.17,0.059,178,140,12,29,1,220500
Bugisu|Sironko District,Sironko District,Bugisu,2020-05,17.85,177.67,84.6,0.055,4799,625,61,19,0,274300
Teso|Soroti City,Soroti City,Teso,2020-05,22.69,146.64,82.09,0.116,5118,178,31,26,0,69900
Teso|Soroti District,Soroti District,Teso,2020-05,22.73,158.56,82.02,0.158,7877,113,25,12,0,293700
West Nile|Terego District,Terego District,West Nile,2020-05,25.55,126.48,69.39,0.037,20386,690,46,21,168,233300
Bukedi|Tororo District,Tororo District,Bukedi,2020-05,21.32,176.66,82.26,0.041,6587,1239,109,37,15,597500
South Buganda|Wakiso District,Wakiso District,South Buganda,2020-05,21.78,166.9,83.55,1.14,17790,1526,445,45,30,2915200
West Nile|Yumbe District,Yumbe District,West Nile,2020-05,25.19,144.34,72.11,0.042,38430,1351,159,27,99,663600
West Nile|Zombo District,Zombo District,West Nile,2020-05,22.32,92.84,72.19,0.043,14888,1409,112,82,7,283100
Karamoja|Abim District,Abim District,Karamoja,2020-06,21.58,123.02,79.16,0.053,10197,148,54,13,298,153500
West Nile|Adjumani District,Adjumani District,West Nile,2020-06,24.16,150.99,76.82,0.093,25355,1321,128,54,83,235900
Acholi|Agago District,Agago District,Acholi,2020-06,21.97,138.59,79.58,0.051,32861,180,53,18,29,251200
Lango|Alebtong District,Alebtong District,Lango,2020-06,22.07,160.42,80.21,0.047,3063,180,8,19,0,266100
Lango|Amolatar District,Amolatar District,Lango,2020-06,23.25,90.43,76.8,1.567,2383,170,8,8,3,170100
Karamoja|Amudat District,Amudat District,Karamoja,2020-06,20.9,145.22,77.03,0.043,2989,391,2,5,286,134900
Teso|Amuria District,Amuria District,Teso,2020-06,21.83,135.41,81.6,0.045,14601,148,25,15,0,225000
Acholi|Amuru District,Amuru District,Acholi,2020-06,23.55,152.06,77.26,0.056,16360,171,22,1,60,216800
Lango|Apac District,Apac District,Lango,2020-06,22.66,99.53,78.47,0.177,12557,438,9,29,0,226600
West Nile|Arua City,Arua City,West Nile,2020-06,22.95,103.82,72.23,0.057,8526,334,63,49,39,361400
West Nile|Arua District,Arua District,West Nile,2020-06,24,110.1,67.94,0.047,5640,164,0,22,17,156300
Bukedi|Budaka District,Budaka District,Bukedi,2020-06,21.02,145.75,78.98,0.039,1823,333,31,17,5,253100
Bugisu|Bududa District,Bududa District,Bugisu,2020-06,13.6,205.81,85.8,0.047,1404,588,131,11,0,271100
Busoga|Bugiri District,Bugiri District,Busoga,2020-06,21.53,124.04,82.3,0.103,5144,368,11,28,15,480400
Busoga|Bugweri District,Bugweri District,Busoga,2020-06,21.51,103.49,82.76,0.06,10038,195,12,6,1,191600
Ankole|Buhweju District,Buhweju District,Ankole,2020-06,19.69,48.72,70.13,0.062,304,355,7,4,0,144100
North Buganda|Buikwe District,Buikwe District,North Buganda,2020-06,21.57,69.74,81.65,0.57,12685,681,64,28,15,474100
Teso|Bukedea District,Bukedea District,Teso,2020-06,20.98,178.81,79.25,0.046,7277,241,14,19,3,259300
South Buganda|Bukomansimbi District,Bukomansimbi District,South Buganda,2020-06,21,27.83,74.46,0.045,1971,236,31,,0,156600
Bugisu|Bukwo District,Bukwo District,Bugisu,2020-06,17.23,232.27,79.11,0.05,312,1238,92,3,0,119100
Bugisu|Bulambuli District,Bulambuli District,Bugisu,2020-06,18.29,199.04,79.17,0.047,3166,619,74,2,7,230600
Bunyoro|Buliisa District,Buliisa District,Bunyoro,2020-06,24.63,84.2,74.26,1.417,8429,212,8,13,8,149300
Tooro|Bundibugyo District,Bundibugyo District,Tooro,2020-06,20.42,97.86,73.43,0.082,11684,891,94,29,81,263800
Tooro|Bunyangabu District,Bunyangabu District,Tooro,2020-06,19.23,71.5,74.82,0.054,2824,291,58,10,0,195100
Ankole|Bushenyi District,Bushenyi District,Ankole,2020-06,20.54,49.82,68.24,0.068,1625,271,10,8,8,239600
Bukedi|Busia District,Busia District,Bukedi,2020-06,21.15,157.27,81.19,0.166,23583,521,28,54,32,384000
Bukedi|Butaleja District,Butaleja District,Bukedi,2020-06,21.17,146.61,79.59,0.04,2776,554,100,40,0,300500
South Buganda|Butambala District,Butambala District,South Buganda,2020-06,20.82,36.37,78.87,0.053,5580,284,16,20,7,107800
Bukedi|Butebo District,Butebo District,Bukedi,2020-06,21.42,168.54,79.41,0.04,2243,236,28,14,2,121200
North Buganda|Buvuma District,Buvuma District,North Buganda,2020-06,23.46,94.66,70.05,3.172,1991,235,42,,1,128900
Busoga|Buyende District,Buyende District,Busoga,2020-06,22.99,104.87,78.56,0.984,15584,726,38,12,14,414600
Lango|Dokolo District,Dokolo District,Lango,2020-06,22.36,129.32,79.08,0.32,7178,267,28,12,0,215500
Tooro|Fort Portal City,Fort Portal City,Tooro,2020-06,19.17,73.69,75.99,0.132,786,260,59,27,1,115600
South Buganda|Gomba District,Gomba District,South Buganda,2020-06,21.01,27.87,74.88,0.068,3290,130,4,11,0,173800
Acholi|Gulu City,Gulu City,Acholi,2020-06,22.47,149.98,78.91,0.156,7700,565,166,46,91,208100
Acholi|Gulu District,Gulu District,Acholi,2020-06,22.98,152.59,78.52,0.05,11329,64,13,5,39,117500
Bunyoro|Hoima City,Hoima City,Bunyoro,2020-06,22.2,78.17,78.25,0.113,1508,365,16,44,0,122700
Bunyoro|Hoima District,Hoima District,Bunyoro,2020-06,23.91,73.34,74.42,1.44,3791,118,25,3,4,251800
Ankole|Ibanda District,Ibanda District,Ankole,2020-06,21.78,50.03,64.84,0.052,12338,329,47,40,10,277300
Busoga|Iganga District,Iganga District,Busoga,2020-06,21.63,97.59,82.41,0.081,18912,811,54,66,41,402600
Ankole|Isingiro District,Isingiro District,Ankole,2020-06,20.9,13.01,66.61,0.081,31717,1491,56,77,171,596400
Busoga|Jinja City,Jinja City,Busoga,2020-06,21.37,66.7,84.85,0.828,7441,1222,55,52,0,269900
Busoga|Jinja District,Jinja District,Busoga,2020-06,21.35,64.95,84.33,0.128,15858,666,44,2,5,245200
Karamoja|Kaabong District,Kaabong District,Karamoja,2020-06,20.67,176.86,79.41,0.044,7783,353,39,19,800,125400
Kigezi|Kabale District,Kabale District,Kigezi,2020-06,18.23,14.11,66.86,0.166,262,651,34,19,27,248700
Tooro|Kabarole District,Kabarole District,Tooro,2020-06,21.08,73.52,73,0.06,1782,174,27,12,0,222200
Teso|Kaberamaido District,Kaberamaido District,Teso,2020-06,22.89,124.17,77.16,0.836,3296,25,5,8,0,132700
Bunyoro|Kagadi District,Kagadi District,Bunyoro,2020-06,22.65,88.44,73.88,0.345,5514,201,36,11,47,430200
Bunyoro|Kakumiro District,Kakumiro District,Bunyoro,2020-06,21.72,81.63,72.42,0.056,7260,329,32,10,12,473400
Teso|Kalaki District,Kalaki District,Teso,2020-06,22.44,139.45,79.17,0.404,2571,73,11,14,0,138700
South Buganda|Kalangala District,Kalangala District,South Buganda,2020-06,23.49,86.38,68.32,3.069,1490,56,32,,5,67200
Busoga|Kaliro District,Kaliro District,Busoga,2020-06,22.21,106.28,80.81,0.354,11886,683,56,8,11,288500
South Buganda|Kalungu District,Kalungu District,South Buganda,2020-06,21.2,38.82,76.21,0.215,3034,263,48,14,1,184700
Kampala|Kampala District,Kampala District,Kampala,2020-06,20.93,43.16,82.18,2.368,11240,2107,733,443,18,1680600
Busoga|Kamuli District,Kamuli District,Busoga,2020-06,21.78,84.04,83.43,0.1,37938,1609,119,53,20,558500
Tooro|Kamwenge District,Kamwenge District,Tooro,2020-06,21.55,52.8,67.49,0.055,13864,1344,33,35,150,335200
Kigezi|Kanungu District,Kanungu District,Kigezi,2020-06,20.69,69.38,73.61,0.191,8006,592,50,29,33,222200
Bugisu|Kapchorwa District,Kapchorwa District,Bugisu,2020-06,17.4,218.09,79.64,0.052,480,553,7,8,0,123800
Teso|Kapelebyong District,Kapelebyong District,Teso,2020-06,21.92,129.38,80.65,0.046,9137,105,13,10,0,103800
Karamoja|Karenga District,Karenga District,Karamoja,2020-06,20.61,156.35,80.23,0.046,2450,475,31,,240,68500
Tooro|Kasese District,Kasese District,Tooro,2020-06,20.66,65.48,69.44,0.434,17834,1953,264,126,22,793200
North Buganda|Kassanda District,Kassanda District,North Buganda,2020-06,20.89,33.67,77.07,0.141,5331,76,32,18,7,312700
Teso|Katakwi District,Katakwi District,Teso,2020-06,22.06,139.8,79.83,0.199,15833,308,17,15,55,194600
North Buganda|Kayunga District,Kayunga District,North Buganda,2020-06,21.87,79.65,82.99,0.335,19818,798,15,15,4,407700
Ankole|Kazo District,Kazo District,Ankole,2020-06,22.04,33.97,64.52,0.048,4906,146,15,,0,217600
Bunyoro|Kibaale District,Kibaale District,Bunyoro,2020-06,21.66,88.76,69.81,0.064,3060,79,20,4,2,198200
North Buganda|Kiboga District,Kiboga District,North Buganda,2020-06,21.65,50.4,76.56,0.049,5373,413,22,17,13,171200
Bukedi|Kibuku District,Kibuku District,Bukedi,2020-06,21.73,126.47,80.29,0.068,666,282,25,11,0,250600
Bunyoro|Kikuube District,Kikuube District,Bunyoro,2020-06,23.47,77.87,74.69,1.1,12623,625,126,40,156,358700
Ankole|Kiruhura District,Kiruhura District,Ankole,2020-06,21.35,24.34,67.06,0.088,2175,270,10,54,2,185700
Bunyoro|Kiryandongo District,Kiryandongo District,Bunyoro,2020-06,22.59,116.82,78.67,0.071,14264,1068,50,52,107,313800
Kigezi|Kisoro District,Kisoro District,Kigezi,2020-06,17,53.02,73.06,0.153,586,428,67,21,28,315400
Tooro|Kitagwenda District,Kitagwenda District,Tooro,2020-06,22.35,58.34,62.57,0.326,4640,157,5,,1,178300
Acholi|Kitgum District,Kitgum District,Acholi,2020-06,21.97,149.36,77.58,0.053,18429,334,74,32,20,223600
West Nile|Koboko District,Koboko District,West Nile,2020-06,23.25,123.57,74.93,0.051,18136,334,41,31,87,258000
Lango|Kole District,Kole District,Lango,2020-06,22.31,140.01,78.68,0.049,12778,240,0,24,3,284300
Karamoja|Kotido District,Kotido District,Karamoja,2020-06,21.15,134.71,78.54,0.043,8496,874,393,33,1098,206500
Teso|Kumi District,Kumi District,Teso,2020-06,22.06,170.29,79.19,0.259,15413,142,21,87,8,284800
Lango|Kwania District,Kwania District,Lango,2020-06,22.72,114.09,78.61,0.508,6104,352,24,18,0,216600
Bugisu|Kween District,Kween District,Bugisu,2020-06,19.74,193.43,76.81,0.045,1114,554,5,4,0,109500
North Buganda|Kyankwanzi District,Kyankwanzi District,North Buganda,2020-06,22.09,60.2,73.55,0.052,3678,163,8,7,0,282800
Tooro|Kyegegwa District,Kyegegwa District,Tooro,2020-06,21.56,50.15,66.77,0.054,15682,689,71,15,213,441000
Tooro|Kyenjojo District,Kyenjojo District,Tooro,2020-06,21.24,72.56,73.06,0.056,6346,2090,65,23,42,525400
South Buganda|Kyotera District,Kyotera District,South Buganda,2020-06,22.22,31.19,71.55,0.982,11511,678,60,7,1,261000
Acholi|Lamwo District,Lamwo District,Acholi,2020-06,22.5,157.46,77.96,0.057,27605,980,31,24,108,143800
Lango|Lira City,Lira City,Lango,2020-06,22.16,145.76,78.79,0.156,3950,264,86,81,35,243200
Lango|Lira District,Lira District,Lango,2020-06,22.28,144.37,79.13,0.046,9231,223,64,15,3,235300
Busoga|Luuka District,Luuka District,Busoga,2020-06,21.77,86.4,82.5,0.047,21737,533,52,13,5,267100
North Buganda|Luwero District,Luwero District,North Buganda,2020-06,20.99,73.85,85.03,0.067,11769,660,76,34,35,523600
South Buganda|Lwengo District,Lwengo District,South Buganda,2020-06,20.93,19.69,72.35,0.057,6137,240,19,1,0,290500
South Buganda|Lyantonde District,Lyantonde District,South Buganda,2020-06,21.1,21.07,70.48,0.045,2961,204,14,4,0,110500
West Nile|Madi-Okollo District,Madi-Okollo District,West Nile,2020-06,25.42,104.89,66.7,0.099,13042,297,27,25,27,164200
Bugisu|Manafwa District,Manafwa District,Bugisu,2020-06,18.74,178.17,82.99,0.042,5250,515,128,6,0,175200
West Nile|Maracha District,Maracha District,West Nile,2020-06,22.87,119.68,74.06,0.035,16306,617,7,15,10,208300
South Buganda|Masaka City,Masaka City,South Buganda,2020-06,21.16,36.8,75.49,0.161,1639,270,21,43,8,224700
South Buganda|Masaka District,Masaka District,South Buganda,2020-06,22.49,55.89,72.06,1.847,1800,228,10,,0,120400
Bunyoro|Masindi District,Masindi District,Bunyoro,2020-06,22.67,90.93,77.22,0.057,8372,1136,20,25,10,340500
Busoga|Mayuge District,Mayuge District,Busoga,2020-06,22.76,88.15,75.15,2.23,21726,319,66,29,20,565100
Bugisu|Mbale City,Mbale City,Bugisu,2020-06,19.79,188.92,81.5,0.07,5455,693,58,55,2,319600
Bugisu|Mbale District,Mbale District,Bugisu,2020-06,19.32,182.55,82.14,0.043,8358,1301,21,11,1,266700
Ankole|Mbarara City,Mbarara City,Ankole,2020-06,20.92,18.43,64.73,0.126,652,519,83,42,0,221300
Ankole|Mbarara District,Mbarara District,Ankole,2020-06,21.02,26.37,64.72,0.054,627,265,14,,2,169400
Ankole|Mitooma District,Mitooma District,Ankole,2020-06,20.76,52.74,64.2,0.048,2181,412,48,2,0,194300
North Buganda|Mityana District,Mityana District,North Buganda,2020-06,20.76,35.21,80.68,0.214,7382,551,51,24,7,362500
Karamoja|Moroto District,Moroto District,Karamoja,2020-06,20.71,133.16,78.59,0.04,4339,372,77,5,338,118500
West Nile|Moyo District,Moyo District,West Nile,2020-06,24.01,143.06,76.35,0.136,13288,604,10,12,9,109500
South Buganda|Mpigi District,Mpigi District,South Buganda,2020-06,21.48,55.02,77.1,0.741,3129,501,28,23,2,286600
North Buganda|Mubende District,Mubende District,North Buganda,2020-06,21.11,44.31,72.36,0.059,6651,165,73,16,10,554800
North Buganda|Mukono District,Mukono District,North Buganda,2020-06,22.39,76.66,75.68,1.807,13050,2104,49,30,0,701400
Karamoja|Nabilatuk District,Nabilatuk District,Karamoja,2020-06,21.5,128.45,77.3,0.042,3686,265,162,30,576,89700
Karamoja|Nakapiripirit District,Nakapiripirit District,Karamoja,2020-06,20.74,155.35,76.03,0.045,5288,374,18,8,1155,113300
North Buganda|Nakaseke District,Nakaseke District,North Buganda,2020-06,21.62,58.38,79.87,0.05,5164,159,39,9,5,234600
North Buganda|Nakasongola District,Nakasongola District,North Buganda,2020-06,22.41,69.29,79.34,0.273,6696,406,16,3,0,215200
Busoga|Namayingo District,Namayingo District,Busoga,2020-06,23.12,86.23,72.58,2.909,16297,395,91,8,14,237000
Bugisu|Namisindwa District,Namisindwa District,Bugisu,2020-06,16.24,182.04,85.32,0.046,3825,116,4,10,0,231500
Busoga|Namutumba District,Namutumba District,Busoga,2020-06,21.79,123.7,81.61,0.041,4391,678,21,16,3,306500
Karamoja|Napak District,Napak District,Karamoja,2020-06,21.54,123.85,78.46,0.044,9230,642,87,36,440,158300
West Nile|Nebbi District,Nebbi District,West Nile,2020-06,24.46,89.92,66.9,0.036,15156,662,78,85,26,282600
Teso|Ngora District,Ngora District,Teso,2020-06,22.29,150.48,80.89,0.323,9523,797,46,25,7,165800
Tooro|Ntoroko District,Ntoroko District,Tooro,2020-06,24.84,82.11,68.57,0.464,436,60,2,,5,76000
Ankole|Ntungamo District,Ntungamo District,Ankole,2020-06,20.88,15.82,60.32,0.048,3732,879,30,22,4,540800
Acholi|Nwoya District,Nwoya District,Acholi,2020-06,23.47,123.06,75.97,0.091,11921,273,25,56,29,236000
West Nile|Obongi District,Obongi District,West Nile,2020-06,24.99,129.65,74.7,0.255,10115,462,18,15,88,49100
Acholi|Omoro District,Omoro District,Acholi,2020-06,22.41,147.82,79.04,0.055,17058,277,20,8,3,196400
Lango|Otuke District,Otuke District,Lango,2020-06,22.04,145.6,79.62,0.046,3538,160,7,6,3,133500
Lango|Oyam District,Oyam District,Lango,2020-06,22.33,127.32,79.04,0.059,24570,513,38,92,65,453700
Acholi|Pader District,Pader District,Acholi,2020-06,22.62,145.5,78.91,0.051,24131,225,23,9,11,197300
West Nile|Pakwach District,Pakwach District,West Nile,2020-06,25.42,79.46,69.88,0.267,11094,214,37,21,2,196800
Bukedi|Pallisa District,Pallisa District,Bukedi,2020-06,22.22,151.63,80.53,0.345,2795,349,38,13,0,353400
South Buganda|Rakai District,Rakai District,South Buganda,2020-06,20.73,15.15,73.58,0.147,11911,926,37,20,10,317700
Kigezi|Rubanda District,Rubanda District,Kigezi,2020-06,17.4,42.04,71.03,0.126,217,499,12,12,4,208500
Ankole|Rubirizi District,Rubirizi District,Ankole,2020-06,23.12,60.68,67.38,0.844,2703,75,28,1,0,144100
Kigezi|Rukiga District,Rukiga District,Kigezi,2020-06,19.79,18.27,63.02,0.043,97,329,11,2,0,105400
Kigezi|Rukungiri District,Rukungiri District,Kigezi,2020-06,21.54,52.83,68.25,0.232,4690,1021,50,40,7,333800
Ankole|Rwampara District,Rwampara District,Ankole,2020-06,20.37,37.3,65.81,0.049,504,318,35,9,8,144600
South Buganda|Sembabule District,Sembabule District,South Buganda,2020-06,21.38,24.1,69.84,0.045,5403,407,63,5,0,296100
Teso|Serere District,Serere District,Teso,2020-06,22.82,130.69,77.39,0.887,4636,224,20,26,0,359500
Ankole|Sheema District,Sheema District,Ankole,2020-06,20.54,29.61,66.86,0.056,210,236,24,3,3,220500
Bugisu|Sironko District,Sironko District,Bugisu,2020-06,17.13,216.35,83.48,0.049,5582,583,43,11,2,274300
Teso|Soroti City,Soroti City,Teso,2020-06,22.04,136.59,80.71,0.118,5674,199,32,20,0,69900
Teso|Soroti District,Soroti District,Teso,2020-06,22.07,133.87,80.73,0.16,9611,128,15,20,0,293700
West Nile|Terego District,Terego District,West Nile,2020-06,24.92,107.98,68.65,0.043,22410,416,13,27,112,233300
Bukedi|Tororo District,Tororo District,Bukedi,2020-06,20.71,171.06,79.3,0.039,7394,1175,97,37,10,597500
South Buganda|Wakiso District,Wakiso District,South Buganda,2020-06,21.59,70.17,78.76,1.144,16629,1414,427,46,13,2915200
West Nile|Yumbe District,Yumbe District,West Nile,2020-06,24.35,120.67,72.84,0.049,50709,1882,135,25,108,663600
West Nile|Zombo District,Zombo District,West Nile,2020-06,21.3,137.31,74.38,0.049,13229,659,73,90,0,283100
Karamoja|Abim District,Abim District,Karamoja,2020-07,20.93,156.09,79.01,0.047,10936,156,45,19,325,153500
West Nile|Adjumani District,Adjumani District,West Nile,2020-07,23.23,179.17,79.77,0.09,31247,1971,57,24,305,235900
Acholi|Agago District,Agago District,Acholi,2020-07,21.32,171.39,79.55,0.048,40045,216,115,65,43,251200
Lango|Alebtong District,Alebtong District,Lango,2020-07,21.51,186.4,79.93,0.043,3436,227,9,15,6,266100
Lango|Amolatar District,Amolatar District,Lango,2020-07,22.68,114.43,76.19,1.564,1624,209,7,5,9,170100
Karamoja|Amudat District,Amudat District,Karamoja,2020-07,19.89,179.6,81.03,0.038,2771,505,15,1,252,134900
Teso|Amuria District,Amuria District,Teso,2020-07,21.29,179.12,80.97,0.042,10428,123,14,43,0,225000
Acholi|Amuru District,Amuru District,Acholi,2020-07,22.7,180.68,79.68,0.054,20466,214,18,10,36,216800
Lango|Apac District,Apac District,Lango,2020-07,22.09,104.7,78.38,0.171,13432,736,23,30,0,226600
West Nile|Arua City,Arua City,West Nile,2020-07,21.62,179.1,77.69,0.058,8861,431,69,88,39,361400
West Nile|Arua District,Arua District,West Nile,2020-07,22.63,171.35,73.59,0.045,4337,60,2,20,13,156300
Bukedi|Budaka District,Budaka District,Bukedi,2020-07,20.75,138.55,76.73,0.035,1606,330,40,12,6,253100
Bugisu|Bududa District,Bududa District,Bugisu,2020-07,13.26,220.51,84.46,0.045,1186,910,116,6,0,271100
Busoga|Bugiri District,Bugiri District,Busoga,2020-07,21.22,84.41,79.26,0.098,4055,481,16,28,19,480400
Busoga|Bugweri District,Bugweri District,Busoga,2020-07,21.16,74.96,79.87,0.056,7354,70,13,8,0,191600
Ankole|Buhweju District,Buhweju District,Ankole,2020-07,19.8,11.97,64.18,0.062,363,249,9,2,2,144100
North Buganda|Buikwe District,Buikwe District,North Buganda,2020-07,21.26,65.35,79.37,0.571,11151,864,65,42,8,474100
Teso|Bukedea District,Bukedea District,Teso,2020-07,20.53,194.28,78.35,0.043,4382,67,16,33,0,259300
South Buganda|Bukomansimbi District,Bukomansimbi District,South Buganda,2020-07,21.26,79.21,68.14,0.039,1607,213,13,3,0,156600
Bugisu|Bukwo District,Bukwo District,Bugisu,2020-07,16.38,294.98,82.96,0.045,240,963,101,2,0,119100
Bugisu|Bulambuli District,Bulambuli District,Bugisu,2020-07,17.7,231.93,80.24,0.042,2269,742,59,5,0,230600
Bunyoro|Buliisa District,Buliisa District,Bunyoro,2020-07,24.09,104.04,74.76,1.413,6864,226,8,6,6,149300
Tooro|Bundibugyo District,Bundibugyo District,Tooro,2020-07,19.44,59.2,79.47,0.078,10149,720,207,27,99,263800
Tooro|Bunyangabu District,Bunyangabu District,Tooro,2020-07,18.91,29.39,74.35,0.049,3516,253,85,7,1,195100
Ankole|Bushenyi District,Bushenyi District,Ankole,2020-07,20.94,9.57,60.44,0.066,1956,374,17,24,5,239600
Bukedi|Busia District,Busia District,Bukedi,2020-07,20.86,96.58,78.82,0.163,18429,310,21,52,8,384000
Bukedi|Butaleja District,Butaleja District,Bukedi,2020-07,20.94,111.38,76.86,0.039,2798,424,138,52,1,300500
South Buganda|Butambala District,Butambala District,South Buganda,2020-07,20.88,76.66,73.54,0.052,2460,346,21,22,1,107800
Bukedi|Butebo District,Butebo District,Bukedi,2020-07,21.08,154.54,77.73,0.037,1655,112,14,10,0,121200
North Buganda|Buvuma District,Buvuma District,North Buganda,2020-07,23.04,93.05,68.74,3.172,1920,321,52,,1,128900
Busoga|Buyende District,Buyende District,Busoga,2020-07,22.53,106.83,77.19,0.984,9475,519,46,7,14,414600
Lango|Dokolo District,Dokolo District,Lango,2020-07,21.81,126.02,78.72,0.312,8375,279,40,18,0,215500
Tooro|Fort Portal City,Fort Portal City,Tooro,2020-07,18.55,38.73,79.95,0.127,762,413,66,24,4,115600
South Buganda|Gomba District,Gomba District,South Buganda,2020-07,21.19,60.74,68.71,0.063,2541,157,5,5,0,173800
Acholi|Gulu City,Gulu City,Acholi,2020-07,21.72,198.16,80.26,0.155,7307,484,139,75,17,208100
Acholi|Gulu District,Gulu District,Acholi,2020-07,22.17,189.1,80.32,0.046,12797,71,10,13,41,117500
Bunyoro|Hoima City,Hoima City,Bunyoro,2020-07,21.81,114.77,78.37,0.105,1651,314,49,26,3,122700
Bunyoro|Hoima District,Hoima District,Bunyoro,2020-07,23.34,97.21,75.3,1.435,4100,95,42,4,0,251800
Ankole|Ibanda District,Ibanda District,Ankole,2020-07,22.1,13.87,57.7,0.05,11443,451,65,15,32,277300
Busoga|Iganga District,Iganga District,Busoga,2020-07,21.31,75.33,79.79,0.078,14772,1064,39,47,13,402600
Ankole|Isingiro District,Isingiro District,Ankole,2020-07,21.19,17.46,58.55,0.074,21706,1925,74,45,208,596400
Busoga|Jinja City,Jinja City,Busoga,2020-07,21.06,50.77,82.1,0.826,6536,716,81,60,1,269900
Busoga|Jinja District,Jinja District,Busoga,2020-07,21.08,53.32,81.42,0.125,10719,636,40,4,7,245200
Karamoja|Kaabong District,Kaabong District,Karamoja,2020-07,19.76,104.25,82.37,0.042,8769,626,56,19,978,125400
Kigezi|Kabale District,Kabale District,Kigezi,2020-07,18.69,3.41,58.34,0.16,311,569,55,12,5,248700
Tooro|Kabarole District,Kabarole District,Tooro,2020-07,20.63,37.37,74.5,0.056,1844,247,18,14,0,222200
Teso|Kaberamaido District,Kaberamaido District,Teso,2020-07,22.33,124.02,76.33,0.833,2683,71,7,7,0,132700
Bunyoro|Kagadi District,Kagadi District,Bunyoro,2020-07,22.26,66.55,74.39,0.339,7428,176,23,45,21,430200
Bunyoro|Kakumiro District,Kakumiro District,Bunyoro,2020-07,21.75,85.48,68.56,0.052,5209,321,24,6,12,473400
Teso|Kalaki District,Kalaki District,Teso,2020-07,21.9,144,78.32,0.403,2087,65,11,9,0,138700
South Buganda|Kalangala District,Kalangala District,South Buganda,2020-07,23.03,152.7,67.2,3.07,1439,61,27,1,6,67200
Busoga|Kaliro District,Kaliro District,Busoga,2020-07,21.81,103.75,79.05,0.353,7488,415,72,16,2,288500
South Buganda|Kalungu District,Kalungu District,South Buganda,2020-07,21.25,100.97,71.35,0.212,2237,355,25,5,0,184700
Kampala|Kampala District,Kampala District,Kampala,2020-07,20.73,59.39,79.63,2.369,11619,1404,619,392,20,1680600
Busoga|Kamuli District,Kamuli District,Busoga,2020-07,21.52,91.82,81.03,0.099,21513,1272,88,30,41,558500
Tooro|Kamwenge District,Kamwenge District,Tooro,2020-07,21.6,27.73,63.35,0.053,15660,1435,56,25,151,335200
Kigezi|Kanungu District,Kanungu District,Kigezi,2020-07,20.42,12.33,72.45,0.188,6258,596,50,34,28,222200
Bugisu|Kapchorwa District,Kapchorwa District,Bugisu,2020-07,16.77,266.36,81.63,0.046,500,550,8,15,0,123800
Teso|Kapelebyong District,Kapelebyong District,Teso,2020-07,21.34,180.4,80.13,0.042,8063,140,11,4,0,103800
Karamoja|Karenga District,Karenga District,Karamoja,2020-07,19.77,124.14,82.14,0.043,2176,513,9,7,188,68500
Tooro|Kasese District,Kasese District,Tooro,2020-07,20.72,17.58,64.02,0.429,23775,2371,367,141,42,793200
North Buganda|Kassanda District,Kassanda District,North Buganda,2020-07,20.84,66.65,72.37,0.138,6894,137,15,22,0,312700
Teso|Katakwi District,Katakwi District,Teso,2020-07,21.52,177.82,79.49,0.196,13550,267,24,16,1,194600
North Buganda|Kayunga District,Kayunga District,North Buganda,2020-07,21.63,96.35,80.49,0.334,16179,819,14,29,2,407700
Ankole|Kazo District,Kazo District,Ankole,2020-07,22.48,14.69,56.48,0.044,4120,210,39,1,0,217600
Bunyoro|Kibaale District,Kibaale District,Bunyoro,2020-07,21.73,75.88,65.98,0.058,3108,78,20,5,13,198200
North Buganda|Kiboga District,Kiboga District,North Buganda,2020-07,21.78,119.94,70.57,0.047,4852,582,18,26,11,171200
Bukedi|Kibuku District,Kibuku District,Bukedi,2020-07,21.4,129.99,78.27,0.066,622,269,34,5,0,250600
Bunyoro|Kikuube District,Kikuube District,Bunyoro,2020-07,22.9,71.72,75.8,1.095,13343,758,67,25,380,358700
Ankole|Kiruhura District,Kiruhura District,Ankole,2020-07,21.66,18.38,59.24,0.08,1434,164,11,1,0,185700
Bunyoro|Kiryandongo District,Kiryandongo District,Bunyoro,2020-07,22.09,140.43,78.85,0.065,12301,1035,40,62,212,313800
Kigezi|Kisoro District,Kisoro District,Kigezi,2020-07,16.92,7.34,69.41,0.15,517,650,129,38,30,315400
Tooro|Kitagwenda District,Kitagwenda District,Tooro,2020-07,22.5,16.05,57.13,0.323,4219,208,6,5,0,178300
Acholi|Kitgum District,Kitgum District,Acholi,2020-07,21.2,163.46,78.73,0.05,25705,356,76,29,33,223600
West Nile|Koboko District,Koboko District,West Nile,2020-07,21.88,173.79,80.47,0.049,16365,348,25,40,60,258000
Lango|Kole District,Kole District,Lango,2020-07,21.69,140.97,78.86,0.043,13664,379,3,37,16,284300
Karamoja|Kotido District,Kotido District,Karamoja,2020-07,20.37,135.79,79.77,0.041,9312,957,421,20,1141,206500
Teso|Kumi District,Kumi District,Teso,2020-07,21.56,181.38,78.52,0.256,13434,380,114,41,6,284800
Lango|Kwania District,Kwania District,Lango,2020-07,22.09,101.98,78.64,0.503,13056,849,15,27,0,216600
Bugisu|Kween District,Kween District,Bugisu,2020-07,18.88,230.7,80.47,0.041,1310,531,11,2,0,109500
North Buganda|Kyankwanzi District,Kyankwanzi District,North Buganda,2020-07,22.16,105.85,68.96,0.045,3693,157,15,16,12,282800
Tooro|Kyegegwa District,Kyegegwa District,Tooro,2020-07,21.91,41.34,60.45,0.047,13901,472,84,14,188,441000
Tooro|Kyenjojo District,Kyenjojo District,Tooro,2020-07,21.05,46.87,72.46,0.052,7870,2814,76,69,9,525400
South Buganda|Kyotera District,Kyotera District,South Buganda,2020-07,22.1,87.16,67.54,0.981,7430,735,76,16,0,261000
Acholi|Lamwo District,Lamwo District,Acholi,2020-07,21.74,168.67,79.01,0.052,28962,938,39,14,151,143800
Lango|Lira City,Lira City,Lango,2020-07,21.58,140.32,78.73,0.149,4516,253,83,47,3,243200
Lango|Lira District,Lira District,Lango,2020-07,21.73,154.79,79.05,0.04,8644,265,25,13,5,235300
Busoga|Luuka District,Luuka District,Busoga,2020-07,21.47,74.67,79.98,0.046,16147,511,21,10,6,267100
North Buganda|Luwero District,Luwero District,North Buganda,2020-07,20.84,89.5,81.66,0.068,17607,1160,102,39,10,523600
South Buganda|Lwengo District,Lwengo District,South Buganda,2020-07,21.27,65.94,65.24,0.051,4409,245,34,9,0,290500
South Buganda|Lyantonde District,Lyantonde District,South Buganda,2020-07,21.52,35.79,62.39,0.035,1977,193,20,6,0,110500
West Nile|Madi-Okollo District,Madi-Okollo District,West Nile,2020-07,24.28,155.95,70.81,0.1,13974,331,28,18,49,164200
Bugisu|Manafwa District,Manafwa District,Bugisu,2020-07,18.6,165.05,79.61,0.04,4415,365,34,3,0,175200
West Nile|Maracha District,Maracha District,West Nile,2020-07,21.57,196.83,79.02,0.036,15133,646,6,38,15,208300
South Buganda|Masaka City,Masaka City,South Buganda,2020-07,21.21,115.19,70.53,0.159,1778,267,23,21,3,224700
South Buganda|Masaka District,Masaka District,South Buganda,2020-07,22.18,139.89,69.73,1.847,1407,158,8,23,1,120400
Bunyoro|Masindi District,Masindi District,Bunyoro,2020-07,22.31,149.56,76.44,0.051,7284,507,56,18,4,340500
Busoga|Mayuge District,Mayuge District,Busoga,2020-07,22.37,60.35,73.2,2.23,18649,481,112,19,31,565100
Bugisu|Mbale City,Mbale City,Bugisu,2020-07,19.65,201.64,78.7,0.066,5388,713,68,8,1,319600
Bugisu|Mbale District,Mbale District,Bugisu,2020-07,19.18,179.02,78.94,0.041,6648,922,6,5,0,266700
Ankole|Mbarara City,Mbarara City,Ankole,2020-07,21.14,13.71,57.51,0.119,736,553,115,63,0,221300
Ankole|Mbarara District,Mbarara District,Ankole,2020-07,21.23,11.75,57.64,0.049,523,306,22,1,0,169400
Ankole|Mitooma District,Mitooma District,Ankole,2020-07,21.13,10.04,57.36,0.043,2060,878,53,5,0,194300
North Buganda|Mityana District,Mityana District,North Buganda,2020-07,20.6,61.01,76.66,0.214,9431,651,67,13,8,362500
Karamoja|Moroto District,Moroto District,Karamoja,2020-07,19.83,105.71,81.44,0.036,4828,421,50,12,501,118500
West Nile|Moyo District,Moyo District,West Nile,2020-07,23,168.57,79.86,0.133,10663,691,17,4,6,109500
South Buganda|Mpigi District,Mpigi District,South Buganda,2020-07,21.34,103.85,73.45,0.742,2489,518,74,34,0,286600
North Buganda|Mubende District,Mubende District,North Buganda,2020-07,21.28,51.72,66.7,0.053,11399,166,79,28,0,554800
North Buganda|Mukono District,Mukono District,North Buganda,2020-07,22.06,91.81,73.96,1.808,11114,1268,53,16,16,701400
Karamoja|Nabilatuk District,Nabilatuk District,Karamoja,2020-07,20.77,171.88,79.01,0.038,3627,629,24,29,687,89700
Karamoja|Nakapiripirit District,Nakapiripirit District,Karamoja,2020-07,19.93,181.57,78.52,0.04,4777,481,31,11,711,113300
North Buganda|Nakaseke District,Nakaseke District,North Buganda,2020-07,21.48,110.15,76.22,0.047,8056,250,86,13,0,234600
North Buganda|Nakasongola District,Nakasongola District,North Buganda,2020-07,22.12,111.34,77.27,0.269,13460,741,25,6,3,215200
Busoga|Namayingo District,Namayingo District,Busoga,2020-07,22.74,60.36,70.79,2.908,14549,256,73,10,12,237000
Bugisu|Namisindwa District,Namisindwa District,Bugisu,2020-07,15.99,185.03,82.92,0.045,2266,133,10,19,0,231500
Busoga|Namutumba District,Namutumba District,Busoga,2020-07,21.45,97.78,79.15,0.04,3436,639,13,10,2,306500
Karamoja|Napak District,Napak District,Karamoja,2020-07,20.8,142.28,79.79,0.04,8839,562,47,40,535,158300
West Nile|Nebbi District,Nebbi District,West Nile,2020-07,23.45,127.78,70.31,0.036,16466,614,186,87,5,282600
Teso|Ngora District,Ngora District,Teso,2020-07,21.78,155.39,80.09,0.319,6926,218,18,24,0,165800
Tooro|Ntoroko District,Ntoroko District,Tooro,2020-07,24,51,72.13,0.457,601,48,10,2,7,76000
Ankole|Ntungamo District,Ntungamo District,Ankole,2020-07,21.17,10.08,53.01,0.043,3595,1176,20,14,5,540800
Acholi|Nwoya District,Nwoya District,Acholi,2020-07,22.84,160.48,77.05,0.086,10824,292,28,29,18,236000
West Nile|Obongi District,Obongi District,West Nile,2020-07,23.99,176.08,77.96,0.251,9501,763,34,10,52,49100
Acholi|Omoro District,Omoro District,Acholi,2020-07,21.75,177.41,79.8,0.049,16832,361,28,9,49,196400
Lango|Otuke District,Otuke District,Lango,2020-07,21.46,186.56,79.37,0.042,4453,144,10,10,0,133500
Lango|Oyam District,Oyam District,Lango,2020-07,21.69,145.74,79.58,0.051,26874,659,13,92,116,453700
Acholi|Pader District,Pader District,Acholi,2020-07,21.96,186.87,79.58,0.048,27649,480,33,11,42,197300
West Nile|Pakwach District,Pakwach District,West Nile,2020-07,24.75,121.75,70.99,0.267,10151,193,66,18,4,196800
Bukedi|Pallisa District,Pallisa District,Bukedi,2020-07,21.79,129.35,79.2,0.342,1832,322,39,16,5,353400
South Buganda|Rakai District,Rakai District,South Buganda,2020-07,20.94,45.98,66.53,0.14,10289,960,54,31,0,317700
Kigezi|Rubanda District,Rubanda District,Kigezi,2020-07,17.45,3.54,66.16,0.124,186,503,11,10,3,208500
Ankole|Rubirizi District,Rubirizi District,Ankole,2020-07,23.54,13.77,59.72,0.84,1959,107,26,,0,144100
Kigezi|Rukiga District,Rukiga District,Kigezi,2020-07,20.14,3.78,55.7,0.037,108,436,19,3,0,105400
Kigezi|Rukungiri District,Rukungiri District,Kigezi,2020-07,21.57,10.9,64.35,0.228,4377,1359,98,33,8,333800
Ankole|Rwampara District,Rwampara District,Ankole,2020-07,20.52,24.21,58.94,0.045,481,346,16,2,5,144600
South Buganda|Sembabule District,Sembabule District,South Buganda,2020-07,21.89,41.72,61.76,0.037,3248,416,79,9,0,296100
Teso|Serere District,Serere District,Teso,2020-07,22.3,124.15,76.21,0.885,3375,221,15,39,1,359500
Ankole|Sheema District,Sheema District,Ankole,2020-07,20.61,11.54,60.89,0.053,269,312,14,20,2,220500
Bugisu|Sironko District,Sironko District,Bugisu,2020-07,16.8,244.11,82.34,0.047,5357,583,45,9,3,274300
Teso|Soroti City,Soroti City,Teso,2020-07,21.55,160.72,79.85,0.115,5839,268,59,51,0,69900
Teso|Soroti District,Soroti District,Teso,2020-07,21.55,163.34,79.95,0.157,7266,83,12,34,0,293700
West Nile|Terego District,Terego District,West Nile,2020-07,23.73,183.89,73.07,0.044,23174,745,47,59,60,233300
Bukedi|Tororo District,Tororo District,Bukedi,2020-07,20.49,115.87,76.59,0.038,6352,1595,54,59,10,597500
South Buganda|Wakiso District,Wakiso District,South Buganda,2020-07,21.28,90.09,76.72,1.145,16397,1155,421,72,9,2915200
West Nile|Yumbe District,Yumbe District,West Nile,2020-07,23.16,176.1,77.42,0.048,47704,1452,245,23,105,663600
West Nile|Zombo District,Zombo District,West Nile,2020-07,20.19,161.37,79.54,0.044,9913,1117,31,55,36,283100
Karamoja|Abim District,Abim District,Karamoja,2020-08,21.61,221.69,77.3,0.054,10677,369,25,8,307,153500
West Nile|Adjumani District,Adjumani District,West Nile,2020-08,23.77,171.09,79.69,0.096,38575,2288,162,31,155,235900
Acholi|Agago District,Agago District,Acholi,2020-08,21.97,204.67,78.27,0.058,37163,190,44,51,48,251200
Lango|Alebtong District,Alebtong District,Lango,2020-08,22.14,244.75,79.29,0.05,2839,142,13,24,5,266100
Lango|Amolatar District,Amolatar District,Lango,2020-08,23.21,139.1,77.11,1.564,2494,324,15,10,1,170100
Karamoja|Amudat District,Amudat District,Karamoja,2020-08,20.28,249.78,80.21,0.048,3011,504,21,8,499,134900
Teso|Amuria District,Amuria District,Teso,2020-08,21.9,274.53,80.53,0.047,11900,158,15,30,0,225000
Acholi|Amuru District,Amuru District,Acholi,2020-08,23.22,188.62,80.08,0.06,17590,292,35,10,13,216800
Lango|Apac District,Apac District,Lango,2020-08,22.65,153.51,78.53,0.176,8564,706,19,20,0,226600
West Nile|Arua City,Arua City,West Nile,2020-08,21.97,192.69,78.97,0.06,7340,358,72,22,33,361400
West Nile|Arua District,Arua District,West Nile,2020-08,22.87,189.62,75.5,0.046,3181,66,0,37,13,156300
Bukedi|Budaka District,Budaka District,Bukedi,2020-08,21.49,221.35,75.3,0.037,1898,268,36,7,0,253100
Bugisu|Bududa District,Bududa District,Bugisu,2020-08,13.83,326.6,83.85,0.046,1206,914,125,10,2,271100
Busoga|Bugiri District,Bugiri District,Busoga,2020-08,21.85,167.14,79.25,0.098,5169,474,38,16,9,480400
Busoga|Bugweri District,Bugweri District,Busoga,2020-08,21.78,185.81,80.04,0.055,8688,81,21,5,0,191600
Ankole|Buhweju District,Buhweju District,Ankole,2020-08,20.07,82.11,69.63,0.059,319,249,13,2,2,144100
North Buganda|Buikwe District,Buikwe District,North Buganda,2020-08,21.53,130.54,82.58,0.566,10801,767,84,33,4,474100
Teso|Bukedea District,Bukedea District,Teso,2020-08,21.36,224.09,75.58,0.045,6481,112,29,19,0,259300
South Buganda|Bukomansimbi District,Bukomansimbi District,South Buganda,2020-08,21.84,75.05,70.81,0.031,1207,178,21,2,0,156600
Bugisu|Bukwo District,Bukwo District,Bugisu,2020-08,16.72,352.06,81.46,0.049,234,1138,56,3,0,119100
Bugisu|Bulambuli District,Bulambuli District,Bugisu,2020-08,18.35,302.49,77.44,0.045,1912,574,39,5,0,230600
Bunyoro|Buliisa District,Buliisa District,Bunyoro,2020-08,24.67,121.41,74.18,1.413,5187,155,10,4,6,149300
Tooro|Bundibugyo District,Bundibugyo District,Tooro,2020-08,19.38,129.77,83.52,0.076,5928,671,151,26,125,263800
Tooro|Bunyangabu District,Bunyangabu District,Tooro,2020-08,18.91,103.16,78.46,0.048,2161,305,69,6,0,195100
Ankole|Bushenyi District,Bushenyi District,Ankole,2020-08,21.13,70.04,66.31,0.064,1984,304,23,20,1,239600
Bukedi|Busia District,Busia District,Bukedi,2020-08,21.45,166.21,78.42,0.162,20502,515,21,65,10,384000
Bukedi|Butaleja District,Butaleja District,Bukedi,2020-08,21.62,211.93,76.11,0.038,3267,531,145,51,0,300500
South Buganda|Butambala District,Butambala District,South Buganda,2020-08,21.37,109.02,76.53,0.044,1885,296,42,19,3,107800
Bukedi|Butebo District,Butebo District,Bukedi,2020-08,21.83,223.67,76.25,0.039,2890,159,39,5,0,121200
North Buganda|Buvuma District,Buvuma District,North Buganda,2020-08,23.2,84.77,73.09,3.172,1927,273,23,3,0,128900
Busoga|Buyende District,Buyende District,Busoga,2020-08,23.17,160.34,77.21,0.983,8559,597,7,30,3,414600
Lango|Dokolo District,Dokolo District,Lango,2020-08,22.38,234.21,78.62,0.315,5056,302,31,5,2,215500
Tooro|Fort Portal City,Fort Portal City,Tooro,2020-08,18.51,105.24,84.68,0.129,756,410,84,18,3,115600
South Buganda|Gomba District,Gomba District,South Buganda,2020-08,21.73,99.09,71.73,0.059,1855,113,6,6,0,173800
Acholi|Gulu City,Gulu City,Acholi,2020-08,22.29,230.61,80.38,0.162,8186,503,146,22,14,208100
Acholi|Gulu District,Gulu District,Acholi,2020-08,22.82,197.47,79.85,0.056,13864,140,19,9,32,117500
Bunyoro|Hoima City,Hoima City,Bunyoro,2020-08,22.17,162,79.52,0.106,1937,222,23,21,0,122700
Bunyoro|Hoima District,Hoima District,Bunyoro,2020-08,23.64,126.61,76.65,1.436,3064,233,30,12,3,251800
Ankole|Ibanda District,Ibanda District,Ankole,2020-08,22.15,84.63,64.25,0.048,8924,513,65,10,21,277300
Busoga|Iganga District,Iganga District,Busoga,2020-08,21.94,201.18,79.6,0.077,20627,917,45,31,18,402600
Ankole|Isingiro District,Isingiro District,Ankole,2020-08,21.92,23.62,61.72,0.068,11169,1855,95,32,115,596400
Busoga|Jinja City,Jinja City,Busoga,2020-08,21.44,158.73,83.8,0.824,6060,608,39,65,1,269900
Busoga|Jinja District,Jinja District,Busoga,2020-08,21.51,188.92,82.72,0.123,10160,699,36,2,4,245200
Karamoja|Kaabong District,Kaabong District,Karamoja,2020-08,20.45,182.37,77.88,0.051,7717,586,27,39,1080,125400
Kigezi|Kabale District,Kabale District,Kigezi,2020-08,19.63,20.35,59.43,0.159,310,662,70,22,14,248700
Tooro|Kabarole District,Kabarole District,Tooro,2020-08,20.63,106.31,78.35,0.055,1830,195,34,11,2,222200
Teso|Kaberamaido District,Kaberamaido District,Teso,2020-08,22.88,216.98,76.88,0.834,2362,68,10,7,0,132700
Bunyoro|Kagadi District,Kagadi District,Bunyoro,2020-08,22.34,137.27,77.63,0.34,6242,76,37,62,29,430200
Bunyoro|Kakumiro District,Kakumiro District,Bunyoro,2020-08,22.07,136.64,71.82,0.051,3980,287,29,3,7,473400
Teso|Kalaki District,Kalaki District,Teso,2020-08,22.51,256.49,78.62,0.404,2001,43,7,25,0,138700
South Buganda|Kalangala District,Kalangala District,South Buganda,2020-08,23.09,93.08,73.2,3.069,1103,61,43,,0,67200
Busoga|Kaliro District,Kaliro District,Busoga,2020-08,22.51,208.83,78.19,0.352,10077,755,86,9,3,288500
South Buganda|Kalungu District,Kalungu District,South Buganda,2020-08,21.84,67.88,73.91,0.203,1914,224,40,9,0,184700
Kampala|Kampala District,Kampala District,Kampala,2020-08,20.99,122.29,83.41,2.368,12739,1519,757,434,18,1680600
Busoga|Kamuli District,Kamuli District,Busoga,2020-08,22.06,177.82,82.06,0.099,29222,1584,113,32,23,558500
Tooro|Kamwenge District,Kamwenge District,Tooro,2020-08,21.71,98.99,68.7,0.05,12929,16235,42,89,84,335200
Kigezi|Kanungu District,Kanungu District,Kigezi,2020-08,20.68,52.52,76.13,0.191,5034,510,105,29,13,222200
Bugisu|Kapchorwa District,Kapchorwa District,Bugisu,2020-08,17.31,348.37,79.46,0.05,403,511,12,11,0,123800
Teso|Kapelebyong District,Kapelebyong District,Teso,2020-08,22.01,262.41,79.11,0.046,7126,77,8,20,0,103800
Karamoja|Karenga District,Karenga District,Karamoja,2020-08,20.49,175.16,78.85,0.052,2834,457,21,2,233,68500
Tooro|Kasese District,Kasese District,Tooro,2020-08,20.98,77.89,68.09,0.429,20163,2083,398,90,89,793200
North Buganda|Kassanda District,Kassanda District,North Buganda,2020-08,21.38,99.12,75.4,0.134,4954,151,31,29,0,312700
Teso|Katakwi District,Katakwi District,Teso,2020-08,22.15,288.77,78.58,0.199,11965,332,21,19,0,194600
North Buganda|Kayunga District,Kayunga District,North Buganda,2020-08,22.14,156.52,82.19,0.332,13915,898,25,28,0,407700
Ankole|Kazo District,Kazo District,Ankole,2020-08,22.35,90.19,64.92,0.042,2791,60,7,1,1,217600
Bunyoro|Kibaale District,Kibaale District,Bunyoro,2020-08,21.76,144.39,71.44,0.057,2871,81,18,11,5,198200
North Buganda|Kiboga District,Kiboga District,North Buganda,2020-08,21.99,122.76,75.95,0.045,3874,564,35,27,4,171200
Bukedi|Kibuku District,Kibuku District,Bukedi,2020-08,22.07,212.03,77.84,0.067,713,276,46,12,0,250600
Bunyoro|Kikuube District,Kikuube District,Bunyoro,2020-08,23.19,130.09,77.36,1.095,9191,509,61,14,157,358700
Ankole|Kiruhura District,Kiruhura District,Ankole,2020-08,22.18,62.15,63.6,0.079,976,240,9,1,0,185700
Bunyoro|Kiryandongo District,Kiryandongo District,Bunyoro,2020-08,22.65,178.53,79.07,0.067,9523,849,71,48,67,313800
Kigezi|Kisoro District,Kisoro District,Kigezi,2020-08,17.45,42.17,72.72,0.147,455,477,135,16,35,315400
Tooro|Kitagwenda District,Kitagwenda District,Tooro,2020-08,22.71,84.51,61.79,0.32,3214,179,21,3,0,178300
Acholi|Kitgum District,Kitgum District,Acholi,2020-08,21.87,186.41,77.36,0.06,28783,546,59,33,52,223600
West Nile|Koboko District,Koboko District,West Nile,2020-08,22.21,196.44,81.8,0.051,12813,266,26,50,64,258000
Lango|Kole District,Kole District,Lango,2020-08,22.3,200.7,78.43,0.048,10878,333,12,28,8,284300
Karamoja|Kotido District,Kotido District,Karamoja,2020-08,21.06,204.74,77.15,0.047,13344,919,59,24,1104,206500
Teso|Kumi District,Kumi District,Teso,2020-08,22.32,211.67,76.62,0.257,12968,139,30,23,14,284800
Lango|Kwania District,Kwania District,Lango,2020-08,22.7,177.78,78.33,0.505,8824,691,6,24,0,216600
Bugisu|Kween District,Kween District,Bugisu,2020-08,19.25,334.02,79.07,0.046,904,365,11,4,0,109500
North Buganda|Kyankwanzi District,Kyankwanzi District,North Buganda,2020-08,22.46,138.6,72.79,0.048,2826,183,42,9,4,282800
Tooro|Kyegegwa District,Kyegegwa District,Tooro,2020-08,21.68,113.81,69.2,0.045,10582,667,44,34,118,441000
Tooro|Kyenjojo District,Kyenjojo District,Tooro,2020-08,20.98,122.09,77.61,0.05,7185,1651,87,49,26,525400
South Buganda|Kyotera District,Kyotera District,South Buganda,2020-08,22.53,45.78,72.16,0.976,4575,668,80,7,0,261000
Acholi|Lamwo District,Lamwo District,Acholi,2020-08,22.25,159.19,79.75,0.06,29507,1105,18,27,162,143800
Lango|Lira City,Lira City,Lango,2020-08,22.16,205.38,78.35,0.154,3548,167,113,84,5,243200
Lango|Lira District,Lira District,Lango,2020-08,22.3,212.57,78.6,0.046,4637,140,17,10,5,235300
Busoga|Luuka District,Luuka District,Busoga,2020-08,22.08,198.18,80.02,0.044,18778,556,34,11,3,267100
North Buganda|Luwero District,Luwero District,North Buganda,2020-08,21.29,136.9,84.74,0.062,13756,856,71,36,3,523600
South Buganda|Lwengo District,Lwengo District,South Buganda,2020-08,21.94,50.21,68.13,0.044,2601,224,27,5,1,290500
South Buganda|Lyantonde District,Lyantonde District,South Buganda,2020-08,22.09,74.69,66.16,0.035,1135,244,20,12,0,110500
West Nile|Madi-Okollo District,Madi-Okollo District,West Nile,2020-08,24.47,175.37,72.88,0.105,14997,521,47,18,15,164200
Bugisu|Manafwa District,Manafwa District,Bugisu,2020-08,19.17,260.77,79.37,0.043,5812,152,44,4,8,175200
West Nile|Maracha District,Maracha District,West Nile,2020-08,21.93,192.56,80.47,0.04,10349,457,17,37,11,208300
South Buganda|Masaka City,Masaka City,South Buganda,2020-08,21.8,60.72,73.31,0.149,1376,225,21,49,6,224700
South Buganda|Masaka District,Masaka District,South Buganda,2020-08,22.55,58.45,74.05,1.844,1014,110,21,2,0,120400
Bunyoro|Masindi District,Masindi District,Bunyoro,2020-08,22.88,153.83,76.62,0.051,5459,548,54,19,9,340500
Busoga|Mayuge District,Mayuge District,Busoga,2020-08,22.75,100.02,75.22,2.229,17969,363,228,31,50,565100
Bugisu|Mbale City,Mbale City,Bugisu,2020-08,20.43,277.36,77.06,0.069,5338,690,72,38,1,319600
Bugisu|Mbale District,Mbale District,Bugisu,2020-08,19.89,276.33,77.92,0.044,6849,1039,12,2,0,266700
Ankole|Mbarara City,Mbarara City,Ankole,2020-08,21.84,47.32,60.17,0.115,564,482,53,79,0,221300
Ankole|Mbarara District,Mbarara District,Ankole,2020-08,21.69,60.38,61.9,0.049,426,267,15,6,2,169400
Ankole|Mitooma District,Mitooma District,Ankole,2020-08,21.4,57.09,62.66,0.042,2028,455,31,5,0,194300
North Buganda|Mityana District,Mityana District,North Buganda,2020-08,21.07,108.29,80.41,0.208,6534,585,61,23,9,362500
Karamoja|Moroto District,Moroto District,Karamoja,2020-08,20.4,136.63,79.17,0.045,4805,384,65,13,344,118500
West Nile|Moyo District,Moyo District,West Nile,2020-08,23.53,147.53,80.25,0.137,8721,507,43,10,21,109500
South Buganda|Mpigi District,Mpigi District,South Buganda,2020-08,21.77,105.8,76.98,0.735,1959,488,29,10,0,286600
North Buganda|Mubende District,Mubende District,North Buganda,2020-08,21.54,107.77,72.11,0.05,9699,157,79,16,3,554800
North Buganda|Mukono District,Mukono District,North Buganda,2020-08,22.22,118.12,78.55,1.806,10709,1630,108,130,0,701400
Karamoja|Nabilatuk District,Nabilatuk District,Karamoja,2020-08,21.25,224.55,78.71,0.041,4273,281,11,13,958,89700
Karamoja|Nakapiripirit District,Nakapiripirit District,Karamoja,2020-08,20.31,265.3,78.25,0.044,5474,434,34,8,954,113300
North Buganda|Nakaseke District,Nakaseke District,North Buganda,2020-08,21.89,139.68,79.58,0.046,6077,217,51,14,0,234600
North Buganda|Nakasongola District,Nakasongola District,North Buganda,2020-08,22.64,142.06,78.9,0.271,7637,487,31,6,0,215200
Busoga|Namayingo District,Namayingo District,Busoga,2020-08,23.16,81.74,72.46,2.908,12829,258,102,15,18,237000
Bugisu|Namisindwa District,Namisindwa District,Bugisu,2020-08,16.48,277.71,83.01,0.047,3090,138,6,16,1,231500
Busoga|Namutumba District,Namutumba District,Busoga,2020-08,22.1,205.84,79.17,0.041,5077,982,17,19,1,306500
Karamoja|Napak District,Napak District,Karamoja,2020-08,21.42,193.42,78.46,0.044,5512,749,76,43,484,158300
West Nile|Nebbi District,Nebbi District,West Nile,2020-08,23.92,153.07,70.11,0.04,11967,588,143,114,27,282600
Teso|Ngora District,Ngora District,Teso,2020-08,22.46,198.18,79.15,0.321,5990,345,49,127,0,165800
Tooro|Ntoroko District,Ntoroko District,Tooro,2020-08,24.15,117.56,73.73,0.455,584,67,10,10,4,76000
Ankole|Ntungamo District,Ntungamo District,Ankole,2020-08,21.77,28.93,56.96,0.039,2860,947,42,20,2,540800
Acholi|Nwoya District,Nwoya District,Acholi,2020-08,23.36,204.04,77.55,0.088,8028,237,24,5,18,236000
West Nile|Obongi District,Obongi District,West Nile,2020-08,24.4,144.19,78.44,0.26,11043,824,19,5,25,49100
Acholi|Omoro District,Omoro District,Acholi,2020-08,22.33,226.95,79.67,0.059,13396,344,22,8,27,196400
Lango|Otuke District,Otuke District,Lango,2020-08,22.11,229.78,78.51,0.051,4647,173,6,13,1,133500
Lango|Oyam District,Oyam District,Lango,2020-08,22.32,224.57,79.29,0.058,17633,500,37,93,90,453700
Acholi|Pader District,Pader District,Acholi,2020-08,22.57,178.22,79.01,0.058,27012,333,29,21,25,197300
West Nile|Pakwach District,Pakwach District,West Nile,2020-08,25.33,135.48,70.26,0.267,9112,317,34,17,0,196800
Bukedi|Pallisa District,Pallisa District,Bukedi,2020-08,22.48,203.92,78.47,0.343,2140,355,36,119,6,353400
South Buganda|Rakai District,Rakai District,South Buganda,2020-08,21.69,31.28,69.29,0.132,6225,846,11,16,1,317700
Kigezi|Rubanda District,Rubanda District,Kigezi,2020-08,18.05,33.54,69.66,0.121,211,491,11,10,5,208500
Ankole|Rubirizi District,Rubirizi District,Ankole,2020-08,23.67,71.14,64.55,0.84,1349,99,11,2,0,144100
Kigezi|Rukiga District,Rukiga District,Kigezi,2020-08,20.86,24.05,58.32,0.033,104,418,10,3,0,105400
Kigezi|Rukungiri District,Rukungiri District,Kigezi,2020-08,21.85,48.84,68.02,0.228,3421,851,60,22,5,333800
Ankole|Rwampara District,Rwampara District,Ankole,2020-08,21.15,45.14,62.19,0.039,367,248,3,2,3,144600
South Buganda|Sembabule District,Sembabule District,South Buganda,2020-08,22.28,83.93,66.11,0.036,2849,169,31,6,3,296100
Teso|Serere District,Serere District,Teso,2020-08,23.01,185.61,75.43,0.885,2757,164,34,54,0,359500
Ankole|Sheema District,Sheema District,Ankole,2020-08,20.91,58.55,66.06,0.049,194,302,21,14,2,220500
Bugisu|Sironko District,Sironko District,Bugisu,2020-08,17.48,333.74,80.68,0.05,4656,683,46,22,4,274300
Teso|Soroti City,Soroti City,Teso,2020-08,22.17,218.68,79.54,0.117,6543,232,41,25,0,69900
Teso|Soroti District,Soroti District,Teso,2020-08,22.16,243.2,79.79,0.159,6668,73,20,19,0,293700
West Nile|Terego District,Terego District,West Nile,2020-08,23.89,174.76,75.58,0.048,18578,885,30,35,38,233300
Bukedi|Tororo District,Tororo District,Bukedi,2020-08,21.15,202.32,75.95,0.039,5658,1745,136,72,0,597500
South Buganda|Wakiso District,Wakiso District,South Buganda,2020-08,21.55,114.68,80.95,1.14,16980,968,455,61,5,2915200
West Nile|Yumbe District,Yumbe District,West Nile,2020-08,23.43,167.42,78.95,0.051,46050,1664,160,22,166,663600
West Nile|Zombo District,Zombo District,West Nile,2020-08,20.57,195.22,79.62,0.048,6739,1093,106,24,7,283100
Karamoja|Abim District,Abim District,Karamoja,2020-09,21.75,150.04,77.07,0.051,10536,193,65,11,410,153500
West Nile|Adjumani District,Adjumani District,West Nile,2020-09,23.65,124.25,80.91,0.093,43391,1548,183,42,165,235900
Acholi|Agago District,Agago District,Acholi,2020-09,22.08,147.09,78.59,0.059,32956,296,33,61,29,251200
Lango|Alebtong District,Alebtong District,Lango,2020-09,22.14,173.45,80.2,0.052,3237,160,19,29,3,266100
Lango|Amolatar District,Amolatar District,Lango,2020-09,23.17,173.73,78.11,1.567,3232,411,6,5,0,170100
Karamoja|Amudat District,Amudat District,Karamoja,2020-09,20.72,140.96,76.89,0.046,2769,522,18,5,300,134900
Teso|Amuria District,Amuria District,Teso,2020-09,22,175.59,80.46,0.049,10953,244,24,175,0,225000
Acholi|Amuru District,Amuru District,Acholi,2020-09,23.06,129.9,81.28,0.058,15436,154,42,3,11,216800
Lango|Apac District,Apac District,Lango,2020-09,22.48,178.88,80.57,0.18,8341,523,33,26,0,226600
West Nile|Arua City,Arua City,West Nile,2020-09,21.88,185.36,79.8,0.063,7120,291,69,21,26,361400
West Nile|Arua District,Arua District,West Nile,2020-09,22.73,177.77,77.19,0.05,2767,74,5,18,15,156300
Bukedi|Budaka District,Budaka District,Bukedi,2020-09,21.49,169.6,76.26,0.042,1421,263,34,12,0,253100
Bugisu|Bududa District,Bududa District,Bugisu,2020-09,13.8,209.72,82.88,0.053,1015,666,83,3,0,271100
Busoga|Bugiri District,Bugiri District,Busoga,2020-09,22.06,212.04,78.86,0.104,4543,383,36,36,11,480400
Busoga|Bugweri District,Bugweri District,Busoga,2020-09,21.96,199.7,79.87,0.06,7188,78,18,18,5,191600
Ankole|Buhweju District,Buhweju District,Ankole,2020-09,19.55,121.08,75.33,0.056,349,253,8,6,0,144100
North Buganda|Buikwe District,Buikwe District,North Buganda,2020-09,21.69,143.82,82.72,0.568,9648,703,88,39,3,474100
Teso|Bukedea District,Bukedea District,Teso,2020-09,21.38,176.83,76.06,0.048,5917,325,16,32,0,259300
South Buganda|Bukomansimbi District,Bukomansimbi District,South Buganda,2020-09,21.32,113.31,77,0.034,1706,293,18,,0,156600
Bugisu|Bukwo District,Bukwo District,Bugisu,2020-09,17.08,181.56,78.53,0.052,334,1505,14,2,0,119100
Bugisu|Bulambuli District,Bulambuli District,Bugisu,2020-09,18.47,189.92,76.79,0.049,1863,669,39,18,0,230600
Bunyoro|Buliisa District,Buliisa District,Bunyoro,2020-09,24.15,125.47,78.76,1.415,5316,177,8,26,4,149300
Tooro|Bundibugyo District,Bundibugyo District,Tooro,2020-09,19.27,121.73,83.93,0.079,6631,949,152,58,112,263800
Tooro|Bunyangabu District,Bunyangabu District,Tooro,2020-09,18.76,147.32,79.36,0.054,1493,303,47,9,0,195100
Ankole|Bushenyi District,Bushenyi District,Ankole,2020-09,20.36,125.45,73.62,0.064,2521,316,27,21,7,239600
Bukedi|Busia District,Busia District,Bukedi,2020-09,21.7,229.6,77.48,0.168,15983,312,34,54,15,384000
Bukedi|Butaleja District,Butaleja District,Bukedi,2020-09,21.7,155.73,76.55,0.042,2322,403,103,35,0,300500
South Buganda|Butambala District,Butambala District,South Buganda,2020-09,21.18,121.64,80.66,0.048,2297,275,73,31,1,107800
Bukedi|Butebo District,Butebo District,Bukedi,2020-09,21.81,170.32,77.04,0.044,1807,154,15,4,0,121200
North Buganda|Buvuma District,Buvuma District,North Buganda,2020-09,23.31,107.91,73.2,3.172,1434,229,5,7,0,128900
Busoga|Buyende District,Buyende District,Busoga,2020-09,23.27,158.16,77.21,0.984,6917,242,12,14,2,414600
Lango|Dokolo District,Dokolo District,Lango,2020-09,22.32,215.3,79.68,0.321,4223,214,37,21,5,215500
Tooro|Fort Portal City,Fort Portal City,Tooro,2020-09,18.46,141.39,84.81,0.129,743,319,71,22,8,115600
South Buganda|Gomba District,Gomba District,South Buganda,2020-09,21.26,115.43,78.2,0.066,2180,171,8,10,0,173800
Acholi|Gulu City,Gulu City,Acholi,2020-09,22.2,152.95,81.48,0.163,8993,584,52,9,32,208100
Acholi|Gulu District,Gulu District,Acholi,2020-09,22.74,125.65,80.79,0.054,15291,154,26,8,12,117500
Bunyoro|Hoima City,Hoima City,Bunyoro,2020-09,21.87,161.11,83.54,0.11,1437,332,36,37,0,122700
Bunyoro|Hoima District,Hoima District,Bunyoro,2020-09,23.37,122.29,79.42,1.437,3216,101,104,11,0,251800
Ankole|Ibanda District,Ibanda District,Ankole,2020-09,21.52,109.8,69.98,0.051,9623,552,87,11,19,277300
Busoga|Iganga District,Iganga District,Busoga,2020-09,22.12,190.02,79.49,0.08,17465,845,89,48,22,402600
Ankole|Isingiro District,Isingiro District,Ankole,2020-09,21.1,75.83,70.76,0.071,8659,1540,76,34,233,596400
Busoga|Jinja City,Jinja City,Busoga,2020-09,21.64,178.77,84.13,0.826,6743,722,75,56,0,269900
Busoga|Jinja District,Jinja District,Busoga,2020-09,21.71,180.35,83.08,0.126,10144,853,59,9,8,245200
Karamoja|Kaabong District,Kaabong District,Karamoja,2020-09,20.96,149.17,75.11,0.048,9892,235,20,32,1095,125400
Kigezi|Kabale District,Kabale District,Kigezi,2020-09,18.53,87.54,69.99,0.158,303,587,49,15,6,248700
Tooro|Kabarole District,Kabarole District,Tooro,2020-09,20.42,133.39,80.02,0.057,1744,242,13,1,3,222200
Teso|Kaberamaido District,Kaberamaido District,Teso,2020-09,22.9,201.07,77.41,0.837,2183,93,13,19,0,132700
Bunyoro|Kagadi District,Kagadi District,Bunyoro,2020-09,21.95,124.69,81.53,0.342,6677,112,49,47,27,430200
Bunyoro|Kakumiro District,Kakumiro District,Bunyoro,2020-09,21.4,150.13,79.8,0.053,4606,207,20,12,9,473400
Teso|Kalaki District,Kalaki District,Teso,2020-09,22.52,199.18,79.14,0.407,2096,55,9,20,0,138700
South Buganda|Kalangala District,Kalangala District,South Buganda,2020-09,23.24,101.87,73.47,3.069,782,37,27,1,0,67200
Busoga|Kaliro District,Kaliro District,Busoga,2020-09,22.69,156.75,77.93,0.355,9933,554,127,10,7,288500
South Buganda|Kalungu District,Kalungu District,South Buganda,2020-09,21.55,114.51,78.23,0.207,2081,218,37,24,0,184700
Kampala|Kampala District,Kampala District,Kampala,2020-09,21.11,126.99,84.92,2.368,12675,2055,785,481,31,1680600
Busoga|Kamuli District,Kamuli District,Busoga,2020-09,22.21,173.95,82.34,0.1,26294,1693,113,46,21,558500
Tooro|Kamwenge District,Kamwenge District,Tooro,2020-09,21.21,114.64,73.23,0.053,14745,864,36,45,135,335200
Kigezi|Kanungu District,Kanungu District,Kigezi,2020-09,20.46,112.96,77.85,0.19,6050,535,45,22,27,222200
Bugisu|Kapchorwa District,Kapchorwa District,Bugisu,2020-09,17.49,202.13,78.05,0.056,402,486,19,15,0,123800
Teso|Kapelebyong District,Kapelebyong District,Teso,2020-09,22.12,151.69,78.81,0.047,6083,147,22,12,0,103800
Karamoja|Karenga District,Karenga District,Karamoja,2020-09,20.66,159.43,78.38,0.05,4036,594,15,5,270,68500
Tooro|Kasese District,Kasese District,Tooro,2020-09,20.68,108.51,71.26,0.432,19061,2198,516,90,99,793200
North Buganda|Kassanda District,Kassanda District,North Buganda,2020-09,21.16,125.6,79.89,0.138,6036,144,19,15,0,312700
Teso|Katakwi District,Katakwi District,Teso,2020-09,22.27,154.32,78.01,0.2,19827,401,53,11,0,194600
North Buganda|Kayunga District,Kayunga District,North Buganda,2020-09,22.26,165.98,83.02,0.333,12636,629,18,30,1,407700
Ankole|Kazo District,Kazo District,Ankole,2020-09,21.64,101.54,71.33,0.046,2677,182,58,1,0,217600
Bunyoro|Kibaale District,Kibaale District,Bunyoro,2020-09,21.08,157.57,79.35,0.06,3943,105,24,6,12,198200
North Buganda|Kiboga District,Kiboga District,North Buganda,2020-09,21.79,153.35,79.88,0.047,3541,485,17,18,3,171200
Bukedi|Kibuku District,Kibuku District,Bukedi,2020-09,22.13,161.97,78.15,0.071,736,254,33,11,1,250600
Bunyoro|Kikuube District,Kikuube District,Bunyoro,2020-09,22.94,127.81,79.9,1.096,9169,443,45,22,190,358700
Ankole|Kiruhura District,Kiruhura District,Ankole,2020-09,21.39,92.8,71.31,0.085,943,250,11,2,0,185700
Bunyoro|Kiryandongo District,Kiryandongo District,Bunyoro,2020-09,22.42,167.51,81.53,0.07,7738,547,49,24,79,313800
Kigezi|Kisoro District,Kisoro District,Kigezi,2020-09,16.99,130.64,78.47,0.149,503,394,136,16,43,315400
Tooro|Kitagwenda District,Kitagwenda District,Tooro,2020-09,22.28,115.68,65.96,0.321,3601,148,5,26,1,178300
Acholi|Kitgum District,Kitgum District,Acholi,2020-09,21.89,158.95,77.84,0.059,29777,440,82,39,32,223600
West Nile|Koboko District,Koboko District,West Nile,2020-09,22.14,199.36,82.27,0.054,14354,269,23,33,74,258000
Lango|Kole District,Kole District,Lango,2020-09,22.18,193.01,79.97,0.051,8993,269,11,41,4,284300
Karamoja|Kotido District,Kotido District,Karamoja,2020-09,21.3,143.58,76.14,0.045,13503,1652,595,18,6181,206500
Teso|Kumi District,Kumi District,Teso,2020-09,22.38,152.95,76.57,0.262,12850,187,20,13,5,284800
Lango|Kwania District,Kwania District,Lango,2020-09,22.57,203.19,80.07,0.508,7765,553,13,21,0,216600
Bugisu|Kween District,Kween District,Bugisu,2020-09,19.62,171.29,76.33,0.048,775,307,5,,0,109500
North Buganda|Kyankwanzi District,Kyankwanzi District,North Buganda,2020-09,21.95,150.94,78.63,0.048,3045,206,24,9,6,282800
Tooro|Kyegegwa District,Kyegegwa District,Tooro,2020-09,21,129.51,76.29,0.055,9495,1370,43,35,191,441000
Tooro|Kyenjojo District,Kyenjojo District,Tooro,2020-09,20.62,130.84,81.18,0.054,9949,2175,81,51,42,525400
South Buganda|Kyotera District,Kyotera District,South Buganda,2020-09,22.31,76.32,75.89,0.971,5623,645,92,12,3,261000
Acholi|Lamwo District,Lamwo District,Acholi,2020-09,22.24,124.52,80.34,0.061,31275,1060,14,12,119,143800
Lango|Lira City,Lira City,Lango,2020-09,22.07,195.38,79.75,0.16,3722,225,81,36,14,243200
Lango|Lira District,Lira District,Lango,2020-09,22.26,173.01,79.75,0.05,4114,136,29,7,0,235300
Busoga|Luuka District,Luuka District,Busoga,2020-09,22.26,179.8,80.09,0.047,16331,634,45,14,2,267100
North Buganda|Luwero District,Luwero District,North Buganda,2020-09,21.42,173.31,86.04,0.063,11278,795,56,144,13,523600
South Buganda|Lwengo District,Lwengo District,South Buganda,2020-09,21.27,107.75,75.31,0.044,2945,210,36,8,1,290500
South Buganda|Lyantonde District,Lyantonde District,South Buganda,2020-09,21.26,99.48,74.35,0.039,1066,251,30,,0,110500
West Nile|Madi-Okollo District,Madi-Okollo District,West Nile,2020-09,24.16,152.21,76.05,0.105,17269,281,27,12,20,164200
Bugisu|Manafwa District,Manafwa District,Bugisu,2020-09,19.17,181.11,80.27,0.049,2896,117,18,2,0,175200
West Nile|Maracha District,Maracha District,West Nile,2020-09,21.86,210.3,81.06,0.042,15170,539,26,51,13,208300
South Buganda|Masaka City,Masaka City,South Buganda,2020-09,21.47,108.93,77.76,0.147,1446,162,17,38,3,224700
South Buganda|Masaka District,Masaka District,South Buganda,2020-09,22.45,90.04,76.5,1.842,926,148,6,,0,120400
Bunyoro|Masindi District,Masindi District,Bunyoro,2020-09,22.56,156.71,80.45,0.054,5356,367,48,21,20,340500
Busoga|Mayuge District,Mayuge District,Busoga,2020-09,22.88,134.4,75.42,2.23,14875,443,166,30,29,565100
Bugisu|Mbale City,Mbale City,Bugisu,2020-09,20.28,204.28,78.66,0.073,4759,1022,110,62,3,319600
Bugisu|Mbale District,Mbale District,Bugisu,2020-09,19.75,189.56,79.48,0.05,4857,821,15,3,3,266700
Ankole|Mbarara City,Mbarara City,Ankole,2020-09,20.93,94.45,68.84,0.12,560,461,30,54,0,221300
Ankole|Mbarara District,Mbarara District,Ankole,2020-09,20.83,95.59,70.06,0.052,346,310,26,3,4,169400
Ankole|Mitooma District,Mitooma District,Ankole,2020-09,20.54,117.92,70.36,0.044,2995,351,48,2,0,194300
North Buganda|Mityana District,Mityana District,North Buganda,2020-09,21.02,122.23,83.44,0.212,8089,530,52,29,10,362500
Karamoja|Moroto District,Moroto District,Karamoja,2020-09,20.97,109.01,75.45,0.041,3593,486,56,19,215,118500
West Nile|Moyo District,Moyo District,West Nile,2020-09,23.44,122.12,80.91,0.14,14208,603,30,4,13,109500
South Buganda|Mpigi District,Mpigi District,South Buganda,2020-09,21.67,118.36,79.99,0.738,2361,503,25,20,0,286600
North Buganda|Mubende District,Mubende District,North Buganda,2020-09,20.99,135.91,78.95,0.058,13415,205,72,22,8,554800
North Buganda|Mukono District,Mukono District,North Buganda,2020-09,22.37,127.87,78.89,1.806,10362,1354,114,16,13,701400
Karamoja|Nabilatuk District,Nabilatuk District,Karamoja,2020-09,21.48,147.96,77.44,0.041,2625,228,10,16,630,89700
Karamoja|Nakapiripirit District,Nakapiripirit District,Karamoja,2020-09,20.59,173.15,76.41,0.044,3740,415,25,22,666,113300
North Buganda|Nakaseke District,Nakaseke District,North Buganda,2020-09,21.79,159.07,82.31,0.049,4882,129,82,11,0,234600
North Buganda|Nakasongola District,Nakasongola District,North Buganda,2020-09,22.57,146.25,80.64,0.27,7517,607,12,8,2,215200
Busoga|Namayingo District,Namayingo District,Busoga,2020-09,23.24,123.03,72.81,2.909,12419,173,88,4,9,237000
Bugisu|Namisindwa District,Namisindwa District,Bugisu,2020-09,16.6,196.55,82.17,0.053,1748,159,33,10,0,231500
Busoga|Namutumba District,Namutumba District,Busoga,2020-09,22.26,167.8,78.98,0.045,5263,878,21,17,3,306500
Karamoja|Napak District,Napak District,Karamoja,2020-09,21.66,136.83,77.05,0.042,7853,795,63,43,438,158300
West Nile|Nebbi District,Nebbi District,West Nile,2020-09,23.52,149.46,74.9,0.042,11130,588,194,83,56,282600
Teso|Ngora District,Ngora District,Teso,2020-09,22.56,160.05,79.07,0.324,5733,240,38,4,1,165800
Tooro|Ntoroko District,Ntoroko District,Tooro,2020-09,23.69,97.97,77.01,0.457,847,79,26,5,6,76000
Ankole|Ntungamo District,Ntungamo District,Ankole,2020-09,20.68,88.24,66.96,0.042,3558,1031,44,28,2,540800
Acholi|Nwoya District,Nwoya District,Acholi,2020-09,22.98,154.33,80.97,0.089,9257,289,8,10,19,236000
West Nile|Obongi District,Obongi District,West Nile,2020-09,24.23,129.68,79.99,0.26,16202,854,23,14,66,49100
Acholi|Omoro District,Omoro District,Acholi,2020-09,22.25,147.41,80.88,0.06,15326,271,14,2,0,196400
Lango|Otuke District,Otuke District,Lango,2020-09,22.13,140.17,79.17,0.052,5490,176,7,6,2,133500
Lango|Oyam District,Oyam District,Lango,2020-09,22.17,166.5,80.94,0.06,17064,363,53,105,108,453700
Acholi|Pader District,Pader District,Acholi,2020-09,22.6,126.19,79.53,0.057,24528,395,38,11,6,197300
West Nile|Pakwach District,Pakwach District,West Nile,2020-09,24.65,130.19,76.37,0.27,9782,225,34,32,4,196800
Bukedi|Pallisa District,Pallisa District,Bukedi,2020-09,22.57,157.32,78.58,0.347,2077,312,42,44,0,353400
South Buganda|Rakai District,Rakai District,South Buganda,2020-09,21.2,82.3,76.07,0.131,5286,894,43,13,0,317700
Kigezi|Rubanda District,Rubanda District,Kigezi,2020-09,17.48,113.03,75.59,0.12,244,413,28,5,9,208500
Ankole|Rubirizi District,Rubirizi District,Ankole,2020-09,23.14,100.56,69.65,0.842,1450,87,6,3,0,144100
Kigezi|Rukiga District,Rukiga District,Kigezi,2020-09,19.8,85.62,67.85,0.033,98,743,15,,0,105400
Kigezi|Rukungiri District,Rukungiri District,Kigezi,2020-09,21.28,106.04,73.03,0.229,3836,916,60,40,5,333800
Ankole|Rwampara District,Rwampara District,Ankole,2020-09,20.28,100.95,71.08,0.042,442,230,11,11,1,144600
South Buganda|Sembabule District,Sembabule District,South Buganda,2020-09,21.4,101.58,74.99,0.042,2689,256,51,8,0,296100
Teso|Serere District,Serere District,Teso,2020-09,23.09,174.52,75.74,0.888,2962,179,36,74,0,359500
Ankole|Sheema District,Sheema District,Ankole,2020-09,20.12,110.77,74.02,0.051,281,254,18,25,0,220500
Bugisu|Sironko District,Sironko District,Bugisu,2020-09,17.43,222.76,81.1,0.055,3713,546,33,22,3,274300
Teso|Soroti City,Soroti City,Teso,2020-09,22.24,204.98,79.78,0.122,5912,155,14,11,0,69900
Teso|Soroti District,Soroti District,Teso,2020-09,22.24,185.62,80.03,0.163,7445,164,75,18,0,293700
West Nile|Terego District,Terego District,West Nile,2020-09,23.68,172.11,77.44,0.049,23271,948,91,23,100,233300
Bukedi|Tororo District,Tororo District,Bukedi,2020-09,21.34,173.43,75.74,0.044,4528,1400,58,73,9,597500
South Buganda|Wakiso District,Wakiso District,South Buganda,2020-09,21.65,117.08,82.42,1.142,17692,1065,477,60,22,2915200
West Nile|Yumbe District,Yumbe District,West Nile,2020-09,23.29,161.78,80.26,0.053,53802,1432,153,19,107,663600
West Nile|Zombo District,Zombo District,West Nile,2020-09,20.51,212.52,81.01,0.05,4540,770,125,64,0,283100
Karamoja|Abim District,Abim District,Karamoja,2020-10,22.05,214.59,76.54,0.045,9539,155,39,10,376,153500
West Nile|Adjumani District,Adjumani District,West Nile,2020-10,23.84,212.48,80.71,0.087,40136,1900,192,31,164,235900
Acholi|Agago District,Agago District,Acholi,2020-10,22.3,237.08,78.64,0.054,21526,229,78,58,31,251200
Lango|Alebtong District,Alebtong District,Lango,2020-10,22.18,198.18,81.25,0.051,2739,143,20,24,1,266100
Lango|Amolatar District,Amolatar District,Lango,2020-10,23.05,126.52,79.69,1.568,4408,536,11,9,0,170100
Karamoja|Amudat District,Amudat District,Karamoja,2020-10,21.56,169.7,73.25,0.043,2849,480,24,5,214,134900
Teso|Amuria District,Amuria District,Teso,2020-10,22.04,190.5,81.56,0.047,10819,138,10,20,0,225000
Acholi|Amuru District,Amuru District,Acholi,2020-10,23.26,221.35,81.28,0.054,16997,196,28,7,10,216800
Lango|Apac District,Apac District,Lango,2020-10,22.41,119.68,81.85,0.178,10728,613,44,35,0,226600
West Nile|Arua City,Arua City,West Nile,2020-10,22.07,204.81,79.77,0.059,14733,410,71,19,28,361400
West Nile|Arua District,Arua District,West Nile,2020-10,22.86,186.11,77.43,0.045,3016,56,7,13,15,156300
Bukedi|Budaka District,Budaka District,Bukedi,2020-10,21.25,230,79.41,0.04,2142,388,45,10,0,253100
Bugisu|Bududa District,Bududa District,Bugisu,2020-10,13.69,306.22,85.84,0.049,1113,854,64,9,9,271100
Busoga|Bugiri District,Bugiri District,Busoga,2020-10,21.84,241.8,83.36,0.103,5030,491,31,20,26,480400
Busoga|Bugweri District,Bugweri District,Busoga,2020-10,21.75,242.51,84.35,0.059,8222,121,24,7,0,191600
Ankole|Buhweju District,Buhweju District,Ankole,2020-10,19.26,269.36,80.4,0.051,379,263,6,10,0,144100
North Buganda|Buikwe District,Buikwe District,North Buganda,2020-10,21.54,150.76,85.87,0.563,11404,856,21,35,10,474100
Teso|Bukedea District,Bukedea District,Teso,2020-10,21.25,198.57,78.86,0.044,6457,352,17,31,0,259300
South Buganda|Bukomansimbi District,Bukomansimbi District,South Buganda,2020-10,21.27,110.71,79.46,0.038,2278,405,22,,0,156600
Bugisu|Bukwo District,Bukwo District,Bugisu,2020-10,17.7,246.97,77.19,0.053,261,918,16,1,0,119100
Bugisu|Bulambuli District,Bulambuli District,Bugisu,2020-10,18.44,252.78,79.09,0.046,2360,792,41,5,0,230600
Bunyoro|Buliisa District,Buliisa District,Bunyoro,2020-10,24,167.32,80.86,1.412,5741,144,11,15,4,149300
Tooro|Bundibugyo District,Bundibugyo District,Tooro,2020-10,19.32,180.88,85.71,0.069,5396,772,175,44,76,263800
Tooro|Bunyangabu District,Bunyangabu District,Tooro,2020-10,18.7,239.24,81.39,0.047,1122,293,57,18,0,195100
Ankole|Bushenyi District,Bushenyi District,Ankole,2020-10,19.87,267.25,80.03,0.057,2579,322,35,17,7,239600
Bukedi|Busia District,Busia District,Bukedi,2020-10,21.49,274.36,81.85,0.166,19894,258,40,53,1,384000
Bukedi|Butaleja District,Butaleja District,Bukedi,2020-10,21.4,223.65,80.34,0.04,2763,432,128,115,3,300500
South Buganda|Butambala District,Butambala District,South Buganda,2020-10,21.01,133.51,84.09,0.044,3063,304,50,10,4,107800
Bukedi|Butebo District,Butebo District,Bukedi,2020-10,21.65,193.59,79.73,0.041,3171,183,30,7,0,121200
North Buganda|Buvuma District,Buvuma District,North Buganda,2020-10,23.18,130.03,76.41,3.172,1961,265,26,2,0,128900
Busoga|Buyende District,Buyende District,Busoga,2020-10,23.04,156.89,79.85,0.984,6949,437,17,18,3,414600
Lango|Dokolo District,Dokolo District,Lango,2020-10,22.23,182.19,81.74,0.32,4394,218,45,16,1,215500
Tooro|Fort Portal City,Fort Portal City,Tooro,2020-10,18.4,218.5,87.72,0.123,655,360,76,17,0,115600
South Buganda|Gomba District,Gomba District,South Buganda,2020-10,21.11,133.68,81.31,0.062,2716,123,6,9,0,173800
Acholi|Gulu City,Gulu City,Acholi,2020-10,22.4,232.22,81,0.161,8898,802,73,34,29,208100
Acholi|Gulu District,Gulu District,Acholi,2020-10,22.94,220.56,80.42,0.051,13506,202,15,6,11,117500
Bunyoro|Hoima City,Hoima City,Bunyoro,2020-10,21.74,171.84,85.73,0.106,1677,476,47,35,0,122700
Bunyoro|Hoima District,Hoima District,Bunyoro,2020-10,23.34,153.94,80.95,1.435,3180,103,35,16,3,251800
Ankole|Ibanda District,Ibanda District,Ankole,2020-10,21.02,199.72,75.94,0.048,10529,541,79,8,59,277300
Busoga|Iganga District,Iganga District,Busoga,2020-10,21.87,229.41,83.98,0.078,18865,882,178,56,15,402600
Ankole|Isingiro District,Isingiro District,Ankole,2020-10,20.7,163.86,76.42,0.072,9857,1397,114,45,146,596400
Busoga|Jinja City,Jinja City,Busoga,2020-10,21.48,207.81,87.29,0.826,6525,724,59,43,0,269900
Busoga|Jinja District,Jinja District,Busoga,2020-10,21.53,218.43,86.49,0.125,12668,1325,64,3,166,245200
Karamoja|Kaabong District,Kaabong District,Karamoja,2020-10,21.33,146.73,73.6,0.042,8662,373,8,16,1333,125400
Kigezi|Kabale District,Kabale District,Kigezi,2020-10,17.98,179.94,76.81,0.155,357,633,43,28,6,248700
Tooro|Kabarole District,Kabarole District,Tooro,2020-10,20.35,211.16,82.54,0.049,1489,172,32,14,0,222200
Teso|Kaberamaido District,Kaberamaido District,Teso,2020-10,22.76,187.45,79.59,0.836,2621,61,1,15,3,132700
Bunyoro|Kagadi District,Kagadi District,Bunyoro,2020-10,21.88,168.67,83.32,0.337,7139,114,66,67,7,430200
Bunyoro|Kakumiro District,Kakumiro District,Bunyoro,2020-10,21.13,166.54,82.87,0.048,3671,263,34,16,13,473400
Teso|Kalaki District,Kalaki District,Teso,2020-10,22.42,195.1,81.14,0.404,1799,38,10,12,0,138700
South Buganda|Kalangala District,Kalangala District,South Buganda,2020-10,23.15,151.13,76.14,3.069,858,48,32,3,0,67200
Busoga|Kaliro District,Kaliro District,Busoga,2020-10,22.39,195.17,82.15,0.353,8278,547,138,10,3,288500
South Buganda|Kalungu District,Kalungu District,South Buganda,2020-10,21.47,114.51,80.99,0.209,2641,214,40,16,0,184700
Kampala|Kampala District,Kampala District,Kampala,2020-10,20.97,128.84,87.88,2.367,12506,1700,774,455,41,1680600
Busoga|Kamuli District,Kamuli District,Busoga,2020-10,21.98,172.42,85.15,0.097,31267,2226,321,39,27,558500
Tooro|Kamwenge District,Kamwenge District,Tooro,2020-10,20.91,196.12,77.12,0.048,16760,1121,48,48,141,335200
Kigezi|Kanungu District,Kanungu District,Kigezi,2020-10,20.25,199.9,81.04,0.181,5666,594,44,37,17,222200
Bugisu|Kapchorwa District,Kapchorwa District,Bugisu,2020-10,17.51,302.1,79.75,0.052,561,484,10,19,0,123800
Teso|Kapelebyong District,Kapelebyong District,Teso,2020-10,22.25,189.8,79.46,0.044,5554,71,5,16,0,103800
Karamoja|Karenga District,Karenga District,Karamoja,2020-10,20.96,180.9,77.83,0.044,2962,402,26,8,401,68500
Tooro|Kasese District,Kasese District,Tooro,2020-10,20.58,214.99,73.54,0.427,14359,2710,291,97,39,793200
North Buganda|Kassanda District,Kassanda District,North Buganda,2020-10,20.91,136.95,83.38,0.134,6502,156,23,25,4,312700
Teso|Katakwi District,Katakwi District,Teso,2020-10,22.46,194.5,78.93,0.195,12288,269,14,23,63,194600
North Buganda|Kayunga District,Kayunga District,North Buganda,2020-10,22.03,155.61,85.44,0.332,12938,524,18,25,2,407700
Ankole|Kazo District,Kazo District,Ankole,2020-10,21.13,146.08,76.97,0.042,2872,199,43,2,0,217600
Bunyoro|Kibaale District,Kibaale District,Bunyoro,2020-10,20.86,169.05,82.08,0.054,4191,109,14,7,20,198200
North Buganda|Kiboga District,Kiboga District,North Buganda,2020-10,21.5,135.17,82.81,0.044,4046,601,48,22,6,171200
Bukedi|Kibuku District,Kibuku District,Bukedi,2020-10,21.91,239.82,81.33,0.069,948,935,43,5,0,250600
Bunyoro|Kikuube District,Kikuube District,Bunyoro,2020-10,22.91,163.75,81.48,1.093,11573,681,97,30,140,358700
Ankole|Kiruhura District,Kiruhura District,Ankole,2020-10,20.9,155.88,77.15,0.084,1148,311,4,3,0,185700
Bunyoro|Kiryandongo District,Kiryandongo District,Bunyoro,2020-10,22.4,175.68,82.65,0.066,10367,690,63,19,122,313800
Kigezi|Kisoro District,Kisoro District,Kigezi,2020-10,16.8,191.4,82.23,0.14,539,489,125,26,37,315400
Tooro|Kitagwenda District,Kitagwenda District,Tooro,2020-10,22,238.22,69.96,0.319,4574,134,2,93,0,178300
Acholi|Kitgum District,Kitgum District,Acholi,2020-10,22.13,206.22,78.2,0.053,17712,655,72,49,26,223600
West Nile|Koboko District,Koboko District,West Nile,2020-10,22.45,210.26,81.51,0.051,9913,290,49,44,67,258000
Lango|Kole District,Kole District,Lango,2020-10,22.2,192.27,81.27,0.049,9092,355,10,20,12,284300
Karamoja|Kotido District,Kotido District,Karamoja,2020-10,21.69,149.97,74.42,0.04,11458,1379,657,14,1257,206500
Teso|Kumi District,Kumi District,Teso,2020-10,22.4,158.56,78.6,0.259,13065,270,23,25,14,284800
Lango|Kwania District,Kwania District,Lango,2020-10,22.46,140.1,81.99,0.509,8878,672,9,16,0,216600
Bugisu|Kween District,Kween District,Bugisu,2020-10,19.96,217.99,76,0.045,889,298,18,3,0,109500
North Buganda|Kyankwanzi District,Kyankwanzi District,North Buganda,2020-10,21.68,150.53,81.9,0.045,2859,258,14,6,9,282800
Tooro|Kyegegwa District,Kyegegwa District,Tooro,2020-10,20.72,157.53,79.86,0.049,14164,1355,89,12,156,441000
Tooro|Kyenjojo District,Kyenjojo District,Tooro,2020-10,20.54,186.51,83.51,0.048,10131,2153,104,56,19,525400
South Buganda|Kyotera District,Kyotera District,South Buganda,2020-10,22.21,110.86,78.77,0.973,6997,1029,109,7,27,261000
Acholi|Lamwo District,Lamwo District,Acholi,2020-10,22.48,171.6,80.21,0.055,26581,773,17,12,116,143800
Lango|Lira City,Lira City,Lango,2020-10,22.09,199.14,81.11,0.161,3574,300,103,54,8,243200
Lango|Lira District,Lira District,Lango,2020-10,22.28,189.12,81.06,0.049,4982,281,44,15,14,235300
Busoga|Luuka District,Luuka District,Busoga,2020-10,21.99,209.8,84.15,0.042,16037,497,61,9,0,267100
North Buganda|Luwero District,Luwero District,North Buganda,2020-10,21.18,150.71,88.77,0.062,14877,974,63,17,17,523600
South Buganda|Lwengo District,Lwengo District,South Buganda,2020-10,21.1,136.32,78.97,0.049,3651,259,27,9,0,290500
South Buganda|Lyantonde District,Lyantonde District,South Buganda,2020-10,20.99,131.66,78.53,0.042,1026,477,51,,0,110500
West Nile|Madi-Okollo District,Madi-Okollo District,West Nile,2020-10,24.27,169.99,76.26,0.1,10747,380,24,21,8,164200
Bugisu|Manafwa District,Manafwa District,Bugisu,2020-10,18.96,270.64,83.53,0.048,4595,173,48,4,0,175200
West Nile|Maracha District,Maracha District,West Nile,2020-10,22.11,207.07,80.68,0.039,11509,562,32,65,14,208300
South Buganda|Masaka City,Masaka City,South Buganda,2020-10,21.43,99.44,80.43,0.151,1714,302,19,10,7,224700
South Buganda|Masaka District,Masaka District,South Buganda,2020-10,22.42,114.68,78.67,1.843,1160,206,50,1,0,120400
Bunyoro|Masindi District,Masindi District,Bunyoro,2020-10,22.37,174.59,82.65,0.05,6334,511,31,22,18,340500
Busoga|Mayuge District,Mayuge District,Busoga,2020-10,22.76,161.54,78.85,2.229,18224,433,164,39,44,565100
Bugisu|Mbale City,Mbale City,Bugisu,2020-10,19.93,259.37,82.38,0.072,4502,705,80,58,11,319600
Bugisu|Mbale District,Mbale District,Bugisu,2020-10,19.48,264.33,82.87,0.046,5791,869,16,10,0,266700
Ankole|Mbarara City,Mbarara City,Ankole,2020-10,20.4,188.31,74.99,0.118,589,552,84,46,0,221300
Ankole|Mbarara District,Mbarara District,Ankole,2020-10,20.24,197.89,76.6,0.048,631,270,28,10,3,169400
Ankole|Mitooma District,Mitooma District,Ankole,2020-10,19.83,252.27,78.31,0.038,2470,363,53,4,0,194300
North Buganda|Mityana District,Mityana District,North Buganda,2020-10,20.82,145.07,86.43,0.207,10029,774,67,30,1,362500
Karamoja|Moroto District,Moroto District,Karamoja,2020-10,21.32,168.89,73.53,0.04,5105,367,52,25,231,118500
West Nile|Moyo District,Moyo District,West Nile,2020-10,23.7,183.24,80.44,0.137,13421,697,22,9,6,109500
South Buganda|Mpigi District,Mpigi District,South Buganda,2020-10,21.54,123.18,82.87,0.735,2526,532,39,27,0,286600
North Buganda|Mubende District,Mubende District,North Buganda,2020-10,20.76,147.82,82.07,0.052,16171,190,132,38,2,554800
North Buganda|Mukono District,Mukono District,North Buganda,2020-10,22.2,142.12,81.86,1.804,10846,1311,126,24,19,701400
Karamoja|Nabilatuk District,Nabilatuk District,Karamoja,2020-10,21.87,164.94,76.85,0.036,3570,319,30,11,765,89700
Karamoja|Nakapiripirit District,Nakapiripirit District,Karamoja,2020-10,21.14,184.5,75.15,0.04,4671,263,56,17,465,113300
North Buganda|Nakaseke District,Nakaseke District,North Buganda,2020-10,21.55,142.14,84.73,0.045,4991,172,69,15,0,234600
North Buganda|Nakasongola District,Nakasongola District,North Buganda,2020-10,22.45,135.01,82.01,0.27,7682,588,18,67,0,215200
Busoga|Namayingo District,Namayingo District,Busoga,2020-10,23.16,165.14,76.19,2.908,13831,306,75,11,10,237000
Bugisu|Namisindwa District,Namisindwa District,Bugisu,2020-10,16.49,278.84,85.1,0.05,2020,68,51,15,0,231500
Busoga|Namutumba District,Namutumba District,Busoga,2020-10,21.99,227.72,83.09,0.043,5828,1111,22,5,1,306500
Karamoja|Napak District,Napak District,Karamoja,2020-10,21.96,166.67,76.28,0.039,7652,887,38,44,407,158300
West Nile|Nebbi District,Nebbi District,West Nile,2020-10,23.55,159.89,75.95,0.038,12284,525,163,112,53,282600
Teso|Ngora District,Ngora District,Teso,2020-10,22.5,156.86,81.15,0.322,6695,487,7,13,3,165800
Tooro|Ntoroko District,Ntoroko District,Tooro,2020-10,23.73,135.81,78.11,0.451,708,83,23,1,3,76000
Ankole|Ntungamo District,Ntungamo District,Ankole,2020-10,20.04,205.85,73.85,0.041,4048,964,54,13,2,540800
Acholi|Nwoya District,Nwoya District,Acholi,2020-10,23.01,233.52,82.01,0.087,10140,326,5,3,24,236000
West Nile|Obongi District,Obongi District,West Nile,2020-10,24.45,187.12,79.36,0.256,11735,1000,10,14,65,49100
Acholi|Omoro District,Omoro District,Acholi,2020-10,22.42,221.05,80.71,0.057,13379,372,18,7,35,196400
Lango|Otuke District,Otuke District,Lango,2020-10,22.29,228.44,79.68,0.05,4326,148,4,17,4,133500
Lango|Oyam District,Oyam District,Lango,2020-10,22.24,205.59,81.55,0.058,18561,507,40,117,156,453700
Acholi|Pader District,Pader District,Acholi,2020-10,22.79,202.47,79.65,0.052,22464,666,66,11,8,197300
West Nile|Pakwach District,Pakwach District,West Nile,2020-10,24.54,157.6,78.48,0.267,10515,173,21,10,6,196800
Bukedi|Pallisa District,Pallisa District,Bukedi,2020-10,22.37,188.09,81.62,0.345,2992,590,65,19,5,353400
South Buganda|Rakai District,Rakai District,South Buganda,2020-10,21,140.19,80.41,0.136,6157,740,82,17,41,317700
Kigezi|Rubanda District,Rubanda District,Kigezi,2020-10,17.17,172.59,80.41,0.115,246,554,12,6,4,208500
Ankole|Rubirizi District,Rubirizi District,Ankole,2020-10,22.86,249.19,74.06,0.836,1864,50,18,2,0,144100
Kigezi|Rukiga District,Rukiga District,Kigezi,2020-10,19.18,182.98,74.46,0.032,128,340,18,1,0,105400
Kigezi|Rukungiri District,Rukungiri District,Kigezi,2020-10,20.79,216.27,78.69,0.222,3998,875,72,41,7,333800
Ankole|Rwampara District,Rwampara District,Ankole,2020-10,19.8,219.97,76.73,0.037,431,267,12,6,3,144600
South Buganda|Sembabule District,Sembabule District,South Buganda,2020-10,21.26,122.35,77.85,0.042,2904,219,44,9,0,296100
Teso|Serere District,Serere District,Teso,2020-10,22.85,167.69,79.07,0.887,3340,236,13,12,0,359500
Ankole|Sheema District,Sheema District,Ankole,2020-10,19.63,225.74,79.93,0.048,261,247,25,9,3,220500
Bugisu|Sironko District,Sironko District,Bugisu,2020-10,17.18,294.81,84.51,0.05,4327,576,19,18,1,274300
Teso|Soroti City,Soroti City,Teso,2020-10,22.18,230.81,81.63,0.122,6671,221,57,36,0,69900
Teso|Soroti District,Soroti District,Teso,2020-10,22.2,198.99,81.72,0.161,6892,154,20,12,0,293700
West Nile|Terego District,Terego District,West Nile,2020-10,23.84,199.54,77.49,0.047,19239,920,54,22,96,233300
Bukedi|Tororo District,Tororo District,Bukedi,2020-10,21.05,244.97,79.76,0.042,4968,1439,73,47,15,597500
South Buganda|Wakiso District,Wakiso District,South Buganda,2020-10,21.52,122.95,84.99,1.139,19861,1475,422,78,50,2915200
West Nile|Yumbe District,Yumbe District,West Nile,2020-10,23.6,192.25,79.37,0.051,49405,1483,168,31,180,663600
West Nile|Zombo District,Zombo District,West Nile,2020-10,20.68,177.88,81.1,0.045,4622,977,197,45,0,283100
Karamoja|Abim District,Abim District,Karamoja,2020-11,22.93,91.6,64.23,0.043,7905,242,24,7,412,153500
West Nile|Adjumani District,Adjumani District,West Nile,2020-11,24.68,135.69,73.92,0.092,36561,2301,124,10,133,235900
Acholi|Agago District,Agago District,Acholi,2020-11,22.99,97.08,68.45,0.054,24112,393,19,51,33,251200
Lango|Alebtong District,Alebtong District,Lango,2020-11,22.72,134.97,72.39,0.057,4304,243,15,19,1,266100
Lango|Amolatar District,Amolatar District,Lango,2020-11,23.51,163.48,75.6,1.573,4668,568,9,4,0,170100
Karamoja|Amudat District,Amudat District,Karamoja,2020-11,22.43,72.28,61.96,0.043,2364,408,36,4,367,134900
Teso|Amuria District,Amuria District,Teso,2020-11,22.49,140.96,73.29,0.053,10384,193,10,24,0,225000
Acholi|Amuru District,Amuru District,Acholi,2020-11,24.1,142.55,74.01,0.056,16297,223,43,21,31,216800
Lango|Apac District,Apac District,Lango,2020-11,22.86,162.87,77.22,0.187,11757,715,33,41,0,226600
West Nile|Arua City,Arua City,West Nile,2020-11,22.77,121.32,73.67,0.067,7024,359,91,12,23,361400
West Nile|Arua District,Arua District,West Nile,2020-11,23.42,122.89,72.1,0.05,2938,54,7,9,15,156300
Bukedi|Budaka District,Budaka District,Bukedi,2020-11,21.24,364.3,78.14,0.046,2698,2285,105,5,0,253100
Bugisu|Bududa District,Bududa District,Bugisu,2020-11,14.05,339.15,80.23,0.061,973,1092,86,6,13,271100
Busoga|Bugiri District,Bugiri District,Busoga,2020-11,21.71,494.12,83.87,0.108,5407,589,37,27,8,480400
Busoga|Bugweri District,Bugweri District,Busoga,2020-11,21.64,487.2,84.39,0.065,6190,82,24,4,12,191600
Ankole|Buhweju District,Buhweju District,Ankole,2020-11,18.87,111.22,82.9,0.058,387,300,6,4,0,144100
North Buganda|Buikwe District,Buikwe District,North Buganda,2020-11,21.5,426.16,85.43,0.565,11005,1085,56,75,3,474100
Teso|Bukedea District,Bukedea District,Teso,2020-11,21.5,204.8,74.63,0.053,7530,235,17,8,0,259300
South Buganda|Bukomansimbi District,Bukomansimbi District,South Buganda,2020-11,20.69,158.71,83.09,0.038,2409,246,15,,0,156600
Bugisu|Bukwo District,Bukwo District,Bugisu,2020-11,18.83,227.37,65.44,0.064,322,1074,62,1,0,119100
Bugisu|Bulambuli District,Bulambuli District,Bugisu,2020-11,18.94,208.67,71.54,0.058,2638,821,40,4,0,230600
Bunyoro|Buliisa District,Buliisa District,Bunyoro,2020-11,24.56,127.28,77.28,1.418,7762,160,24,16,7,149300
Tooro|Bundibugyo District,Bundibugyo District,Tooro,2020-11,19.67,143.57,82.56,0.075,9521,846,154,84,73,263800
Tooro|Bunyangabu District,Bunyangabu District,Tooro,2020-11,18.54,165.84,84.25,0.052,1699,350,73,11,0,195100
Ankole|Bushenyi District,Bushenyi District,Ankole,2020-11,19.42,107.36,83.26,0.065,2605,315,20,16,6,239600
Bukedi|Busia District,Busia District,Bukedi,2020-11,21.38,507.2,82.56,0.172,17876,353,19,32,1,384000
Bukedi|Butaleja District,Butaleja District,Bukedi,2020-11,21.28,404.13,80.08,0.047,2519,538,184,34,0,300500
South Buganda|Butambala District,Butambala District,South Buganda,2020-11,20.69,229.84,86.16,0.047,4153,327,24,18,3,107800
Bukedi|Butebo District,Butebo District,Bukedi,2020-11,21.82,297.36,77.24,0.047,3038,181,16,9,0,121200
North Buganda|Buvuma District,Buvuma District,North Buganda,2020-11,22.88,336.27,77.12,3.172,1893,256,12,3,0,128900
Busoga|Buyende District,Buyende District,Busoga,2020-11,23.28,312.71,77.56,0.991,5899,572,66,16,6,414600
Lango|Dokolo District,Dokolo District,Lango,2020-11,22.79,156.26,74.68,0.327,6251,300,62,19,1,215500
Tooro|Fort Portal City,Fort Portal City,Tooro,2020-11,18.56,152.24,86.05,0.126,707,487,124,13,6,115600
South Buganda|Gomba District,Gomba District,South Buganda,2020-11,20.67,162.39,84.54,0.066,3482,79,2,6,0,173800
Acholi|Gulu City,Gulu City,Acholi,2020-11,23.11,162.67,74.06,0.167,8939,702,117,54,40,208100
Acholi|Gulu District,Gulu District,Acholi,2020-11,23.73,122.27,72.79,0.053,11998,197,12,10,5,117500
Bunyoro|Hoima City,Hoima City,Bunyoro,2020-11,21.99,109.23,82.95,0.116,1720,509,38,27,0,122700
Bunyoro|Hoima District,Hoima District,Bunyoro,2020-11,23.67,101.63,78.37,1.442,3587,69,46,1,1,251800
Ankole|Ibanda District,Ibanda District,Ankole,2020-11,20.47,99.13,79.86,0.054,15233,884,51,47,2,277300
Busoga|Iganga District,Iganga District,Busoga,2020-11,21.77,457.57,83.63,0.085,18240,878,47,46,29,402600
Ankole|Isingiro District,Isingiro District,Ankole,2020-11,20.07,115.92,81.18,0.077,13185,1591,104,42,151,596400
Busoga|Jinja City,Jinja City,Busoga,2020-11,21.51,495.58,86.6,0.83,6506,399,70,53,0,269900
Busoga|Jinja District,Jinja District,Busoga,2020-11,21.52,430.63,85.81,0.129,11094,554,34,1,5,245200
Karamoja|Kaabong District,Kaabong District,Karamoja,2020-11,21.92,52.74,65.74,0.039,8270,348,34,28,1548,125400
Kigezi|Kabale District,Kabale District,Kigezi,2020-11,17.39,115.51,81.46,0.164,373,638,76,21,4,248700
Tooro|Kabarole District,Kabarole District,Tooro,2020-11,20.33,140.51,82.99,0.055,1988,280,64,15,0,222200
Teso|Kaberamaido District,Kaberamaido District,Teso,2020-11,23.27,191.58,73.93,0.843,3515,55,10,21,0,132700
Bunyoro|Kagadi District,Kagadi District,Bunyoro,2020-11,21.98,110.88,82.52,0.348,6559,111,63,35,24,430200
Bunyoro|Kakumiro District,Kakumiro District,Bunyoro,2020-11,21.29,123.12,81.33,0.059,4441,343,26,4,16,473400
Teso|Kalaki District,Kalaki District,Teso,2020-11,22.93,185.11,74.7,0.414,2796,85,11,9,0,138700
South Buganda|Kalangala District,Kalangala District,South Buganda,2020-11,22.99,257.03,75.38,3.068,1049,36,40,,0,67200
Busoga|Kaliro District,Kaliro District,Busoga,2020-11,22.44,384.43,80.47,0.361,9011,647,115,5,11,288500
South Buganda|Kalungu District,Kalungu District,South Buganda,2020-11,21,168.64,83.44,0.207,2728,307,31,13,0,184700
Kampala|Kampala District,Kampala District,Kampala,2020-11,20.95,310.96,87.03,2.367,13062,2416,581,262,24,1680600
Busoga|Kamuli District,Kamuli District,Busoga,2020-11,22.03,388.85,83.52,0.105,24683,1800,277,42,6,558500
Tooro|Kamwenge District,Kamwenge District,Tooro,2020-11,20.51,124.68,81.12,0.056,20755,1300,33,41,190,335200
Kigezi|Kanungu District,Kanungu District,Kigezi,2020-11,19.95,109.27,82.84,0.19,6394,602,49,37,6,222200
Bugisu|Kapchorwa District,Kapchorwa District,Bugisu,2020-11,18.11,255.07,70.93,0.067,554,596,14,12,1,123800
Teso|Kapelebyong District,Kapelebyong District,Teso,2020-11,22.95,108.17,68.56,0.046,4109,134,6,14,0,103800
Karamoja|Karenga District,Karenga District,Karamoja,2020-11,21.47,58.26,69.74,0.04,3381,434,14,8,221,68500
Tooro|Kasese District,Kasese District,Tooro,2020-11,20.08,121.61,78.51,0.435,14518,2668,321,72,69,793200
North Buganda|Kassanda District,Kassanda District,North Buganda,2020-11,20.86,166.65,83.46,0.142,7101,156,14,27,0,312700
Teso|Katakwi District,Katakwi District,Teso,2020-11,23.12,100.73,69.59,0.199,11361,217,33,15,16,194600
North Buganda|Kayunga District,Kayunga District,North Buganda,2020-11,22.14,326.03,83.26,0.339,12766,645,53,53,5,407700
Ankole|Kazo District,Kazo District,Ankole,2020-11,20.53,92.35,82.05,0.051,4197,142,65,,0,217600
Bunyoro|Kibaale District,Kibaale District,Bunyoro,2020-11,20.86,126.46,82.19,0.064,5051,182,29,8,9,198200
North Buganda|Kiboga District,Kiboga District,North Buganda,2020-11,21.65,228.7,81.36,0.051,4410,628,61,13,27,171200
Bukedi|Kibuku District,Kibuku District,Bukedi,2020-11,21.96,390.07,79.91,0.075,1186,340,44,1,0,250600
Bunyoro|Kikuube District,Kikuube District,Bunyoro,2020-11,23.08,102.74,79.76,1.101,13067,884,60,14,253,358700
Ankole|Kiruhura District,Kiruhura District,Ankole,2020-11,20.35,109.53,80.94,0.089,1732,839,17,1,0,185700
Bunyoro|Kiryandongo District,Kiryandongo District,Bunyoro,2020-11,22.95,207.2,77.24,0.074,12750,549,50,26,170,313800
Kigezi|Kisoro District,Kisoro District,Kigezi,2020-11,16.55,133.92,84.61,0.151,681,600,127,8,27,315400
Tooro|Kitagwenda District,Kitagwenda District,Tooro,2020-11,21.4,114.36,74.64,0.326,4703,101,5,3,1,178300
Acholi|Kitgum District,Kitgum District,Acholi,2020-11,22.64,89.55,70.12,0.054,18530,579,89,19,22,223600
West Nile|Koboko District,Koboko District,West Nile,2020-11,23.33,106.77,74.23,0.057,11313,258,38,32,90,258000
Lango|Kole District,Kole District,Lango,2020-11,22.79,129.06,74.12,0.06,10883,317,11,31,15,284300
Karamoja|Kotido District,Kotido District,Karamoja,2020-11,22.54,66.89,63.19,0.034,9872,1075,732,42,1686,206500
Teso|Kumi District,Kumi District,Teso,2020-11,22.78,184.05,73.22,0.265,13083,190,22,25,12,284800
Lango|Kwania District,Kwania District,Lango,2020-11,23,149.35,76.22,0.517,8212,683,10,11,0,216600
Bugisu|Kween District,Kween District,Bugisu,2020-11,20.9,164.35,64.59,0.053,1124,279,6,2,0,109500
North Buganda|Kyankwanzi District,Kyankwanzi District,North Buganda,2020-11,21.91,147.93,79.39,0.056,3591,294,16,3,2,282800
Tooro|Kyegegwa District,Kyegegwa District,Tooro,2020-11,20.37,131.78,82.96,0.056,20782,751,87,11,171,441000
Tooro|Kyenjojo District,Kyenjojo District,Tooro,2020-11,20.48,129.39,83.95,0.058,12252,2322,97,37,63,525400
South Buganda|Kyotera District,Kyotera District,South Buganda,2020-11,21.84,203.25,79.61,0.972,8841,697,164,,5,261000
Acholi|Lamwo District,Lamwo District,Acholi,2020-11,23.18,105.19,72.46,0.054,26901,1069,83,18,96,143800
Lango|Lira City,Lira City,Lango,2020-11,22.7,135.16,73.31,0.165,4494,424,82,47,8,243200
Lango|Lira District,Lira District,Lango,2020-11,22.89,132.48,73.07,0.057,6034,359,24,15,20,235300
Busoga|Luuka District,Luuka District,Busoga,2020-11,21.95,431.29,83.26,0.052,15667,507,57,2,0,267100
North Buganda|Luwero District,Luwero District,North Buganda,2020-11,21.3,297.32,86.59,0.069,16021,1445,70,25,41,523600
South Buganda|Lwengo District,Lwengo District,South Buganda,2020-11,20.53,146.75,82.15,0.05,4702,291,20,6,0,290500
South Buganda|Lyantonde District,Lyantonde District,South Buganda,2020-11,20.45,116.68,81.81,0.046,1275,213,49,1,0,110500
West Nile|Madi-Okollo District,Madi-Okollo District,West Nile,2020-11,24.82,114.84,71.4,0.105,12038,234,20,20,14,164200
Bugisu|Manafwa District,Manafwa District,Bugisu,2020-11,18.96,370.45,83.26,0.056,3391,268,49,2,20,175200
West Nile|Maracha District,Maracha District,West Nile,2020-11,22.85,131.21,74.2,0.045,11675,445,27,29,17,208300
South Buganda|Masaka City,Masaka City,South Buganda,2020-11,20.95,163.57,82.76,0.15,2116,292,27,41,0,224700
South Buganda|Masaka District,Masaka District,South Buganda,2020-11,22.12,208.26,79.06,1.841,1532,267,27,,0,120400
Bunyoro|Masindi District,Masindi District,Bunyoro,2020-11,22.84,181.34,78.59,0.062,8277,685,55,23,6,340500
Busoga|Mayuge District,Mayuge District,Busoga,2020-11,22.45,422.83,80.18,2.231,15340,587,79,15,22,565100
Bugisu|Mbale City,Mbale City,Bugisu,2020-11,19.86,328.16,81.55,0.08,5078,814,90,7,7,319600
Bugisu|Mbale District,Mbale District,Bugisu,2020-11,19.38,384.7,82.68,0.055,5589,1308,34,6,0,266700
Ankole|Mbarara City,Mbarara City,Ankole,2020-11,19.77,102.88,79.62,0.124,534,709,57,63,0,221300
Ankole|Mbarara District,Mbarara District,Ankole,2020-11,19.7,100.36,80.69,0.053,628,320,28,2,3,169400
Ankole|Mitooma District,Mitooma District,Ankole,2020-11,19.27,104.46,83.24,0.045,3154,911,57,2,0,194300
North Buganda|Mityana District,Mityana District,North Buganda,2020-11,20.77,258.2,86.59,0.214,11105,859,55,23,22,362500
Karamoja|Moroto District,Moroto District,Karamoja,2020-11,22.26,44.79,61.44,0.038,5171,523,65,10,599,118500
West Nile|Moyo District,Moyo District,West Nile,2020-11,24.39,109.92,74.36,0.137,13074,728,27,11,22,109500
South Buganda|Mpigi District,Mpigi District,South Buganda,2020-11,21.29,237.11,84.05,0.736,3085,655,82,23,0,286600
North Buganda|Mubende District,Mubende District,North Buganda,2020-11,20.59,136.37,83.5,0.062,18302,237,165,24,4,554800
North Buganda|Mukono District,Mukono District,North Buganda,2020-11,22.14,334.86,81.1,1.805,11030,1746,105,20,12,701400
Karamoja|Nabilatuk District,Nabilatuk District,Karamoja,2020-11,22.74,68.4,64.87,0.033,2810,289,44,3,495,89700
Karamoja|Nakapiripirit District,Nakapiripirit District,Karamoja,2020-11,22.02,84.24,63.15,0.042,4629,224,28,19,721,113300
North Buganda|Nakaseke District,Nakaseke District,North Buganda,2020-11,21.75,234.83,82.2,0.054,5016,259,83,219,0,234600
North Buganda|Nakasongola District,Nakasongola District,North Buganda,2020-11,22.67,195.58,79.21,0.278,8438,536,12,1,2,215200
Busoga|Namayingo District,Namayingo District,Busoga,2020-11,22.72,412.48,78.36,2.909,12641,255,60,4,5,237000
Bugisu|Namisindwa District,Namisindwa District,Bugisu,2020-11,16.73,366.43,81.64,0.06,1981,158,3,7,0,231500
Busoga|Namutumba District,Namutumba District,Busoga,2020-11,21.93,437.08,82.4,0.049,5124,1131,26,6,2,306500
Karamoja|Napak District,Napak District,Karamoja,2020-11,22.94,60.62,63.28,0.036,7364,542,68,26,656,158300
West Nile|Nebbi District,Nebbi District,West Nile,2020-11,23.75,105.43,72.61,0.045,13213,915,125,195,31,282600
Teso|Ngora District,Ngora District,Teso,2020-11,22.87,210.09,76.46,0.328,6745,420,5,7,0,165800
Tooro|Ntoroko District,Ntoroko District,Tooro,2020-11,24.02,89.22,75.42,0.46,758,68,13,3,0,76000
Ankole|Ntungamo District,Ntungamo District,Ankole,2020-11,19.28,103.05,80.03,0.049,4517,1311,94,18,1,540800
Acholi|Nwoya District,Nwoya District,Acholi,2020-11,23.73,164.96,75.94,0.091,10006,387,14,13,25,236000
West Nile|Obongi District,Obongi District,West Nile,2020-11,25.19,104.29,73.64,0.26,11679,717,10,10,50,49100
Acholi|Omoro District,Omoro District,Acholi,2020-11,23.12,151.84,73.64,0.066,15388,272,34,7,0,196400
Lango|Otuke District,Otuke District,Lango,2020-11,22.96,117.05,69.24,0.053,4792,242,8,12,4,133500
Lango|Oyam District,Oyam District,Lango,2020-11,22.82,160.53,75.19,0.069,20306,680,43,86,110,453700
Acholi|Pader District,Pader District,Acholi,2020-11,23.53,103.25,70.81,0.054,21903,630,100,10,10,197300
West Nile|Pakwach District,Pakwach District,West Nile,2020-11,25.09,114.32,74.86,0.274,10949,195,36,15,4,196800
Bukedi|Pallisa District,Pallisa District,Bukedi,2020-11,22.59,352.23,79.09,0.351,4309,617,90,8,0,353400
South Buganda|Rakai District,Rakai District,South Buganda,2020-11,20.43,142.34,83.63,0.139,9950,1078,75,7,3,317700
Kigezi|Rubanda District,Rubanda District,Kigezi,2020-11,16.81,117.02,83.48,0.125,291,653,34,6,2,208500
Ankole|Rubirizi District,Rubirizi District,Ankole,2020-11,22.3,115.68,77.18,0.845,2032,101,14,2,0,144100
Kigezi|Rukiga District,Rukiga District,Kigezi,2020-11,18.44,114.77,80.23,0.041,128,345,23,2,0,105400
Kigezi|Rukungiri District,Rukungiri District,Kigezi,2020-11,20.3,111.08,82.49,0.228,5352,1076,103,46,3,333800
Ankole|Rwampara District,Rwampara District,Ankole,2020-11,19.22,108.57,81.21,0.043,537,303,7,2,5,144600
South Buganda|Sembabule District,Sembabule District,South Buganda,2020-11,20.64,123.15,82.29,0.046,3839,229,79,10,0,296100
Teso|Serere District,Serere District,Teso,2020-11,23.17,251.27,75.39,0.893,3671,200,23,19,0,359500
Ankole|Sheema District,Sheema District,Ankole,2020-11,19.18,98.68,83.64,0.055,319,323,19,21,5,220500
Bugisu|Sironko District,Sironko District,Bugisu,2020-11,17.4,279.73,80.52,0.061,3852,830,25,22,0,274300
Teso|Soroti City,Soroti City,Teso,2020-11,22.57,146.62,75.68,0.127,6865,253,24,26,0,69900
Teso|Soroti District,Soroti District,Teso,2020-11,22.62,155.01,75.37,0.169,8326,170,16,18,0,293700
West Nile|Terego District,Terego District,West Nile,2020-11,24.49,121.35,71.92,0.051,21600,1105,45,30,122,233300
Bukedi|Tororo District,Tororo District,Bukedi,2020-11,20.99,431.93,79.78,0.049,6075,1560,126,62,15,597500
South Buganda|Wakiso District,Wakiso District,South Buganda,2020-11,21.49,300.13,84.14,1.141,19292,1674,495,65,21,2915200
West Nile|Yumbe District,Yumbe District,West Nile,2020-11,24.28,101.71,73.23,0.053,39243,1714,149,70,206,663600
West Nile|Zombo District,Zombo District,West Nile,2020-11,21.15,131.47,76,0.051,4944,826,186,57,2,283100
Karamoja|Abim District,Abim District,Karamoja,2020-12,24.07,12.59,45.92,0.03,6822,135,48,7,370,153500
West Nile|Adjumani District,Adjumani District,West Nile,2020-12,26.43,30.95,52.31,0.081,34562,2316,171,36,84,235900
Acholi|Agago District,Agago District,Acholi,2020-12,24.08,18.56,49.67,0.039,19836,393,45,39,26,251200
Lango|Alebtong District,Alebtong District,Lango,2020-12,24.03,16.07,53.57,0.043,13302,265,16,16,0,266100
Lango|Amolatar District,Amolatar District,Lango,2020-12,24.43,31.09,68.84,1.57,7113,699,5,4,0,170100
Karamoja|Amudat District,Amudat District,Karamoja,2020-12,23.5,8.71,44.65,0.026,1550,309,43,3,307,134900
Teso|Amuria District,Amuria District,Teso,2020-12,23.73,16.57,55.47,0.039,7059,125,10,32,0,225000
Acholi|Amuru District,Amuru District,Acholi,2020-12,25.8,32.41,52.43,0.045,16173,309,26,11,9,216800
Lango|Apac District,Apac District,Lango,2020-12,23.88,29.35,65.57,0.182,12283,873,27,19,0,226600
West Nile|Arua City,Arua City,West Nile,2020-12,24.4,30.97,51.97,0.061,5502,282,65,43,37,361400
West Nile|Arua District,Arua District,West Nile,2020-12,25.11,35.02,50.35,0.044,3046,84,16,3,24,156300
Bukedi|Budaka District,Budaka District,Bukedi,2020-12,21.58,47.28,70.09,0.041,3765,369,42,15,1,253100
Bugisu|Bududa District,Bududa District,Bugisu,2020-12,14.08,22.69,69.11,0.059,934,1145,86,6,0,271100
Busoga|Bugiri District,Bugiri District,Busoga,2020-12,21.91,81.9,80.84,0.105,6227,641,51,15,12,480400
Busoga|Bugweri District,Bugweri District,Busoga,2020-12,21.88,85.62,81.46,0.06,7052,109,16,5,0,191600
Ankole|Buhweju District,Buhweju District,Ankole,2020-12,19.49,151.55,75.21,0.063,314,232,5,8,0,144100
North Buganda|Buikwe District,Buikwe District,North Buganda,2020-12,21.93,136.56,82.61,0.573,11767,1307,109,30,6,474100
Teso|Bukedea District,Bukedea District,Teso,2020-12,22.29,21.91,60.78,0.043,6493,296,11,24,0,259300
South Buganda|Bukomansimbi District,Bukomansimbi District,South Buganda,2020-12,21.21,161.58,78.43,0.044,2580,173,13,,0,156600
Bugisu|Bukwo District,Bukwo District,Bugisu,2020-12,19.69,10.18,48.09,0.052,261,776,95,2,0,119100
Bugisu|Bulambuli District,Bulambuli District,Bugisu,2020-12,19.58,18.22,55.62,0.049,3050,1048,51,4,0,230600
Bunyoro|Buliisa District,Buliisa District,Bunyoro,2020-12,25.76,34.19,66.42,1.417,8004,194,33,4,3,149300
Tooro|Bundibugyo District,Bundibugyo District,Tooro,2020-12,20.32,133.3,68.12,0.084,7413,627,175,18,71,263800
Tooro|Bunyangabu District,Bunyangabu District,Tooro,2020-12,19.14,174.39,72.15,0.06,1022,260,45,5,0,195100
Ankole|Bushenyi District,Bushenyi District,Ankole,2020-12,20.03,194.17,77.1,0.068,2280,455,25,28,16,239600
Bukedi|Busia District,Busia District,Bukedi,2020-12,21.62,70.02,79.33,0.168,20021,467,55,29,12,384000
Bukedi|Butaleja District,Butaleja District,Bukedi,2020-12,21.48,50.85,74.51,0.044,4419,730,240,32,0,300500
South Buganda|Butambala District,Butambala District,South Buganda,2020-12,21.03,124.07,81.98,0.052,3669,564,43,28,3,107800
Bukedi|Butebo District,Butebo District,Bukedi,2020-12,22.49,40.18,67.2,0.039,5116,194,38,18,1,121200
North Buganda|Buvuma District,Buvuma District,North Buganda,2020-12,23.36,151.87,74.94,3.173,2229,400,13,2,0,128900
Busoga|Buyende District,Buyende District,Busoga,2020-12,23.83,39.65,72.85,0.988,9471,581,29,13,6,414600
Lango|Dokolo District,Dokolo District,Lango,2020-12,23.92,23.96,61.76,0.317,7304,395,53,21,0,215500
Tooro|Fort Portal City,Fort Portal City,Tooro,2020-12,18.91,136.36,73.69,0.134,624,434,85,18,0,115600
South Buganda|Gomba District,Gomba District,South Buganda,2020-12,21.2,125.76,78.27,0.072,3549,142,18,6,0,173800
Acholi|Gulu City,Gulu City,Acholi,2020-12,24.53,24.5,54.99,0.159,9184,921,82,49,56,208100
Acholi|Gulu District,Gulu District,Acholi,2020-12,25.23,28.14,52.55,0.041,11795,226,20,10,17,117500
Bunyoro|Hoima City,Hoima City,Bunyoro,2020-12,22.74,57.27,72.35,0.116,1367,403,41,51,0,122700
Bunyoro|Hoima District,Hoima District,Bunyoro,2020-12,24.68,42.72,68.5,1.442,2764,115,44,1,3,251800
Ankole|Ibanda District,Ibanda District,Ankole,2020-12,21.45,124.07,69.27,0.058,10531,729,67,16,4,277300
Busoga|Iganga District,Iganga District,Busoga,2020-12,21.97,79.52,80.63,0.082,19446,1204,74,51,35,402600
Ankole|Isingiro District,Isingiro District,Ankole,2020-12,20.58,170.2,76.36,0.081,11036,1428,98,42,153,596400
Busoga|Jinja City,Jinja City,Busoga,2020-12,21.8,109.63,84.7,0.831,9458,749,93,36,0,269900
Busoga|Jinja District,Jinja District,Busoga,2020-12,21.72,91.81,83.86,0.13,12808,756,86,3,0,245200
Karamoja|Kaabong District,Kaabong District,Karamoja,2020-12,23.09,24.61,47.17,0.029,5183,225,33,37,943,125400
Kigezi|Kabale District,Kabale District,Kigezi,2020-12,17.74,145.43,76.96,0.165,400,648,82,29,10,248700
Tooro|Kabarole District,Kabarole District,Tooro,2020-12,20.9,118.42,71.62,0.064,1571,164,38,8,0,222200
Teso|Kaberamaido District,Kaberamaido District,Teso,2020-12,24.3,28.58,64.81,0.836,5147,75,12,14,0,132700
Bunyoro|Kagadi District,Kagadi District,Bunyoro,2020-12,22.65,57.04,73.22,0.348,6124,119,75,40,10,430200
Bunyoro|Kakumiro District,Kakumiro District,Bunyoro,2020-12,22.33,59.17,68.06,0.061,4321,316,34,6,3,473400
Teso|Kalaki District,Kalaki District,Teso,2020-12,24.06,21.16,61.2,0.403,3151,36,7,20,0,138700
South Buganda|Kalangala District,Kalangala District,South Buganda,2020-12,23.45,169.47,73.17,3.069,1181,41,66,2,2,67200
Busoga|Kaliro District,Kaliro District,Busoga,2020-12,22.8,50.24,75.62,0.356,9788,749,183,2,0,288500
South Buganda|Kalungu District,Kalungu District,South Buganda,2020-12,21.37,147.91,80.46,0.213,2711,1888,30,7,0,184700
Kampala|Kampala District,Kampala District,Kampala,2020-12,21.26,144.72,83.77,2.369,13033,2582,848,424,27,1680600
Busoga|Kamuli District,Kamuli District,Busoga,2020-12,22.26,52.7,79.96,0.106,24929,1879,101,36,1,558500
Tooro|Kamwenge District,Kamwenge District,Tooro,2020-12,21.51,120.98,69.78,0.063,13721,1156,30,40,201,335200
Kigezi|Kanungu District,Kanungu District,Kigezi,2020-12,20.42,160.35,78.23,0.194,5371,587,64,17,9,222200
Bugisu|Kapchorwa District,Kapchorwa District,Bugisu,2020-12,18.56,17.38,55.93,0.059,568,561,16,18,0,123800
Teso|Kapelebyong District,Kapelebyong District,Teso,2020-12,24.35,15.92,48.97,0.032,2595,118,11,14,0,103800
Karamoja|Karenga District,Karenga District,Karamoja,2020-12,22.27,31.68,52.51,0.03,2928,936,4,44,272,68500
Tooro|Kasese District,Kasese District,Tooro,2020-12,20.94,145.05,69.06,0.438,15506,3214,268,59,49,793200
North Buganda|Kassanda District,Kassanda District,North Buganda,2020-12,21.47,91.74,75.46,0.146,7610,128,46,55,2,312700
Teso|Katakwi District,Katakwi District,Teso,2020-12,24.5,14.14,50.65,0.189,11983,248,44,41,0,194600
North Buganda|Kayunga District,Kayunga District,North Buganda,2020-12,22.44,61.16,78.88,0.339,13720,767,44,41,0,407700
Ankole|Kazo District,Kazo District,Ankole,2020-12,21.9,109.18,68.27,0.057,3708,212,23,2,0,217600
Bunyoro|Kibaale District,Kibaale District,Bunyoro,2020-12,21.79,84.38,69.92,0.069,5274,226,19,28,9,198200
North Buganda|Kiboga District,Kiboga District,North Buganda,2020-12,22.45,57.25,70.8,0.054,4671,739,59,24,26,171200
Bukedi|Kibuku District,Kibuku District,Bukedi,2020-12,22.41,51.57,73.08,0.07,1707,437,50,4,0,250600
Bunyoro|Kikuube District,Kikuube District,Bunyoro,2020-12,23.91,40.55,70.46,1.101,10720,913,66,6,77,358700
Ankole|Kiruhura District,Kiruhura District,Ankole,2020-12,21.25,124.09,73.03,0.096,1846,392,10,3,0,185700
Bunyoro|Kiryandongo District,Kiryandongo District,Bunyoro,2020-12,24.12,38.26,61.88,0.069,12170,1338,103,24,167,313800
Kigezi|Kisoro District,Kisoro District,Kigezi,2020-12,16.65,173.91,82.83,0.153,603,653,117,13,20,315400
Tooro|Kitagwenda District,Kitagwenda District,Tooro,2020-12,22.48,121.46,63.4,0.33,3599,132,1,1,1,178300
Acholi|Kitgum District,Kitgum District,Acholi,2020-12,23.3,22.09,52.95,0.039,17109,664,95,25,10,223600
West Nile|Koboko District,Koboko District,West Nile,2020-12,25.23,27.92,51.06,0.048,11561,218,21,19,51,258000
Lango|Kole District,Kole District,Lango,2020-12,23.93,20.68,58.44,0.05,7623,367,6,22,8,284300
Karamoja|Kotido District,Kotido District,Karamoja,2020-12,23.55,11.43,45.9,0.022,8141,555,515,6,970,206500
Teso|Kumi District,Kumi District,Teso,2020-12,24.05,18.27,57.01,0.255,11711,276,42,20,24,284800
Lango|Kwania District,Kwania District,Lango,2020-12,24.03,24.9,65.45,0.51,8953,821,9,21,0,216600
Bugisu|Kween District,Kween District,Bugisu,2020-12,21.77,9.71,47.08,0.038,1066,352,0,5,0,109500
North Buganda|Kyankwanzi District,Kyankwanzi District,North Buganda,2020-12,23.18,49.21,64.16,0.057,3649,329,14,4,2,282800
Tooro|Kyegegwa District,Kyegegwa District,Tooro,2020-12,21.43,107.18,70.61,0.063,20113,1118,63,7,117,441000
Tooro|Kyenjojo District,Kyenjojo District,Tooro,2020-12,21.17,96.34,73.68,0.062,7569,2338,102,43,54,525400
South Buganda|Kyotera District,Kyotera District,South Buganda,2020-12,22.24,235.03,78.35,0.977,8793,845,139,1,18,261000
Acholi|Lamwo District,Lamwo District,Acholi,2020-12,24.44,38.78,52.47,0.039,22205,1400,33,14,109,143800
Lango|Lira City,Lira City,Lango,2020-12,23.92,16.41,57.27,0.153,4509,447,92,67,8,243200
Lango|Lira District,Lira District,Lango,2020-12,24.11,18.37,56.35,0.043,6670,444,19,7,2,235300
Busoga|Luuka District,Luuka District,Busoga,2020-12,22.15,69.22,80.3,0.05,14398,504,67,11,0,267100
North Buganda|Luwero District,Luwero District,North Buganda,2020-12,21.54,72.13,81.55,0.074,15171,1373,91,229,17,523600
South Buganda|Lwengo District,Lwengo District,South Buganda,2020-12,21.16,179.78,77.49,0.056,5166,464,44,6,0,290500
South Buganda|Lyantonde District,Lyantonde District,South Buganda,2020-12,21.27,120.4,74.82,0.052,1315,142,16,,0,110500
West Nile|Madi-Okollo District,Madi-Okollo District,West Nile,2020-12,26.63,31.82,49.93,0.095,10459,244,53,13,8,164200
Bugisu|Manafwa District,Manafwa District,Bugisu,2020-12,18.83,32.58,77.76,0.054,4043,203,74,3,21,175200
West Nile|Maracha District,Maracha District,West Nile,2020-12,24.58,31.88,51.81,0.04,10632,580,30,35,8,208300
South Buganda|Masaka City,Masaka City,South Buganda,2020-12,21.42,192.71,80.11,0.154,1824,280,23,9,7,224700
South Buganda|Masaka District,Masaka District,South Buganda,2020-12,22.61,190.03,77.34,1.844,1489,227,92,1,0,120400
Bunyoro|Masindi District,Masindi District,Bunyoro,2020-12,24.05,36.58,63.57,0.058,7146,662,55,21,17,340500
Busoga|Mayuge District,Mayuge District,Busoga,2020-12,22.92,120.87,77.89,2.231,17416,612,140,20,27,565100
Bugisu|Mbale City,Mbale City,Bugisu,2020-12,19.99,31.53,74.61,0.076,5311,978,95,10,1,319600
Bugisu|Mbale District,Mbale District,Bugisu,2020-12,19.31,37.1,77.2,0.053,7658,1475,16,7,0,266700
Ankole|Mbarara City,Mbarara City,Ankole,2020-12,20.64,133.29,71.67,0.13,585,510,53,57,0,221300
Ankole|Mbarara District,Mbarara District,Ankole,2020-12,20.59,128.88,72.18,0.059,586,267,33,16,0,169400
Ankole|Mitooma District,Mitooma District,Ankole,2020-12,19.73,186.65,78.4,0.047,2332,423,58,7,0,194300
North Buganda|Mityana District,Mityana District,North Buganda,2020-12,21.11,97.32,81.44,0.219,11214,786,91,13,0,362500
Karamoja|Moroto District,Moroto District,Karamoja,2020-12,23.49,10.02,42.63,0.021,5143,382,145,9,349,118500
West Nile|Moyo District,Moyo District,West Nile,2020-12,26.01,29.09,53.52,0.125,12732,744,18,3,8,109500
South Buganda|Mpigi District,Mpigi District,South Buganda,2020-12,21.7,113.94,80.41,0.74,2482,937,72,53,0,286600
North Buganda|Mubende District,Mubende District,North Buganda,2020-12,21.42,110.48,73.32,0.066,16987,222,146,27,4,554800
North Buganda|Mukono District,Mukono District,North Buganda,2020-12,22.57,145.26,78.24,1.808,11931,2007,161,51,13,701400
Karamoja|Nabilatuk District,Nabilatuk District,Karamoja,2020-12,24.18,8.63,44.63,0.023,4140,252,30,11,907,89700
Karamoja|Nakapiripirit District,Nakapiripirit District,Karamoja,2020-12,23.25,10.93,43.98,0.029,4022,294,189,19,695,113300
North Buganda|Nakaseke District,Nakaseke District,North Buganda,2020-12,22.38,48.45,72.45,0.056,6067,415,73,28,0,234600
North Buganda|Nakasongola District,Nakasongola District,North Buganda,2020-12,23.36,42.82,69.99,0.278,12114,826,22,1,0,215200
Busoga|Namayingo District,Namayingo District,Busoga,2020-12,23.25,92.85,75.81,2.909,14097,249,73,2,19,237000
Bugisu|Namisindwa District,Namisindwa District,Bugisu,2020-12,16.76,24.96,72.71,0.058,2193,188,57,9,0,231500
Busoga|Namutumba District,Namutumba District,Busoga,2020-12,22.28,61.69,78.03,0.044,6067,1096,43,12,0,306500
Karamoja|Napak District,Napak District,Karamoja,2020-12,24.08,10.46,44.93,0.023,5652,380,34,81,477,158300
West Nile|Nebbi District,Nebbi District,West Nile,2020-12,25.28,32.34,52.81,0.036,12993,880,224,82,21,282600
Teso|Ngora District,Ngora District,Teso,2020-12,23.95,18.63,62.94,0.32,5910,186,11,20,3,165800
Tooro|Ntoroko District,Ntoroko District,Tooro,2020-12,24.69,57.07,64.9,0.46,575,62,15,3,3,76000
Ankole|Ntungamo District,Ntungamo District,Ankole,2020-12,19.72,144.42,75.05,0.053,3731,888,193,30,0,540800
Acholi|Nwoya District,Nwoya District,Acholi,2020-12,25.26,34.67,56.98,0.085,8878,374,8,26,10,236000
West Nile|Obongi District,Obongi District,West Nile,2020-12,26.82,24.19,53.83,0.249,10104,585,17,6,26,49100
Acholi|Omoro District,Omoro District,Acholi,2020-12,24.36,29.26,55.71,0.055,14846,2118,23,8,0,196400
Lango|Otuke District,Otuke District,Lango,2020-12,24.34,13.1,49.12,0.036,5741,314,12,4,4,133500
Lango|Oyam District,Oyam District,Lango,2020-12,23.9,27.47,59.31,0.06,15304,735,40,100,108,453700
Acholi|Pader District,Pader District,Acholi,2020-12,24.74,25.7,51.78,0.04,20892,735,46,15,12,197300
West Nile|Pakwach District,Pakwach District,West Nile,2020-12,26.7,27.37,58.08,0.266,9347,215,60,13,6,196800
Bukedi|Pallisa District,Pallisa District,Bukedi,2020-12,23.27,42.8,70.9,0.346,4713,621,59,22,0,353400
South Buganda|Rakai District,Rakai District,South Buganda,2020-12,20.89,193.05,80.41,0.146,9528,774,55,12,14,317700
Kigezi|Rubanda District,Rubanda District,Kigezi,2020-12,16.94,145.18,81.24,0.125,328,654,17,7,0,208500
Ankole|Rubirizi District,Rubirizi District,Ankole,2020-12,23.36,149.67,67.74,0.848,1349,70,25,,0,144100
Kigezi|Rukiga District,Rukiga District,Kigezi,2020-12,18.79,139.57,75.73,0.041,176,351,13,,0,105400
Kigezi|Rukungiri District,Rukungiri District,Kigezi,2020-12,20.78,173.95,77.85,0.233,4385,1173,106,14,4,333800
Ankole|Rwampara District,Rwampara District,Ankole,2020-12,19.86,148.8,74.7,0.047,446,242,6,6,0,144600
South Buganda|Sembabule District,Sembabule District,South Buganda,2020-12,21.54,125.5,73.76,0.051,4984,295,56,7,4,296100
Teso|Serere District,Serere District,Teso,2020-12,24.09,24.83,66.46,0.887,5641,240,22,22,0,359500
Ankole|Sheema District,Sheema District,Ankole,2020-12,19.76,152.8,77.89,0.06,340,238,15,20,0,220500
Bugisu|Sironko District,Sironko District,Bugisu,2020-12,17.55,24.17,70.82,0.059,4041,674,37,26,2,274300
Teso|Soroti City,Soroti City,Teso,2020-12,23.63,13.03,61.96,0.116,6249,388,29,46,0,69900
Teso|Soroti District,Soroti District,Teso,2020-12,23.71,15.22,60.83,0.157,7535,181,73,22,0,293700
West Nile|Terego District,Terego District,West Nile,2020-12,26.25,29.94,49.91,0.041,20547,870,32,21,59,233300
Bukedi|Tororo District,Tororo District,Bukedi,2020-12,21.07,52.84,74.34,0.045,7163,2068,89,57,18,597500
South Buganda|Wakiso District,Wakiso District,South Buganda,2020-12,21.9,130.72,80.67,1.145,25047,1886,509,66,23,2915200
West Nile|Yumbe District,Yumbe District,West Nile,2020-12,26.12,23.79,50.79,0.04,37983,1712,132,9,79,663600
West Nile|Zombo District,Zombo District,West Nile,2020-12,22.76,52.13,55.08,0.051,5306,894,89,54,0,283100
Karamoja|Abim District,Abim District,Karamoja,2021-01,25.05,23.71,41.88,0.027,4869,123,55,3,248,162454.9
West Nile|Adjumani District,Adjumani District,West Nile,2021-01,28.16,10.3,40.04,0.063,25744,2133,233,31,53,236751.4
Acholi|Agago District,Agago District,Acholi,2021-01,25.28,12.89,43.87,0.03,7830,260,78,47,25,254303.3
Lango|Alebtong District,Alebtong District,Lango,2021-01,25.27,35.03,48.37,0.032,3796,225,20,24,0,272054.6
Lango|Amolatar District,Amolatar District,Lango,2021-01,24.81,27.78,67.74,1.564,3851,536,19,7,0,173524.6
Karamoja|Amudat District,Amudat District,Karamoja,2021-01,24.36,22.95,40.29,0.019,948,195,24,11,596,140016.4
Teso|Amuria District,Amuria District,Teso,2021-01,24.92,43.26,49.98,0.033,4922,125,15,19,0,232163.9
Acholi|Amuru District,Amuru District,Acholi,2021-01,27.45,12.31,42.08,0.029,9975,353,55,19,0,221393.4
Lango|Apac District,Apac District,Lango,2021-01,24.85,30.32,61.78,0.168,4829,795,26,17,0,233460.4
West Nile|Arua City,Arua City,West Nile,2021-01,26.15,17.93,40.35,0.047,4679,441,106,36,18,369986.3
West Nile|Arua District,Arua District,West Nile,2021-01,26.76,20.45,39.64,0.027,2532,68,5,4,6,159862
Bukedi|Budaka District,Budaka District,Bukedi,2021-01,22.78,62.17,62.19,0.038,3066,325,80,10,1,260685.8
Bugisu|Bududa District,Bududa District,Bugisu,2021-01,14.47,67.69,68.03,0.063,1012,922,101,5,1,282127
Busoga|Bugiri District,Bugiri District,Busoga,2021-01,22.24,98.89,78.84,0.106,7074,727,38,34,0,497337.4
Busoga|Bugweri District,Bugweri District,Busoga,2021-01,22.15,99.79,79.85,0.062,6813,150,8,6,0,195763.7
Ankole|Buhweju District,Buhweju District,Ankole,2021-01,19.86,87.54,71.49,0.059,273,320,4,10,2,147894.8
North Buganda|Buikwe District,Buikwe District,North Buganda,2021-01,22.16,136.92,81.57,0.57,10811,1143,85,40,2,481580.6
Teso|Bukedea District,Bukedea District,Teso,2021-01,23.49,57.04,53.61,0.037,5149,212,6,22,9,269162.6
South Buganda|Bukomansimbi District,Bukomansimbi District,South Buganda,2021-01,21.54,63.62,76.71,0.041,2523,377,23,1,0,156870.2
Bugisu|Bukwo District,Bukwo District,Bugisu,2021-01,20.22,43.97,45.54,0.047,397,1152,38,,0,124558.7
Bugisu|Bulambuli District,Bulambuli District,Bugisu,2021-01,20.6,51.93,50.26,0.044,2591,1104,77,1,2,240939.9
Bunyoro|Buliisa District,Buliisa District,Bunyoro,2021-01,26.46,14.96,61.95,1.409,5926,173,19,11,0,155972.7
Tooro|Bundibugyo District,Bundibugyo District,Tooro,2021-01,21.52,84.09,57.68,0.079,7574,979,162,63,73,270060.1
Tooro|Bunyangabu District,Bunyangabu District,Tooro,2021-01,19.84,70.87,66.02,0.049,1169,365,44,6,0,198954.9
Ankole|Bushenyi District,Bushenyi District,Ankole,2021-01,20.3,100.19,74.24,0.065,1570,472,45,16,12,240840.2
Bukedi|Busia District,Busia District,Bukedi,2021-01,21.96,94.16,77.05,0.169,17321,386,55,57,0,393821
Bukedi|Butaleja District,Butaleja District,Bukedi,2021-01,22.35,68.93,69.14,0.043,3528,831,127,36,0,310050.5
South Buganda|Butambala District,Butambala District,South Buganda,2021-01,21.51,105.96,79.18,0.046,2782,371,47,10,0,108702.2
Bukedi|Butebo District,Butebo District,Bukedi,2021-01,23.56,54.85,60.28,0.036,3854,184,36,21,0,122464.5
North Buganda|Buvuma District,Buvuma District,North Buganda,2021-01,23.61,105.07,73.31,3.172,2092,507,14,,1,136625.7
Busoga|Buyende District,Buyende District,Busoga,2021-01,24.22,39.07,69.74,0.983,5999,516,37,8,1,430919.4
Lango|Dokolo District,Dokolo District,Lango,2021-01,24.87,32.81,58.65,0.31,5126,285,42,4,0,220795.1
Tooro|Fort Portal City,Fort Portal City,Tooro,2021-01,19.75,56.66,65.58,0.126,530,459,71,50,0,117478.1
South Buganda|Gomba District,Gomba District,South Buganda,2021-01,21.71,71.57,74.7,0.064,3110,172,11,7,0,175618.9
Acholi|Gulu City,Gulu City,Acholi,2021-01,26.15,18.7,45.15,0.147,5612,839,98,14,76,213215.8
Acholi|Gulu District,Gulu District,Acholi,2021-01,26.82,14.89,43.12,0.028,7266,239,5,8,18,120370.2
Bunyoro|Hoima City,Hoima City,Bunyoro,2021-01,23.33,23.16,67.48,0.105,1207,407,48,30,0,126453.6
Bunyoro|Hoima District,Hoima District,Bunyoro,2021-01,25.16,17.63,65.05,1.433,1972,98,39,6,5,259688.5
Ankole|Ibanda District,Ibanda District,Ankole,2021-01,22.38,63.72,61.32,0.048,10928,684,68,20,46,281129.8
Busoga|Iganga District,Iganga District,Busoga,2021-01,22.31,93.56,78.66,0.083,18317,966,70,31,24,412868.9
Ankole|Isingiro District,Isingiro District,Ankole,2021-01,21.02,69.54,72.89,0.078,12539,2315,81,33,157,615015
Busoga|Jinja City,Jinja City,Busoga,2021-01,22,121.76,83.45,0.831,6265,785,106,49,2,273051.9
Busoga|Jinja District,Jinja District,Busoga,2021-01,21.98,109.44,82.35,0.129,10823,473,17,5,0,247821
Karamoja|Kaabong District,Kaabong District,Karamoja,2021-01,24.02,2.85,40.67,0.024,3511,265,24,13,848,128248.6
Kigezi|Kabale District,Kabale District,Kigezi,2021-01,17.99,107.64,74.73,0.163,378,549,57,19,10,250912.6
Tooro|Kabarole District,Kabarole District,Tooro,2021-01,21.9,50.3,62.94,0.054,1275,237,63,4,3,226080.6
Teso|Kaberamaido District,Kaberamaido District,Teso,2021-01,24.87,30.12,63.15,0.829,5308,121,4,12,0,137523.2
Bunyoro|Kagadi District,Kagadi District,Bunyoro,2021-01,23.48,27.78,66.09,0.338,6117,156,80,63,26,443684.4
Bunyoro|Kakumiro District,Kakumiro District,Bunyoro,2021-01,23.12,30.32,61.61,0.045,3117,358,59,9,3,511797.8
Teso|Kalaki District,Kalaki District,Teso,2021-01,24.96,37.1,57.69,0.397,2538,75,3,3,0,143806
South Buganda|Kalangala District,Kalangala District,South Buganda,2021-01,23.58,122.01,72.62,3.069,1169,88,56,,1,69310.1
Busoga|Kaliro District,Kaliro District,Busoga,2021-01,23.25,57.47,72.59,0.354,8958,665,94,3,0,297385.2
South Buganda|Kalungu District,Kalungu District,South Buganda,2021-01,21.68,78.29,79.02,0.21,2543,409,52,14,0,185791
Kampala|Kampala District,Kampala District,Kampala,2021-01,21.5,123.66,83.06,2.367,13434,2767,678,413,24,1705228.1
Busoga|Kamuli District,Kamuli District,Busoga,2021-01,22.72,71.09,76.36,0.101,25509,3859,172,21,34,569639.3
Tooro|Kamwenge District,Kamwenge District,Tooro,2021-01,22.72,45.12,60.12,0.052,11541,1571,36,47,213,346450.8
Kigezi|Kanungu District,Kanungu District,Kigezi,2021-01,20.74,98.71,73.94,0.192,4986,715,69,29,12,226080.6
Bugisu|Kapchorwa District,Kapchorwa District,Bugisu,2021-01,19.52,57.04,50.82,0.053,364,483,34,1,0,126852.5
Teso|Kapelebyong District,Kapelebyong District,Teso,2021-01,25.53,43.02,43.98,0.026,2543,148,10,12,0,106308.7
Karamoja|Karenga District,Karenga District,Karamoja,2021-01,23.46,6.18,43.98,0.022,1872,169,9,2,343,69709
Tooro|Kasese District,Kasese District,Tooro,2021-01,21.42,63.7,65.23,0.432,14786,4647,346,71,94,808185.8
North Buganda|Kassanda District,Kassanda District,North Buganda,2021-01,21.89,61.03,72.84,0.138,6316,125,17,25,0,319026
Teso|Katakwi District,Katakwi District,Teso,2021-01,25.61,37.47,45.55,0.184,8576,249,50,6,0,198954.9
North Buganda|Kayunga District,Kayunga District,North Buganda,2021-01,22.92,72.86,75.12,0.333,11583,1861,42,33,3,413168
Ankole|Kazo District,Kazo District,Ankole,2021-01,23.03,49.4,59.35,0.045,5637,207,10,,0,224385.2
Bunyoro|Kibaale District,Kibaale District,Bunyoro,2021-01,22.64,36.93,62.48,0.058,4053,316,29,8,17,209326.5
North Buganda|Kiboga District,Kiboga District,North Buganda,2021-01,23.32,51.67,64.97,0.045,4111,731,60,18,26,174721.3
Bukedi|Kibuku District,Kibuku District,Bukedi,2021-01,23.17,48.93,68.33,0.067,2037,366,81,5,0,258890.7
Bunyoro|Kikuube District,Kikuube District,Bunyoro,2021-01,24.55,21.34,65.33,1.093,5735,799,61,25,134,375571
Ankole|Kiruhura District,Kiruhura District,Ankole,2021-01,21.83,54.15,68.34,0.089,2078,1153,4,4,0,191674.9
Bunyoro|Kiryandongo District,Kiryandongo District,Bunyoro,2021-01,25.43,32.65,54.84,0.055,5056,1308,72,26,78,321419.4
Kigezi|Kisoro District,Kisoro District,Kigezi,2021-01,16.75,140.9,79.67,0.149,462,730,124,9,23,320222.7
Tooro|Kitagwenda District,Kitagwenda District,Tooro,2021-01,23.45,52.98,56.05,0.321,3537,167,3,4,0,184095.6
Acholi|Kitgum District,Kitgum District,Acholi,2021-01,24.66,9.12,44.89,0.028,9914,669,85,28,10,226080.6
West Nile|Koboko District,Koboko District,West Nile,2021-01,27.03,16.99,38.04,0.03,8735,149,40,24,26,266968.6
Lango|Kole District,Kole District,Lango,2021-01,25.36,27.4,51.84,0.037,3830,396,13,21,3,291700.8
Karamoja|Kotido District,Kotido District,Karamoja,2021-01,24.52,13.41,41.1,0.018,5779,626,435,28,1192,210323.8
Teso|Kumi District,Kumi District,Teso,2021-01,25.11,49.31,51.03,0.251,9311,294,42,16,29,292099.7
Lango|Kwania District,Kwania District,Lango,2021-01,24.9,30.74,63.08,0.499,4571,540,25,13,0,221991.8
Bugisu|Kween District,Kween District,Bugisu,2021-01,22.69,34.77,42.98,0.031,678,261,4,3,0,111993.2
North Buganda|Kyankwanzi District,Kyankwanzi District,North Buganda,2021-01,24.21,28.29,57.55,0.043,2711,239,6,7,2,295291
Tooro|Kyegegwa District,Kyegegwa District,Tooro,2021-01,22.51,43.72,61.45,0.052,16033,1086,60,16,249,474300.5
Tooro|Kyenjojo District,Kyenjojo District,Tooro,2021-01,22.25,49.78,64.34,0.052,5233,2612,150,60,57,543311.5
South Buganda|Kyotera District,Kyotera District,South Buganda,2021-01,22.33,90.22,77.39,0.976,7220,878,108,16,0,263777.3
Acholi|Lamwo District,Lamwo District,Acholi,2021-01,25.93,8.57,43.52,0.027,16325,1211,42,34,140,145002.7
Lango|Lira City,Lira City,Lango,2021-01,25.26,33.05,51.4,0.143,2867,388,125,81,11,249217.2
Lango|Lira District,Lira District,Lango,2021-01,25.42,30.8,50.39,0.032,2753,287,23,20,6,240441.3
Busoga|Luuka District,Luuka District,Busoga,2021-01,22.52,85.92,77.89,0.049,13711,531,23,6,0,271256.8
North Buganda|Luwero District,Luwero District,North Buganda,2021-01,22.05,84.85,78.15,0.065,11191,1285,82,45,32,533737.7
South Buganda|Lwengo District,Lwengo District,South Buganda,2021-01,21.25,62.52,77.02,0.053,4377,463,31,5,2,292099.7
South Buganda|Lyantonde District,Lyantonde District,South Buganda,2021-01,21.69,46.08,71.62,0.045,2459,372,31,1,0,113189.9
West Nile|Madi-Okollo District,Madi-Okollo District,West Nile,2021-01,28.13,13.93,41.37,0.078,9567,316,55,,32,167840.2
Bugisu|Manafwa District,Manafwa District,Bugisu,2021-01,19.46,73.74,74.59,0.05,2950,193,22,9,13,178510.9
West Nile|Maracha District,Maracha District,West Nile,2021-01,26.42,19.15,39.27,0.026,8523,628,20,29,10,211620.2
South Buganda|Masaka City,Masaka City,South Buganda,2021-01,21.55,79.48,79.72,0.154,2038,503,43,9,5,228374.3
South Buganda|Masaka District,Masaka District,South Buganda,2021-01,22.72,99.51,76.51,1.843,1133,212,22,1,0,122464.5
Bunyoro|Masindi District,Masindi District,Bunyoro,2021-01,25.09,27.67,57.02,0.044,3922,625,71,51,2,348345.6
Busoga|Mayuge District,Mayuge District,Busoga,2021-01,23.15,102,76.06,2.231,16505,419,150,22,24,580110.7
Bugisu|Mbale City,Mbale City,Bugisu,2021-01,20.91,75.41,68.72,0.074,4390,905,145,29,2,328300.5
Bugisu|Mbale District,Mbale District,Bugisu,2021-01,20.12,78.92,72.42,0.052,7792,1107,21,,2,274148.9
Ankole|Mbarara City,Mbarara City,Ankole,2021-01,21.28,76.78,66.86,0.125,719,638,42,54,0,225183.1
Ankole|Mbarara District,Mbarara District,Ankole,2021-01,21.2,76.46,67.11,0.052,738,431,33,4,16,172327.9
Ankole|Mitooma District,Mitooma District,Ankole,2021-01,19.93,102.32,75.55,0.044,2234,532,68,3,0,195364.8
North Buganda|Mityana District,Mityana District,North Buganda,2021-01,21.47,84.77,79.53,0.211,8220,859,67,8,20,367194
Karamoja|Moroto District,Moroto District,Karamoja,2021-01,24.15,11.75,38.96,0.015,3523,422,77,11,382,120868.9
West Nile|Moyo District,Moyo District,West Nile,2021-01,27.91,7.4,39.4,0.109,9797,671,16,7,19,111494.5
South Buganda|Mpigi District,Mpigi District,South Buganda,2021-01,22.07,109.18,78.35,0.736,2259,945,97,18,0,292099.7
North Buganda|Mubende District,Mubende District,North Buganda,2021-01,21.98,49.14,68.77,0.056,10410,313,114,51,3,581307.4
North Buganda|Mukono District,Mukono District,North Buganda,2021-01,22.78,130.2,77.28,1.806,10489,1812,102,11,11,718132.5
Karamoja|Nabilatuk District,Nabilatuk District,Karamoja,2021-01,25.07,23.67,40.72,0.019,3029,198,42,15,923,93543.7
Karamoja|Nakapiripirit District,Nakapiripirit District,Karamoja,2021-01,24.14,26.14,40.21,0.024,3921,261,57,20,1091,117777.3
North Buganda|Nakaseke District,Nakaseke District,North Buganda,2021-01,23.29,56.51,66.44,0.045,5056,363,79,19,3,240740.4
North Buganda|Nakasongola District,Nakasongola District,North Buganda,2021-01,24.19,42.26,64.21,0.266,8937,830,22,3,0,220695.4
Busoga|Namayingo District,Namayingo District,Busoga,2021-01,23.49,85.97,73.64,2.909,14360,317,73,10,6,239942.6
Bugisu|Namisindwa District,Namisindwa District,Bugisu,2021-01,17.13,64.91,71.91,0.056,2553,168,12,2,0,236352.5
Busoga|Namutumba District,Namutumba District,Busoga,2021-01,22.74,66.49,75.22,0.043,8719,1622,25,10,0,315535.5
Karamoja|Napak District,Napak District,Karamoja,2021-01,25.1,26.86,40.5,0.018,4146,388,42,31,339,160560.1
West Nile|Nebbi District,Nebbi District,West Nile,2021-01,26.63,16.35,46.1,0.021,9904,728,252,59,16,289606.6
Teso|Ngora District,Ngora District,Teso,2021-01,24.83,42.94,57.83,0.318,5851,274,31,23,4,169535.5
Tooro|Ntoroko District,Ntoroko District,Tooro,2021-01,25.95,29.66,55.51,0.451,635,47,23,5,2,77487.7
Ankole|Ntungamo District,Ntungamo District,Ankole,2021-01,20.21,90.77,71.07,0.05,4799,1257,65,12,0,548995.9
Acholi|Nwoya District,Nwoya District,Acholi,2021-01,26.7,23.37,49.14,0.07,6346,504,16,8,11,259090.2
West Nile|Obongi District,Obongi District,West Nile,2021-01,28.64,9.26,41.08,0.231,6054,645,18,6,38,50162.6
Acholi|Omoro District,Omoro District,Acholi,2021-01,25.96,19.26,46.54,0.039,9074,623,17,4,0,202445.4
Lango|Otuke District,Otuke District,Lango,2021-01,25.52,29.88,44.34,0.026,3026,230,12,4,4,138620.2
Lango|Oyam District,Oyam District,Lango,2021-01,25.45,25.41,51.17,0.047,9891,554,87,80,105,465026
Acholi|Pader District,Pader District,Acholi,2021-01,26.18,11.75,43.89,0.029,10259,733,33,15,14,199952.2
West Nile|Pakwach District,Pakwach District,West Nile,2021-01,27.74,12.97,51.99,0.25,7242,305,42,13,2,203542.3
Bukedi|Pallisa District,Pallisa District,Bukedi,2021-01,23.87,48.14,67.33,0.342,5347,607,71,7,2,367393.4
South Buganda|Rakai District,Rakai District,South Buganda,2021-01,21,61.58,79.43,0.143,7783,1271,59,22,13,323912.6
Kigezi|Rubanda District,Rubanda District,Kigezi,2021-01,17.14,112.76,78.14,0.124,222,751,19,2,3,209725.4
Ankole|Rubirizi District,Rubirizi District,Ankole,2021-01,24.06,66.02,62.05,0.843,1857,157,13,2,1,146199.5
Kigezi|Rukiga District,Rukiga District,Kigezi,2021-01,19.19,101.1,72.32,0.04,152,354,26,1,0,105710.4
Kigezi|Rukungiri District,Rukungiri District,Kigezi,2021-01,21.11,93.18,73.82,0.231,3662,1184,134,30,5,335780.1
Ankole|Rwampara District,Rwampara District,Ankole,2021-01,20.43,95.37,70.38,0.045,325,258,5,5,0,146997.3
South Buganda|Sembabule District,Sembabule District,South Buganda,2021-01,22.17,50.14,68.94,0.045,6315,439,90,9,0,303069.7
Teso|Serere District,Serere District,Teso,2021-01,24.71,32.15,63.16,0.883,6439,298,33,35,0,372280.1
Ankole|Sheema District,Sheema District,Ankole,2021-01,20.09,95.84,74.62,0.055,262,451,22,25,0,221991.8
Bugisu|Sironko District,Sironko District,Bugisu,2021-01,18.3,70.29,66.3,0.058,3702,709,17,15,0,278935.8
Teso|Soroti City,Soroti City,Teso,2021-01,24.58,48.86,56.92,0.113,5462,254,18,42,0,71903
Teso|Soroti District,Soroti District,Teso,2021-01,24.7,43.04,55.92,0.153,5789,224,22,25,0,302969.9
West Nile|Terego District,Terego District,West Nile,2021-01,28.11,13.68,37.8,0.023,13319,825,54,21,83,238646.2
Bukedi|Tororo District,Tororo District,Bukedi,2021-01,21.82,80.51,70.09,0.042,8555,2134,82,51,16,609929
South Buganda|Wakiso District,Wakiso District,South Buganda,2021-01,22.12,116.3,79.85,1.142,17683,1735,505,49,20,3097214.5
West Nile|Yumbe District,Yumbe District,West Nile,2021-01,28.07,11.46,36.9,0.022,29686,1225,123,47,58,697389.3
West Nile|Zombo District,Zombo District,West Nile,2021-01,24.24,26.93,45.44,0.035,4836,857,81,33,6,289905.7
Karamoja|Abim District,Abim District,Karamoja,2021-02,26.24,20.82,37.51,0.019,5122,102,61,10,314,162900
West Nile|Adjumani District,Adjumani District,West Nile,2021-02,29.4,13.16,29.8,0.052,20619,1049,108,26,144,237400
Acholi|Agago District,Agago District,Acholi,2021-02,26.7,13.46,36.71,0.02,10460,214,92,36,44,255000
Lango|Alebtong District,Alebtong District,Lango,2021-02,26.64,25.39,42.62,0.023,4213,283,20,21,0,272800
Lango|Amolatar District,Amolatar District,Lango,2021-02,26.16,29.52,57.26,1.558,6091,926,18,6,2,174000
Karamoja|Amudat District,Amudat District,Karamoja,2021-02,25.23,13.17,40.62,0.015,1027,225,17,10,479,140400
Teso|Amuria District,Amuria District,Teso,2021-02,26.22,28.56,45.36,0.023,4502,396,12,19,0,232800
Acholi|Amuru District,Amuru District,Acholi,2021-02,28.93,14.8,30.54,0.018,10452,292,41,27,14,222000
Lango|Apac District,Apac District,Lango,2021-02,26.53,26.67,48.62,0.156,5131,914,15,24,0,234100
West Nile|Arua City,Arua City,West Nile,2021-02,27.56,15.81,29.38,0.039,5252,381,154,14,31,371000
West Nile|Arua District,Arua District,West Nile,2021-02,28.08,14.81,29.66,0.017,2544,61,8,2,18,160300
Bukedi|Budaka District,Budaka District,Bukedi,2021-02,24.16,71.24,55.88,0.03,4672,234,85,14,0,261400
Bugisu|Bududa District,Bududa District,Bugisu,2021-02,15.07,78.04,67.81,0.052,1194,747,132,11,12,282900
Busoga|Bugiri District,Bugiri District,Busoga,2021-02,23.29,68.3,72.49,0.098,8287,653,53,34,0,498700
Busoga|Bugweri District,Bugweri District,Busoga,2021-02,23.22,62.97,72.99,0.053,7245,111,22,2,2,196300
Ankole|Buhweju District,Buhweju District,Ankole,2021-02,20.71,65.9,68.64,0.061,192,379,6,16,0,148300
North Buganda|Buikwe District,Buikwe District,North Buganda,2021-02,23.2,59.41,76.29,0.567,10703,936,95,36,1,482900
Teso|Bukedea District,Bukedea District,Teso,2021-02,24.53,48.69,50.68,0.026,4058,344,7,16,0,269900
South Buganda|Bukomansimbi District,Bukomansimbi District,South Buganda,2021-02,22.74,44.96,70.11,0.038,1837,357,22,,0,157300
Bugisu|Bukwo District,Bukwo District,Bugisu,2021-02,20.56,46.05,48.65,0.037,408,1579,46,,0,124900
Bugisu|Bulambuli District,Bulambuli District,Bugisu,2021-02,21.37,48.28,49.65,0.032,2304,1070,69,3,4,241600
Bunyoro|Buliisa District,Buliisa District,Bunyoro,2021-02,27.56,19.76,52.25,1.404,4731,77,29,5,12,156400
Tooro|Bundibugyo District,Bundibugyo District,Tooro,2021-02,22.64,57.06,50.1,0.082,6446,696,156,32,73,270800
Tooro|Bunyangabu District,Bunyangabu District,Tooro,2021-02,21.1,52.88,57.68,0.052,987,344,43,8,0,199500
Ankole|Bushenyi District,Bushenyi District,Ankole,2021-02,21.2,64.35,70.14,0.065,1134,526,91,41,12,241500
Bukedi|Busia District,Busia District,Bukedi,2021-02,22.97,74.56,71.54,0.161,16851,525,31,47,1,394900
Bukedi|Butaleja District,Butaleja District,Bukedi,2021-02,23.71,70.22,62.24,0.036,6166,792,169,23,0,310900
South Buganda|Butambala District,Butambala District,South Buganda,2021-02,22.76,50.96,71.36,0.045,1796,355,43,17,4,109000
Bukedi|Butebo District,Butebo District,Bukedi,2021-02,24.77,61.14,55.05,0.027,7073,334,23,21,0,122800
North Buganda|Buvuma District,Buvuma District,North Buganda,2021-02,24.5,64.14,69.77,3.172,2003,362,21,1,0,137000
Busoga|Buyende District,Buyende District,Busoga,2021-02,25.59,35.18,60.51,0.975,8222,361,44,30,0,432100
Lango|Dokolo District,Dokolo District,Lango,2021-02,26.3,33.85,50,0.3,8095,448,48,27,0,221400
Tooro|Fort Portal City,Fort Portal City,Tooro,2021-02,20.86,46.88,57.24,0.129,487,321,75,19,0,117800
South Buganda|Gomba District,Gomba District,South Buganda,2021-02,23.13,46.08,65.85,0.061,1907,146,12,7,0,176100
Acholi|Gulu City,Gulu City,Acholi,2021-02,27.82,13.57,33.59,0.135,3761,816,106,72,45,213800
Acholi|Gulu District,Gulu District,Acholi,2021-02,28.46,14.78,31.3,0.017,7356,325,37,1,15,120700
Bunyoro|Hoima City,Hoima City,Bunyoro,2021-02,24.66,30.78,56.17,0.096,908,472,69,26,0,126800
Bunyoro|Hoima District,Hoima District,Bunyoro,2021-02,26.19,23.8,56.46,1.429,1675,97,32,7,6,260400
Ankole|Ibanda District,Ibanda District,Ankole,2021-02,23.55,50.1,56.3,0.046,6397,540,72,9,16,281900
Busoga|Iganga District,Iganga District,Busoga,2021-02,23.52,55.87,70.73,0.072,18877,967,64,28,14,414000
Ankole|Isingiro District,Isingiro District,Ankole,2021-02,22.04,52.65,68.01,0.076,10389,2405,115,42,234,616700
Busoga|Jinja City,Jinja City,Busoga,2021-02,23.04,56.9,77.36,0.825,6495,535,84,39,0,273800
Busoga|Jinja District,Jinja District,Busoga,2021-02,23.11,51.48,75.13,0.122,10416,605,45,5,16,248500
Karamoja|Kaabong District,Kaabong District,Karamoja,2021-02,25.15,13.16,35.68,0.016,3311,284,24,23,1175,128600
Kigezi|Kabale District,Kabale District,Kigezi,2021-02,19.05,90.03,69.48,0.16,375,536,42,22,4,251600
Tooro|Kabarole District,Kabarole District,Tooro,2021-02,23.16,38.67,53.56,0.055,1340,218,36,12,0,226700
Teso|Kaberamaido District,Kaberamaido District,Teso,2021-02,26.18,29.97,54.78,0.819,7093,86,8,1,0,137900
Bunyoro|Kagadi District,Kagadi District,Bunyoro,2021-02,24.81,32.46,55.83,0.33,5539,199,49,44,6,444900
Bunyoro|Kakumiro District,Kakumiro District,Bunyoro,2021-02,24.59,37.23,51.69,0.034,3276,500,218,4,5,513200
Teso|Kalaki District,Kalaki District,Teso,2021-02,26.37,28.84,50.06,0.386,3268,76,3,18,0,144200
South Buganda|Kalangala District,Kalangala District,South Buganda,2021-02,24.49,84.32,69.32,3.069,1185,172,100,1,0,69500
Busoga|Kaliro District,Kaliro District,Busoga,2021-02,24.57,45.2,64.07,0.344,10785,519,103,6,0,298200
South Buganda|Kalungu District,Kalungu District,South Buganda,2021-02,22.83,50.08,72.78,0.207,1798,354,62,22,0,186300
Kampala|Kampala District,Kampala District,Kampala,2021-02,22.57,51.03,77.01,2.367,12734,2241,887,438,27,1709900
Busoga|Kamuli District,Kamuli District,Busoga,2021-02,24.19,46.44,66.69,0.092,29120,2521,191,26,22,571200
Tooro|Kamwenge District,Kamwenge District,Tooro,2021-02,24.15,39.15,51.8,0.051,6935,1474,29,35,124,347400
Kigezi|Kanungu District,Kanungu District,Kigezi,2021-02,21.96,71.66,66.74,0.188,3141,791,54,30,1,226700
Bugisu|Kapchorwa District,Kapchorwa District,Bugisu,2021-02,20.23,51.53,50.62,0.041,453,449,16,4,0,127200
Teso|Kapelebyong District,Kapelebyong District,Teso,2021-02,26.64,26.32,41.29,0.017,2650,121,12,8,0,106600
Karamoja|Karenga District,Karenga District,Karamoja,2021-02,24.77,12.91,37.19,0.016,1415,239,7,2,433,69900
Tooro|Kasese District,Kasese District,Tooro,2021-02,22.59,51.41,59,0.43,12301,2482,291,65,51,810400
North Buganda|Kassanda District,Kassanda District,North Buganda,2021-02,23.28,40.76,63.88,0.131,4692,125,17,28,0,319900
Teso|Katakwi District,Katakwi District,Teso,2021-02,26.68,28.68,43.11,0.177,9126,246,34,21,93,199500
North Buganda|Kayunga District,Kayunga District,North Buganda,2021-02,24.37,43.14,65.1,0.326,11317,1095,43,45,4,414300
Ankole|Kazo District,Kazo District,Ankole,2021-02,24.41,47.5,52.85,0.043,4633,174,607,,0,225000
Bunyoro|Kibaale District,Kibaale District,Bunyoro,2021-02,24.2,43.06,52.18,0.047,3086,152,29,16,15,209900
North Buganda|Kiboga District,Kiboga District,North Buganda,2021-02,24.65,41.82,56.74,0.034,3541,853,85,34,6,175200
Bukedi|Kibuku District,Kibuku District,Bukedi,2021-02,24.47,63.08,61.05,0.059,3888,290,79,4,0,259600
Bunyoro|Kikuube District,Kikuube District,Bunyoro,2021-02,25.61,25.39,57.1,1.088,6553,688,61,60,172,376600
Ankole|Kiruhura District,Kiruhura District,Ankole,2021-02,23,49.12,62.98,0.085,1926,272,12,2,0,192200
Bunyoro|Kiryandongo District,Kiryandongo District,Bunyoro,2021-02,26.96,21.12,43.35,0.044,4950,913,77,14,120,322300
Kigezi|Kisoro District,Kisoro District,Kigezi,2021-02,17.68,131.09,73.71,0.147,278,821,117,10,24,321100
Tooro|Kitagwenda District,Kitagwenda District,Tooro,2021-02,24.48,49.16,51.8,0.321,2235,137,5,2,0,184600
Acholi|Kitgum District,Kitgum District,Acholi,2021-02,26.15,14.41,35.83,0.019,9407,537,171,35,7,226700
West Nile|Koboko District,Koboko District,West Nile,2021-02,28.36,13.47,26.7,0.019,7868,241,58,10,120,267700
Lango|Kole District,Kole District,Lango,2021-02,26.97,25.88,41.88,0.025,4336,436,41,22,4,292500
Karamoja|Kotido District,Kotido District,Karamoja,2021-02,25.76,14.06,36.02,0.012,5843,483,199,9,1507,210900
Teso|Kumi District,Kumi District,Teso,2021-02,26.15,44.66,48.27,0.243,8442,265,32,20,23,292900
Lango|Kwania District,Kwania District,Lango,2021-02,26.36,30.51,51.54,0.489,4664,812,19,17,0,222600
Bugisu|Kween District,Kween District,Bugisu,2021-02,23.38,35.61,44.24,0.022,721,399,16,1,0,112300
North Buganda|Kyankwanzi District,Kyankwanzi District,North Buganda,2021-02,25.48,30.77,49.49,0.033,2339,232,27,7,2,296100
Tooro|Kyegegwa District,Kyegegwa District,Tooro,2021-02,24.24,46.14,51.27,0.047,8808,1457,58,27,248,475600
Tooro|Kyenjojo District,Kyenjojo District,Tooro,2021-02,23.68,40.77,54.22,0.049,3771,2281,105,49,55,544800
South Buganda|Kyotera District,Kyotera District,South Buganda,2021-02,23.26,76.51,74.36,0.975,5828,1117,87,13,0,264500
Acholi|Lamwo District,Lamwo District,Acholi,2021-02,27.53,15.03,31.7,0.018,12209,951,42,7,113,145400
Lango|Lira City,Lira City,Lango,2021-02,26.82,27.28,42.3,0.135,3469,312,177,47,11,249900
Lango|Lira District,Lira District,Lango,2021-02,26.88,25.58,42.31,0.022,4445,373,30,11,32,241100
Busoga|Luuka District,Luuka District,Busoga,2021-02,23.81,49.78,69.43,0.039,16561,498,30,8,0,272000
North Buganda|Luwero District,Luwero District,North Buganda,2021-02,23.45,49.09,68.02,0.057,9838,1120,101,24,19,535200
South Buganda|Lwengo District,Lwengo District,South Buganda,2021-02,22.38,46.18,71.52,0.049,3016,418,24,2,0,292900
South Buganda|Lyantonde District,Lyantonde District,South Buganda,2021-02,23,42.72,64.96,0.042,1676,215,42,13,0,113500
West Nile|Madi-Okollo District,Madi-Okollo District,West Nile,2021-02,29.32,11.77,31.46,0.069,7535,317,70,2,29,168300
Bugisu|Manafwa District,Manafwa District,Bugisu,2021-02,20.48,76.14,70.26,0.04,4364,129,21,7,0,179000
West Nile|Maracha District,Maracha District,West Nile,2021-02,27.81,15.91,28.11,0.017,7624,564,26,20,10,212200
South Buganda|Masaka City,Masaka City,South Buganda,2021-02,22.61,51.74,74.53,0.15,1517,603,20,30,4,229000
South Buganda|Masaka District,Masaka District,South Buganda,2021-02,23.67,69.83,72.82,1.843,853,145,55,,0,122800
Bunyoro|Masindi District,Masindi District,Bunyoro,2021-02,26.47,24.01,46.46,0.033,3491,644,85,36,20,349300
Busoga|Mayuge District,Mayuge District,Busoga,2021-02,24.01,65.86,72.03,2.229,15191,480,108,24,38,581700
Bugisu|Mbale City,Mbale City,Bugisu,2021-02,22.11,67.94,63.6,0.064,5259,813,125,22,4,329200
Bugisu|Mbale District,Mbale District,Bugisu,2021-02,21.26,69.05,67.55,0.043,6851,1178,40,6,0,274900
Ankole|Mbarara City,Mbarara City,Ankole,2021-02,22.4,50.4,61.72,0.124,662,657,53,48,0,225800
Ankole|Mbarara District,Mbarara District,Ankole,2021-02,22.29,52.8,62.71,0.051,563,405,21,12,13,172800
Ankole|Mitooma District,Mitooma District,Ankole,2021-02,21.09,71.19,68.87,0.043,1280,468,57,6,2,195900
North Buganda|Mityana District,Mityana District,North Buganda,2021-02,22.79,49.57,70.82,0.207,7114,573,64,18,16,368200
Karamoja|Moroto District,Moroto District,Karamoja,2021-02,25.05,11.8,37.25,0.011,2998,401,97,2,165,121200
West Nile|Moyo District,Moyo District,West Nile,2021-02,29.08,9.35,27.76,0.101,7032,932,13,9,15,111800
South Buganda|Mpigi District,Mpigi District,South Buganda,2021-02,23.2,50.77,72.05,0.735,1996,860,75,24,0,292900
North Buganda|Mubende District,Mubende District,North Buganda,2021-02,23.71,41.37,57.9,0.049,7651,327,92,25,3,582900
North Buganda|Mukono District,Mukono District,North Buganda,2021-02,23.83,58.26,72.24,1.805,9197,1983,165,20,16,720100
Karamoja|Nabilatuk District,Nabilatuk District,Karamoja,2021-02,26.03,19.3,39.73,0.014,3123,182,23,4,898,93800
Karamoja|Nakapiripirit District,Nakapiripirit District,Karamoja,2021-02,24.98,20.03,40.4,0.019,3866,233,48,19,1047,118100
North Buganda|Nakaseke District,Nakaseke District,North Buganda,2021-02,24.68,42.74,57.22,0.035,4015,374,163,11,2,241400
North Buganda|Nakasongola District,Nakasongola District,North Buganda,2021-02,25.7,36.21,54.03,0.257,5244,747,32,1,1,221300
Busoga|Namayingo District,Namayingo District,Busoga,2021-02,24.27,73.05,70.56,2.908,13134,284,117,5,1,240600
Bugisu|Namisindwa District,Namisindwa District,Bugisu,2021-02,17.86,78.99,70.51,0.046,3349,213,32,4,0,237000
Busoga|Namutumba District,Namutumba District,Busoga,2021-02,23.93,63.57,67.8,0.034,8789,923,14,19,0,316400
Karamoja|Napak District,Napak District,Karamoja,2021-02,26.15,18.81,38.17,0.013,3476,285,47,25,384,161000
West Nile|Nebbi District,Nebbi District,West Nile,2021-02,27.69,11.27,37.55,0.013,9527,649,226,72,11,290400
Teso|Ngora District,Ngora District,Teso,2021-02,25.98,43.47,53.05,0.31,6187,266,21,19,1,170000
Tooro|Ntoroko District,Ntoroko District,Tooro,2021-02,27.13,25.03,47.57,0.445,534,31,24,,10,77700
Ankole|Ntungamo District,Ntungamo District,Ankole,2021-02,21.38,71.42,65.45,0.047,2902,1078,70,8,0,550500
Acholi|Nwoya District,Nwoya District,Acholi,2021-02,28.06,14.99,37.97,0.058,5327,539,10,2,15,259800
West Nile|Obongi District,Obongi District,West Nile,2021-02,29.85,12.19,29.82,0.22,4760,590,14,12,54,50300
Acholi|Omoro District,Omoro District,Acholi,2021-02,27.6,15.97,35.67,0.025,7649,542,28,27,3,203000
Lango|Otuke District,Otuke District,Lango,2021-02,26.76,21.48,39.72,0.017,3421,239,19,8,12,139000
Lango|Oyam District,Oyam District,Lango,2021-02,27.09,21.47,40.19,0.035,10249,613,83,97,114,466300
Acholi|Pader District,Pader District,Acholi,2021-02,27.73,13.54,34.88,0.019,10902,769,83,109,21,200500
West Nile|Pakwach District,Pakwach District,West Nile,2021-02,28.94,8.9,41.09,0.243,7889,308,42,15,13,204100
Bukedi|Pallisa District,Pallisa District,Bukedi,2021-02,25.09,53.18,60.16,0.333,7065,396,56,12,12,368400
South Buganda|Rakai District,Rakai District,South Buganda,2021-02,22.01,54.27,75.09,0.139,6380,1479,52,5,2,324800
Kigezi|Rubanda District,Rubanda District,Kigezi,2021-02,18.14,101.17,72.14,0.123,158,762,17,4,10,210300
Ankole|Rubirizi District,Rubirizi District,Ankole,2021-02,25.11,53.37,57.64,0.842,1477,272,16,1,0,146600
Kigezi|Rukiga District,Rukiga District,Kigezi,2021-02,20.44,93.31,65.78,0.038,196,373,9,3,0,106000
Kigezi|Rukungiri District,Rukungiri District,Kigezi,2021-02,22.43,69.81,66.37,0.227,2441,845,118,41,4,336700
Ankole|Rwampara District,Rwampara District,Ankole,2021-02,21.41,64.27,66.2,0.045,270,249,3,10,0,147400
South Buganda|Sembabule District,Sembabule District,South Buganda,2021-02,23.56,41.55,61.37,0.039,4585,341,75,7,0,303900
Teso|Serere District,Serere District,Teso,2021-02,25.99,35.1,55.38,0.875,8250,218,94,21,0,373300
Ankole|Sheema District,Sheema District,Ankole,2021-02,20.92,63.85,71.6,0.053,197,526,38,7,4,222600
Bugisu|Sironko District,Sironko District,Bugisu,2021-02,19.16,67.48,63.78,0.045,3597,770,41,23,2,279700
Teso|Soroti City,Soroti City,Teso,2021-02,25.88,51.13,50.89,0.102,4853,267,16,29,0,72100
Teso|Soroti District,Soroti District,Teso,2021-02,26.01,36.56,49.95,0.143,6243,143,6,13,0,303800
West Nile|Terego District,Terego District,West Nile,2021-02,29.42,14.13,27.56,0.012,15103,1151,73,5,112,239300
Bukedi|Tororo District,Tororo District,Bukedi,2021-02,22.98,80.97,64.31,0.035,8865,1685,83,38,10,611600
South Buganda|Wakiso District,Wakiso District,South Buganda,2021-02,23.2,51.45,73.86,1.14,15289,1486,497,49,16,3105700
West Nile|Yumbe District,Yumbe District,West Nile,2021-02,29.31,12.84,26.25,0.012,23569,1078,170,14,129,699300
West Nile|Zombo District,Zombo District,West Nile,2021-02,25.41,16.17,36.05,0.025,5001,787,140,39,0,290700
Karamoja|Abim District,Abim District,Karamoja,2021-03,26.59,36.57,39.85,0.017,4111,125,34,10,257,162454.9
West Nile|Adjumani District,Adjumani District,West Nile,2021-03,28.65,23.8,45.85,0.057,18169,1134,142,12,155,236751.4
Acholi|Agago District,Agago District,Acholi,2021-03,26.92,43.8,41.39,0.021,7806,270,48,48,28,254303.3
Lango|Alebtong District,Alebtong District,Lango,2021-03,26.76,45.04,46.21,0.024,5381,358,27,45,1,272054.6
Lango|Amolatar District,Amolatar District,Lango,2021-03,25.59,41.16,65.05,1.558,7831,731,18,5,0,173524.6
Karamoja|Amudat District,Amudat District,Karamoja,2021-03,25.77,31.48,37.79,0.015,1348,253,43,10,491,140016.4
Teso|Amuria District,Amuria District,Teso,2021-03,26.55,46.89,46.31,0.022,4369,207,36,62,0,232163.9
Acholi|Amuru District,Amuru District,Acholi,2021-03,28.13,27.85,46,0.023,6454,192,11,21,7,221393.4
Lango|Apac District,Apac District,Lango,2021-03,25.78,46.74,59.3,0.156,4610,806,28,82,0,233460.4
West Nile|Arua City,Arua City,West Nile,2021-03,26.08,46.91,51.34,0.04,5505,321,48,12,16,369986.3
West Nile|Arua District,Arua District,West Nile,2021-03,26.81,44.48,49.76,0.02,2993,98,0,100,9,159862
Bukedi|Budaka District,Budaka District,Bukedi,2021-03,24.2,66.62,56.58,0.03,6097,332,64,26,11,260685.8
Bugisu|Bududa District,Bududa District,Bugisu,2021-03,15.27,85.07,65.62,0.053,1249,704,133,6,10,282127
Busoga|Bugiri District,Bugiri District,Busoga,2021-03,23.23,87.06,74.59,0.099,11515,562,80,37,26,497337.4
Busoga|Bugweri District,Bugweri District,Busoga,2021-03,23.22,81.22,75.25,0.054,6463,113,16,13,1,195763.7
Ankole|Buhweju District,Buhweju District,Ankole,2021-03,20.07,98.5,73.08,0.056,173,408,30,10,0,147894.8
North Buganda|Buikwe District,Buikwe District,North Buganda,2021-03,22.98,104.28,78.85,0.566,11521,840,108,50,4,481580.6
Teso|Bukedea District,Bukedea District,Teso,2021-03,24.78,71.38,50.15,0.026,3345,229,26,10,3,269162.6
South Buganda|Bukomansimbi District,Bukomansimbi District,South Buganda,2021-03,22.42,132.23,72.41,0.035,1965,290,36,,0,156870.2
Bugisu|Bukwo District,Bukwo District,Bugisu,2021-03,21.33,54.3,42.75,0.036,481,1427,58,,1,124558.7
Bugisu|Bulambuli District,Bulambuli District,Bugisu,2021-03,21.88,60.7,47.1,0.03,2182,880,102,4,9,240939.9
Bunyoro|Buliisa District,Buliisa District,Bunyoro,2021-03,26.87,39.57,62.77,1.406,4994,85,26,2,2,155972.7
Tooro|Bundibugyo District,Bundibugyo District,Tooro,2021-03,21.84,145.89,63.85,0.077,6588,832,148,22,114,270060.1
Tooro|Bunyangabu District,Bunyangabu District,Tooro,2021-03,20.34,146.05,68.35,0.046,857,232,34,8,0,198954.9
Ankole|Bushenyi District,Bushenyi District,Ankole,2021-03,20.63,102.52,74.01,0.062,967,559,58,23,10,240840.2
Bukedi|Busia District,Busia District,Bukedi,2021-03,22.89,97.73,73.74,0.162,13064,496,40,43,2,393821
Bukedi|Butaleja District,Butaleja District,Bukedi,2021-03,23.66,68.55,63.66,0.035,6644,600,167,29,0,310050.5
South Buganda|Butambala District,Butambala District,South Buganda,2021-03,22.43,135.25,74.92,0.041,1740,305,33,,5,108702.2
Bukedi|Butebo District,Butebo District,Bukedi,2021-03,24.75,75.71,56.61,0.026,5885,124,11,9,0,122464.5
North Buganda|Buvuma District,Buvuma District,North Buganda,2021-03,24.4,124.56,70.95,3.172,2182,350,39,,0,136625.7
Busoga|Buyende District,Buyende District,Busoga,2021-03,25.25,64.17,66.2,0.976,6746,364,12,10,0,430919.4
Lango|Dokolo District,Dokolo District,Lango,2021-03,25.69,41.6,58.72,0.301,10317,431,58,15,0,220795.1
Tooro|Fort Portal City,Fort Portal City,Tooro,2021-03,20.38,144.28,68.7,0.123,561,451,113,23,0,117478.1
South Buganda|Gomba District,Gomba District,South Buganda,2021-03,22.47,120.94,72.18,0.059,2135,114,14,10,0,175618.9
Acholi|Gulu City,Gulu City,Acholi,2021-03,27.15,35.91,46.45,0.138,3291,920,115,37,55,213215.8
Acholi|Gulu District,Gulu District,Acholi,2021-03,27.87,33.65,44.27,0.02,5699,348,38,3,23,120370.2
Bunyoro|Hoima City,Hoima City,Bunyoro,2021-03,24.23,68.82,66.05,0.099,960,513,75,37,0,126453.6
Bunyoro|Hoima District,Hoima District,Bunyoro,2021-03,25.69,50.32,65.3,1.429,1478,96,54,4,15,259688.5
Ankole|Ibanda District,Ibanda District,Ankole,2021-03,22.41,109.39,65.21,0.041,7318,432,52,50,14,281129.8
Busoga|Iganga District,Iganga District,Busoga,2021-03,23.53,79.96,73.22,0.074,17958,1054,137,68,26,412868.9
Ankole|Isingiro District,Isingiro District,Ankole,2021-03,21.9,105.78,67.86,0.072,14013,2970,122,50,693,615015
Busoga|Jinja City,Jinja City,Busoga,2021-03,22.94,96.44,80.22,0.825,6821,502,235,47,4,273051.9
Busoga|Jinja District,Jinja District,Busoga,2021-03,23.04,85,78.25,0.123,12092,700,56,5,1,247821
Karamoja|Kaabong District,Kaabong District,Karamoja,2021-03,25.31,23.51,40.17,0.016,3021,340,50,8,1035,128248.6
Kigezi|Kabale District,Kabale District,Kigezi,2021-03,18.52,113.7,73.45,0.161,262,635,76,39,6,250912.6
Tooro|Kabarole District,Kabarole District,Tooro,2021-03,22.44,138.2,65.72,0.05,1660,242,60,12,0,226080.6
Teso|Kaberamaido District,Kaberamaido District,Teso,2021-03,25.6,50.26,62.77,0.82,7043,119,5,16,0,137523.2
Bunyoro|Kagadi District,Kagadi District,Bunyoro,2021-03,24.17,109.79,66.81,0.332,6633,197,88,37,28,443684.4
Bunyoro|Kakumiro District,Kakumiro District,Bunyoro,2021-03,23.67,91.64,63.51,0.04,4347,433,51,11,10,511797.8
Teso|Kalaki District,Kalaki District,Teso,2021-03,26.05,54.12,55.75,0.386,2902,48,12,8,0,143806
South Buganda|Kalangala District,Kalangala District,South Buganda,2021-03,24.31,197.01,70.39,3.069,1280,129,83,,0,69310.1
Busoga|Kaliro District,Kaliro District,Busoga,2021-03,24.5,79.5,67.79,0.345,11041,652,128,8,0,297385.2
South Buganda|Kalungu District,Kalungu District,South Buganda,2021-03,22.56,138.4,74.6,0.203,1865,460,50,19,1,185791
Kampala|Kampala District,Kampala District,Kampala,2021-03,22.23,137.09,80.77,2.367,11786,2341,1048,527,32,1705228.1
Busoga|Kamuli District,Kamuli District,Busoga,2021-03,23.84,75.18,72.41,0.094,29710,2538,213,16,35,569639.3
Tooro|Kamwenge District,Kamwenge District,Tooro,2021-03,22.9,125.28,63,0.046,7089,1544,37,58,187,346450.8
Kigezi|Kanungu District,Kanungu District,Kigezi,2021-03,21.11,116.65,74.77,0.184,3180,766,58,40,11,226080.6
Bugisu|Kapchorwa District,Kapchorwa District,Bugisu,2021-03,20.79,56.67,47.63,0.039,480,584,35,,0,126852.5
Teso|Kapelebyong District,Kapelebyong District,Teso,2021-03,27.12,42.88,41.49,0.017,2287,146,16,11,0,106308.7
Karamoja|Karenga District,Karenga District,Karamoja,2021-03,25.06,28.04,41.82,0.017,1419,625,13,2,339,69709
Tooro|Kasese District,Kasese District,Tooro,2021-03,21.67,111.04,66.55,0.426,14931,2461,406,74,48,808185.8
North Buganda|Kassanda District,Kassanda District,North Buganda,2021-03,22.57,99.59,71.96,0.131,3892,119,25,38,0,319026
Teso|Katakwi District,Katakwi District,Teso,2021-03,27.08,43.35,42.76,0.175,7133,207,95,20,97,198954.9
North Buganda|Kayunga District,Kayunga District,North Buganda,2021-03,23.94,70.88,71.36,0.327,11701,1198,20,46,0,413168
Ankole|Kazo District,Kazo District,Ankole,2021-03,23.06,107.92,63.15,0.039,3930,298,51,,0,224385.2
Bunyoro|Kibaale District,Kibaale District,Bunyoro,2021-03,23.24,119.08,64.12,0.051,2971,123,25,6,10,209326.5
North Buganda|Kiboga District,Kiboga District,North Buganda,2021-03,24.02,99.31,65.38,0.038,2695,589,52,24,8,174721.3
Bukedi|Kibuku District,Kibuku District,Bukedi,2021-03,24.42,72.73,63.69,0.058,6151,238,72,13,0,258890.7
Bunyoro|Kikuube District,Kikuube District,Bunyoro,2021-03,25.08,73.19,66.55,1.09,8505,526,62,22,201,375571
Ankole|Kiruhura District,Kiruhura District,Ankole,2021-03,22.34,99.31,67.19,0.081,1781,395,9,5,0,191674.9
Bunyoro|Kiryandongo District,Kiryandongo District,Bunyoro,2021-03,26.02,48.65,56.69,0.046,5588,1004,113,39,125,321419.4
Kigezi|Kisoro District,Kisoro District,Kigezi,2021-03,17.22,144.26,78.91,0.148,272,715,101,16,40,320222.7
Tooro|Kitagwenda District,Kitagwenda District,Tooro,2021-03,23.23,111.33,61.65,0.315,1781,156,39,3,0,184095.6
Acholi|Kitgum District,Kitgum District,Acholi,2021-03,26.36,32.33,42.33,0.021,7012,458,190,37,35,226080.6
West Nile|Koboko District,Koboko District,West Nile,2021-03,26.98,37.09,49.45,0.021,8567,370,90,16,84,266968.6
Lango|Kole District,Kole District,Lango,2021-03,26.46,40.92,51.13,0.024,5362,665,10,20,13,291700.8
Karamoja|Kotido District,Kotido District,Karamoja,2021-03,26.06,26.32,39.38,0.011,5003,436,214,28,1032,210323.8
Teso|Kumi District,Kumi District,Teso,2021-03,26.47,68.83,47.35,0.242,8029,236,27,23,21,292099.7
Lango|Kwania District,Kwania District,Lango,2021-03,25.67,42.49,61.78,0.489,4834,849,10,14,0,221991.8
Bugisu|Kween District,Kween District,Bugisu,2021-03,24.24,42.45,38.93,0.02,973,314,60,5,0,111993.2
North Buganda|Kyankwanzi District,Kyankwanzi District,North Buganda,2021-03,24.75,80.4,59.52,0.037,2455,223,3,6,12,295291
Tooro|Kyegegwa District,Kyegegwa District,Tooro,2021-03,22.95,123.36,63.46,0.047,10962,1201,54,33,236,474300.5
Tooro|Kyenjojo District,Kyenjojo District,Tooro,2021-03,22.84,130.72,65.65,0.047,3339,2000,104,55,24,543311.5
South Buganda|Kyotera District,Kyotera District,South Buganda,2021-03,23.2,163.46,73.29,0.973,5863,799,109,23,0,263777.3
Acholi|Lamwo District,Lamwo District,Acholi,2021-03,27.23,31.42,43.48,0.021,9481,1048,36,20,104,145002.7
Lango|Lira City,Lira City,Lango,2021-03,26.4,44.05,50.49,0.135,3161,413,203,71,27,249217.2
Lango|Lira District,Lira District,Lango,2021-03,26.6,41.48,49.64,0.021,5115,418,88,12,32,240441.3
Busoga|Luuka District,Luuka District,Busoga,2021-03,23.74,79.42,72.66,0.04,15836,689,51,10,0,271256.8
North Buganda|Luwero District,Luwero District,North Buganda,2021-03,22.92,90.32,75.74,0.059,9191,1106,76,41,27,533737.7
South Buganda|Lwengo District,Lwengo District,South Buganda,2021-03,22.15,126.52,71.98,0.045,2888,523,62,15,0,292099.7
South Buganda|Lyantonde District,Lyantonde District,South Buganda,2021-03,22.37,109.66,69.13,0.037,1541,696,19,,0,113189.9
West Nile|Madi-Okollo District,Madi-Okollo District,West Nile,2021-03,28.33,37.59,48.78,0.072,6348,235,57,12,31,167840.2
Bugisu|Manafwa District,Manafwa District,Bugisu,2021-03,20.3,77.18,71.84,0.041,3629,307,19,9,0,178510.9
West Nile|Maracha District,Maracha District,West Nile,2021-03,26.3,53.87,50.87,0.018,9437,466,33,20,3,211620.2
South Buganda|Masaka City,Masaka City,South Buganda,2021-03,22.44,149.21,74.82,0.147,1612,489,19,8,6,228374.3
South Buganda|Masaka District,Masaka District,South Buganda,2021-03,23.5,171.71,73.12,1.841,986,245,20,2,2,122464.5
Bunyoro|Masindi District,Masindi District,Bunyoro,2021-03,25.82,54.43,57.71,0.037,3430,882,94,23,10,348345.6
Busoga|Mayuge District,Mayuge District,Busoga,2021-03,24.01,96.62,73.19,2.229,16813,423,99,30,44,580110.7
Bugisu|Mbale City,Mbale City,Bugisu,2021-03,21.9,75.99,66.11,0.063,5213,650,115,10,2,328300.5
Bugisu|Mbale District,Mbale District,Bugisu,2021-03,21.03,79.14,69.74,0.043,7134,791,31,3,0,274148.9
Ankole|Mbarara City,Mbarara City,Ankole,2021-03,21.81,84.98,65.05,0.119,588,826,90,104,0,225183.1
Ankole|Mbarara District,Mbarara District,Ankole,2021-03,21.62,87.57,66.59,0.047,633,598,27,9,0,172327.9
Ankole|Mitooma District,Mitooma District,Ankole,2021-03,20.49,109.24,73.82,0.042,1963,323,13,6,10,195364.8
North Buganda|Mityana District,Mityana District,North Buganda,2021-03,22.3,129.94,76.68,0.207,6432,607,48,22,25,367194
Karamoja|Moroto District,Moroto District,Karamoja,2021-03,25.55,32.9,37.69,0.011,3300,487,55,8,290,120868.9
West Nile|Moyo District,Moyo District,West Nile,2021-03,28.31,30.16,46.15,0.104,6559,930,46,24,16,111494.5
South Buganda|Mpigi District,Mpigi District,South Buganda,2021-03,22.85,144.98,75.18,0.733,1982,804,65,28,0,292099.7
North Buganda|Mubende District,Mubende District,North Buganda,2021-03,22.54,115.06,69.43,0.05,6167,263,127,20,1,581307.4
North Buganda|Mukono District,Mukono District,North Buganda,2021-03,23.56,141.64,74.85,1.804,9334,2260,161,15,15,718132.5
Karamoja|Nabilatuk District,Nabilatuk District,Karamoja,2021-03,26.56,36.39,38.53,0.013,2519,239,22,7,861,93543.7
Karamoja|Nakapiripirit District,Nakapiripirit District,Karamoja,2021-03,25.66,37.37,37.58,0.017,4732,318,49,10,729,117777.3
North Buganda|Nakaseke District,Nakaseke District,North Buganda,2021-03,24.28,83.43,64.55,0.037,3160,307,109,14,10,240740.4
North Buganda|Nakasongola District,Nakasongola District,North Buganda,2021-03,25.27,53.67,61.32,0.259,5245,606,54,6,0,220695.4
Busoga|Namayingo District,Namayingo District,Busoga,2021-03,24.28,92.82,71.45,2.909,12722,294,64,8,11,239942.6
Bugisu|Namisindwa District,Namisindwa District,Bugisu,2021-03,17.99,84.75,68.76,0.046,3502,91,28,6,0,236352.5
Busoga|Namutumba District,Namutumba District,Busoga,2021-03,23.83,75.31,70.9,0.034,10060,1057,29,12,0,315535.5
Karamoja|Napak District,Napak District,Karamoja,2021-03,26.67,31.53,38.45,0.011,3071,409,90,49,437,160560.1
West Nile|Nebbi District,Nebbi District,West Nile,2021-03,26.95,43.12,52.03,0.016,9300,514,196,79,15,289606.6
Teso|Ngora District,Ngora District,Teso,2021-03,26.07,69.8,54.54,0.309,5510,174,15,21,5,169535.5
Tooro|Ntoroko District,Ntoroko District,Tooro,2021-03,26.43,114.28,59.4,0.449,845,46,18,1,0,77487.7
Ankole|Ntungamo District,Ntungamo District,Ankole,2021-03,20.98,93,67.78,0.045,2438,1119,42,20,3,548995.9
Acholi|Nwoya District,Nwoya District,Acholi,2021-03,27.11,38.8,52.78,0.064,5317,554,23,27,10,259090.2
West Nile|Obongi District,Obongi District,West Nile,2021-03,29.12,25.98,46.58,0.222,3328,536,16,17,57,50162.6
Acholi|Omoro District,Omoro District,Acholi,2021-03,27.02,35.53,47.07,0.028,5972,517,22,11,0,202445.4
Lango|Otuke District,Otuke District,Lango,2021-03,27.07,43.04,42.35,0.017,3189,253,35,10,1,138620.2
Lango|Oyam District,Oyam District,Lango,2021-03,26.45,39.88,51.14,0.035,10466,918,92,125,99,465026
Acholi|Pader District,Pader District,Acholi,2021-03,27.59,39.43,43.06,0.02,10280,954,84,11,12,199952.2
West Nile|Pakwach District,Pakwach District,West Nile,2021-03,28.07,37.39,54.78,0.244,6213,284,63,23,8,203542.3
Bukedi|Pallisa District,Pallisa District,Bukedi,2021-03,24.98,79.77,64.2,0.333,9306,453,60,17,10,367393.4
South Buganda|Rakai District,Rakai District,South Buganda,2021-03,21.9,130.11,74.15,0.134,5539,1377,70,12,1,323912.6
Kigezi|Rubanda District,Rubanda District,Kigezi,2021-03,17.72,121.79,76.4,0.123,187,912,27,11,5,209725.4
Ankole|Rubirizi District,Rubirizi District,Ankole,2021-03,24.12,96.87,65.16,0.838,1374,117,31,,0,146199.5
Kigezi|Rukiga District,Rukiga District,Kigezi,2021-03,19.98,109.07,69.03,0.037,230,450,8,1,0,105710.4
Kigezi|Rukungiri District,Rukungiri District,Kigezi,2021-03,21.61,106.53,73.38,0.224,2322,1168,108,37,3,335780.1
Ankole|Rwampara District,Rwampara District,Ankole,2021-03,20.97,92.35,68.45,0.041,302,257,17,5,0,146997.3
South Buganda|Sembabule District,Sembabule District,South Buganda,2021-03,22.74,121.12,68.02,0.038,3724,368,46,46,0,303069.7
Teso|Serere District,Serere District,Teso,2021-03,25.77,68.6,60.01,0.875,9129,219,38,28,1,372280.1
Ankole|Sheema District,Sheema District,Ankole,2021-03,20.5,91.08,73.61,0.051,167,539,27,15,5,221991.8
Bugisu|Sironko District,Sironko District,Bugisu,2021-03,19.18,79.07,64.75,0.045,4198,597,47,22,0,278935.8
Teso|Soroti City,Soroti City,Teso,2021-03,26.03,64.48,52.55,0.1,4769,281,50,9,0,71903
Teso|Soroti District,Soroti District,Teso,2021-03,26.15,61.22,51.72,0.142,5523,162,8,18,0,302969.9
West Nile|Terego District,Terego District,West Nile,2021-03,28.23,47.78,47.31,0.015,13298,1077,63,26,69,238646.2
Bukedi|Tororo District,Tororo District,Bukedi,2021-03,22.98,76.11,65.64,0.036,14583,1848,222,33,18,609929
South Buganda|Wakiso District,Wakiso District,South Buganda,2021-03,22.83,154.7,77.72,1.139,13934,1572,374,157,17,3097214.5
West Nile|Yumbe District,Yumbe District,West Nile,2021-03,28.21,31.74,46.58,0.014,19534,1017,227,20,145,697389.3
West Nile|Zombo District,Zombo District,West Nile,2021-03,24,52.7,56.39,0.028,7699,1033,87,48,2,289905.7
Karamoja|Abim District,Abim District,Karamoja,2021-04,24.38,155.34,61.49,0.037,3529,68,83,6,278,162454.9
West Nile|Adjumani District,Adjumani District,West Nile,2021-04,26.01,147.62,69.12,0.079,16914,1361,132,44,119,236751.4
Acholi|Agago District,Agago District,Acholi,2021-04,24.31,131.54,66.17,0.038,6433,174,31,35,12,254303.3
Lango|Alebtong District,Alebtong District,Lango,2021-04,23.87,173.44,72.08,0.034,6317,264,11,15,0,272054.6
Lango|Amolatar District,Amolatar District,Lango,2021-04,24.08,134.47,75.45,1.56,7514,749,16,8,0,173524.6
Karamoja|Amudat District,Amudat District,Karamoja,2021-04,24.6,126.48,52.76,0.026,1050,361,31,9,647,140016.4
Teso|Amuria District,Amuria District,Teso,2021-04,23.73,190.89,72.04,0.035,4000,217,1,28,0,232163.9
Acholi|Amuru District,Amuru District,Acholi,2021-04,25.28,144.05,70.58,0.044,8787,275,28,21,0,221393.4
Lango|Apac District,Apac District,Lango,2021-04,23.99,135.18,74.08,0.166,4745,625,12,29,29,233460.4
West Nile|Arua City,Arua City,West Nile,2021-04,24.28,79.88,67.81,0.047,7303,324,207,15,15,369986.3
West Nile|Arua District,Arua District,West Nile,2021-04,24.98,92.87,66.22,0.034,3425,101,7,8,15,159862
Bukedi|Budaka District,Budaka District,Bukedi,2021-04,22.13,246.26,74.88,0.033,3680,232,76,21,6,260685.8
Bugisu|Bududa District,Bududa District,Bugisu,2021-04,14.58,276.77,78.66,0.051,1652,772,153,19,11,282127
Busoga|Bugiri District,Bugiri District,Busoga,2021-04,22.17,278.86,83.67,0.097,8550,599,41,43,6,497337.4
Busoga|Bugweri District,Bugweri District,Busoga,2021-04,22.12,252.91,83.92,0.053,6367,117,41,9,0,195763.7
Ankole|Buhweju District,Buhweju District,Ankole,2021-04,19.5,129.24,78.9,0.052,117,515,4,4,0,147894.8
North Buganda|Buikwe District,Buikwe District,North Buganda,2021-04,21.94,248.95,84.51,0.559,11112,896,120,30,6,481580.6
Teso|Bukedea District,Bukedea District,Teso,2021-04,22.86,255.64,68.94,0.039,3578,275,14,40,0,269162.6
South Buganda|Bukomansimbi District,Bukomansimbi District,South Buganda,2021-04,21.05,180.07,82.6,0.034,1703,258,15,,0,156870.2
Bugisu|Bukwo District,Bukwo District,Bugisu,2021-04,20.24,211.07,58.51,0.042,410,1298,20,2,0,124558.7
Bugisu|Bulambuli District,Bulambuli District,Bugisu,2021-04,20.54,270.06,64.85,0.04,1636,710,28,6,2,240939.9
Bunyoro|Buliisa District,Buliisa District,Bunyoro,2021-04,25.4,125.34,73.83,1.409,2878,64,13,17,6,155972.7
Tooro|Bundibugyo District,Bundibugyo District,Tooro,2021-04,21.3,136.26,73.17,0.074,7803,928,146,30,99,270060.1
Tooro|Bunyangabu District,Bunyangabu District,Tooro,2021-04,19.55,141.35,78.41,0.046,810,236,22,12,0,198954.9
Ankole|Bushenyi District,Bushenyi District,Ankole,2021-04,20.21,108.26,78.21,0.06,825,489,64,26,17,240840.2
Bukedi|Busia District,Busia District,Bukedi,2021-04,21.76,344.26,83.4,0.161,14484,312,28,64,7,393821
Bukedi|Butaleja District,Butaleja District,Bukedi,2021-04,21.96,251.3,78.37,0.035,4659,508,187,28,0,310050.5
South Buganda|Butambala District,Butambala District,South Buganda,2021-04,21.09,223.98,84.53,0.039,1611,300,37,11,6,108702.2
Bukedi|Butebo District,Butebo District,Bukedi,2021-04,22.67,256.93,74.18,0.031,4516,132,15,20,0,122464.5
North Buganda|Buvuma District,Buvuma District,North Buganda,2021-04,23.14,253.2,77.92,3.172,2379,242,25,,0,136625.7
Busoga|Buyende District,Buyende District,Busoga,2021-04,23.65,194.52,77.87,0.978,6630,507,13,4,0,430919.4
Lango|Dokolo District,Dokolo District,Lango,2021-04,23.5,162.61,77.36,0.307,7868,265,44,16,5,220795.1
Tooro|Fort Portal City,Fort Portal City,Tooro,2021-04,19.75,137.16,79.29,0.121,589,425,71,19,0,117478.1
South Buganda|Gomba District,Gomba District,South Buganda,2021-04,20.97,172.18,83.23,0.057,1952,132,10,8,1,175618.9
Acholi|Gulu City,Gulu City,Acholi,2021-04,24.11,133.72,72.89,0.15,3402,715,73,10,31,213215.8
Acholi|Gulu District,Gulu District,Acholi,2021-04,24.83,140.88,70.84,0.042,5690,253,13,3,15,120370.2
Bunyoro|Hoima City,Hoima City,Bunyoro,2021-04,22.78,145.42,78.73,0.103,1043,193,46,35,2,126453.6
Bunyoro|Hoima District,Hoima District,Bunyoro,2021-04,24.5,131.72,74.59,1.433,1569,130,33,9,6,259688.5
Ankole|Ibanda District,Ibanda District,Ankole,2021-04,21.28,127.23,75.08,0.042,6974,617,52,8,2,281129.8
Busoga|Iganga District,Iganga District,Busoga,2021-04,22.28,249.78,82.84,0.072,18254,839,90,14,10,412868.9
Ankole|Isingiro District,Isingiro District,Ankole,2021-04,20.94,129.64,75.94,0.073,13156,2700,157,42,245,615015
Busoga|Jinja City,Jinja City,Busoga,2021-04,21.94,277.52,86.02,0.821,7333,622,98,31,5,273051.9
Busoga|Jinja District,Jinja District,Busoga,2021-04,22,257.72,85.19,0.118,13280,577,75,4,0,247821
Karamoja|Kaabong District,Kaabong District,Karamoja,2021-04,24.03,79.74,56.93,0.03,4002,655,32,20,1242,128248.6
Kigezi|Kabale District,Kabale District,Kigezi,2021-04,17.81,130.12,81.4,0.159,258,732,63,12,6,250912.6
Tooro|Kabarole District,Kabarole District,Tooro,2021-04,21.5,142.64,76.93,0.048,1740,368,61,17,0,226080.6
Teso|Kaberamaido District,Kaberamaido District,Teso,2021-04,23.78,156.84,76.53,0.826,7419,189,15,14,0,137523.2
Bunyoro|Kagadi District,Kagadi District,Bunyoro,2021-04,23.01,134.8,77.05,0.337,6851,235,57,48,6,443684.4
Bunyoro|Kakumiro District,Kakumiro District,Bunyoro,2021-04,22.13,160.97,76.4,0.044,5676,523,41,14,27,511797.8
Teso|Kalaki District,Kalaki District,Teso,2021-04,23.67,185.27,76.12,0.394,4132,149,97,14,0,143806
South Buganda|Kalangala District,Kalangala District,South Buganda,2021-04,22.96,360.84,77.69,3.068,1182,113,53,5,0,69310.1
Busoga|Kaliro District,Kaliro District,Busoga,2021-04,22.91,248.79,80.06,0.347,9170,580,126,7,0,297385.2
South Buganda|Kalungu District,Kalungu District,South Buganda,2021-04,21.3,205.68,83.44,0.202,1695,302,59,6,0,185791
Kampala|Kampala District,Kampala District,Kampala,2021-04,21.3,231.76,86.23,2.366,11740,3369,875,472,59,1705228.1
Busoga|Kamuli District,Kamuli District,Busoga,2021-04,22.43,243.93,83.09,0.092,29595,2405,113,44,6,569639.3
Tooro|Kamwenge District,Kamwenge District,Tooro,2021-04,21.45,140.2,75.76,0.045,8905,1454,42,39,202,346450.8
Kigezi|Kanungu District,Kanungu District,Kigezi,2021-04,20.71,90.51,80.06,0.186,3166,696,49,29,16,226080.6
Bugisu|Kapchorwa District,Kapchorwa District,Bugisu,2021-04,19.61,290.27,64.7,0.048,425,478,36,7,2,126852.5
Teso|Kapelebyong District,Kapelebyong District,Teso,2021-04,24.37,179.55,66.44,0.033,2105,117,31,19,0,106308.7
Karamoja|Karenga District,Karenga District,Karamoja,2021-04,23.61,80.12,60.55,0.032,1855,406,6,5,263,69709
Tooro|Kasese District,Kasese District,Tooro,2021-04,21.1,114.24,72.3,0.429,14705,2104,317,67,37,808185.8
North Buganda|Kassanda District,Kassanda District,North Buganda,2021-04,21.06,158.73,83.36,0.129,3832,141,23,13,12,319026
Teso|Katakwi District,Katakwi District,Teso,2021-04,24.23,183.61,68.58,0.188,6849,339,35,28,40,198954.9
North Buganda|Kayunga District,Kayunga District,North Buganda,2021-04,22.6,205.66,81.87,0.326,10365,853,39,17,2,413168
Ankole|Kazo District,Kazo District,Ankole,2021-04,21.57,119.12,75.42,0.039,3347,235,101,2,0,224385.2
Bunyoro|Kibaale District,Kibaale District,Bunyoro,2021-04,21.77,157.45,76.59,0.049,3215,251,14,13,19,209326.5
North Buganda|Kiboga District,Kiboga District,North Buganda,2021-04,22.07,197.39,79.95,0.037,3023,638,49,33,23,174721.3
Bukedi|Kibuku District,Kibuku District,Bukedi,2021-04,22.58,247.7,78.8,0.061,4103,226,33,7,0,258890.7
Bunyoro|Kikuube District,Kikuube District,Bunyoro,2021-04,23.97,127.84,75.86,1.092,9891,808,45,16,112,375571
Ankole|Kiruhura District,Kiruhura District,Ankole,2021-04,21.31,132.31,76,0.08,1865,439,3,5,0,191674.9
Bunyoro|Kiryandongo District,Kiryandongo District,Bunyoro,2021-04,24.09,140.86,73.51,0.056,5143,951,108,46,71,321419.4
Kigezi|Kisoro District,Kisoro District,Kigezi,2021-04,17.06,119.1,82.94,0.148,267,622,121,16,45,320222.7
Tooro|Kitagwenda District,Kitagwenda District,Tooro,2021-04,22.15,132.2,70.77,0.315,1488,135,5,5,2,184095.6
Acholi|Kitgum District,Kitgum District,Acholi,2021-04,24.11,111.57,66.15,0.041,6271,563,108,37,7,226080.6
West Nile|Koboko District,Koboko District,West Nile,2021-04,24.96,91.08,67.85,0.038,9425,255,75,40,38,266968.6
Lango|Kole District,Kole District,Lango,2021-04,23.81,154.98,74.38,0.033,5835,657,10,12,11,291700.8
Karamoja|Kotido District,Kotido District,Karamoja,2021-04,24.3,104.31,58.23,0.023,4380,506,181,9,2441,210323.8
Teso|Kumi District,Kumi District,Teso,2021-04,24,235.9,68.49,0.25,8196,252,19,15,6,292099.7
Lango|Kwania District,Kwania District,Lango,2021-04,23.85,131.74,76.46,0.497,4072,490,9,15,0,221991.8
Bugisu|Kween District,Kween District,Bugisu,2021-04,23.09,225.85,54.76,0.031,723,571,7,4,0,111993.2
North Buganda|Kyankwanzi District,Kyankwanzi District,North Buganda,2021-04,22.81,156.28,74.76,0.042,1860,210,5,8,3,295291
Tooro|Kyegegwa District,Kyegegwa District,Tooro,2021-04,21.29,144.48,77,0.045,11223,947,72,36,149,474300.5
Tooro|Kyenjojo District,Kyenjojo District,Tooro,2021-04,21.55,148.44,77.85,0.047,4405,2299,86,32,22,543311.5
South Buganda|Kyotera District,Kyotera District,South Buganda,2021-04,21.89,299.24,81.11,0.973,5747,1392,69,20,17,263777.3
Acholi|Lamwo District,Lamwo District,Acholi,2021-04,24.55,118.73,68.97,0.043,6648,1182,19,9,65,145002.7
Lango|Lira City,Lira City,Lango,2021-04,23.69,152.82,74.23,0.141,3057,228,113,70,10,249217.2
Lango|Lira District,Lira District,Lango,2021-04,23.88,148.01,73.83,0.03,5956,282,60,24,24,240441.3
Busoga|Luuka District,Luuka District,Busoga,2021-04,22.47,255.01,82.41,0.037,16091,1766,25,7,0,271256.8
North Buganda|Luwero District,Luwero District,North Buganda,2021-04,21.71,204.6,85.14,0.056,8855,1406,68,50,28,533737.7
South Buganda|Lwengo District,Lwengo District,South Buganda,2021-04,20.94,180.44,81.25,0.046,2761,616,23,9,0,292099.7
South Buganda|Lyantonde District,Lyantonde District,South Buganda,2021-04,21.13,142.77,79,0.036,1417,287,38,52,0,113189.9
West Nile|Madi-Okollo District,Madi-Okollo District,West Nile,2021-04,26.21,99.26,66.57,0.086,6168,237,27,13,10,167840.2
Bugisu|Manafwa District,Manafwa District,Bugisu,2021-04,19.27,288.33,82.84,0.043,4117,163,28,5,18,178510.9
West Nile|Maracha District,Maracha District,West Nile,2021-04,24.41,79.7,68.23,0.029,14646,554,23,40,4,211620.2
South Buganda|Masaka City,Masaka City,South Buganda,2021-04,21.2,219.27,83.39,0.147,1745,835,27,20,5,228374.3
South Buganda|Masaka District,Masaka District,South Buganda,2021-04,22.19,301.52,80.67,1.84,960,338,16,,0,122464.5
Bunyoro|Masindi District,Masindi District,Bunyoro,2021-04,23.94,146.31,73.69,0.044,3674,458,82,49,10,348345.6
Busoga|Mayuge District,Mayuge District,Busoga,2021-04,22.84,250.9,79.96,2.227,16983,352,162,29,20,580110.7
Bugisu|Mbale City,Mbale City,Bugisu,2021-04,20.64,281.78,79.12,0.065,5196,825,104,10,0,328300.5
Bugisu|Mbale District,Mbale District,Bugisu,2021-04,19.96,275.22,81.05,0.044,7914,1315,30,8,0,274148.9
Ankole|Mbarara City,Mbarara City,Ankole,2021-04,21.04,119.37,72.94,0.121,545,795,73,67,1,225183.1
Ankole|Mbarara District,Mbarara District,Ankole,2021-04,20.84,117.53,74.17,0.046,737,603,26,10,0,172327.9
Ankole|Mitooma District,Mitooma District,Ankole,2021-04,20.07,89.52,77.72,0.041,1508,259,6,12,0,195364.8
North Buganda|Mityana District,Mityana District,North Buganda,2021-04,21.01,205.79,85.97,0.202,6823,376,47,29,0,367194
Karamoja|Moroto District,Moroto District,Karamoja,2021-04,24.33,74.47,53.56,0.019,2870,572,53,4,312,120868.9
West Nile|Moyo District,Moyo District,West Nile,2021-04,26.09,114.59,66.98,0.124,6969,767,23,16,13,111494.5
South Buganda|Mpigi District,Mpigi District,South Buganda,2021-04,21.59,265.48,83.29,0.731,2112,929,98,37,0,292099.7
North Buganda|Mubende District,Mubende District,North Buganda,2021-04,20.95,154.1,81.84,0.048,5713,243,152,21,3,581307.4
North Buganda|Mukono District,Mukono District,North Buganda,2021-04,22.39,272.71,81.6,1.801,10895,1948,50,13,7,718132.5
Karamoja|Nabilatuk District,Nabilatuk District,Karamoja,2021-04,24.55,154.26,58.88,0.028,1844,202,33,11,604,93543.7
Karamoja|Nakapiripirit District,Nakapiripirit District,Karamoja,2021-04,23.86,188.78,56.64,0.031,3925,246,64,10,349,117777.3
North Buganda|Nakaseke District,Nakaseke District,North Buganda,2021-04,22.48,199.59,79.05,0.039,2759,278,93,4,5,240740.4
North Buganda|Nakasongola District,Nakasongola District,North Buganda,2021-04,23.5,167.99,75.37,0.263,4268,488,41,,1,220695.4
Busoga|Namayingo District,Namayingo District,Busoga,2021-04,23.09,261.73,78.04,2.908,12871,203,57,11,27,239942.6
Bugisu|Namisindwa District,Namisindwa District,Bugisu,2021-04,17.09,292.5,81.26,0.048,4287,167,28,2,0,236352.5
Busoga|Namutumba District,Namutumba District,Busoga,2021-04,22.46,256.91,81.93,0.035,9042,924,20,12,2,315535.5
Karamoja|Napak District,Napak District,Karamoja,2021-04,24.79,140.43,58.02,0.023,2562,363,88,39,378,160560.1
West Nile|Nebbi District,Nebbi District,West Nile,2021-04,25.48,86.15,64.98,0.023,9338,524,136,102,2,289606.6
Teso|Ngora District,Ngora District,Teso,2021-04,23.67,219.63,75.43,0.315,4485,275,7,24,0,169535.5
Tooro|Ntoroko District,Ntoroko District,Tooro,2021-04,25.68,111.56,68.27,0.454,776,22,11,4,0,77487.7
Ankole|Ntungamo District,Ntungamo District,Ankole,2021-04,20.28,93.39,74.41,0.045,2466,1482,72,17,2,548995.9
Acholi|Nwoya District,Nwoya District,Acholi,2021-04,24.67,126.5,73.75,0.078,5131,424,5,17,9,259090.2
West Nile|Obongi District,Obongi District,West Nile,2021-04,26.63,115.91,68.87,0.241,4399,443,9,23,62,50162.6
Acholi|Omoro District,Omoro District,Acholi,2021-04,24.07,138.46,73.06,0.045,5560,377,24,8,0,202445.4
Lango|Otuke District,Otuke District,Lango,2021-04,24.24,164.43,67.97,0.034,2857,162,13,6,2,138620.2
Lango|Oyam District,Oyam District,Lango,2021-04,23.86,144.31,74.23,0.045,10415,701,42,104,111,465026
Acholi|Pader District,Pader District,Acholi,2021-04,24.68,142.45,69.45,0.04,8192,703,29,9,2,199952.2
West Nile|Pakwach District,Pakwach District,West Nile,2021-04,26.22,90.1,69.68,0.25,4840,221,36,21,14,203542.3
Bukedi|Pallisa District,Pallisa District,Bukedi,2021-04,23.08,237.71,79.16,0.338,6065,314,25,11,14,367393.4
South Buganda|Rakai District,Rakai District,South Buganda,2021-04,20.75,204.19,82.71,0.134,5064,1551,65,5,2,323912.6
Kigezi|Rubanda District,Rubanda District,Kigezi,2021-04,17.38,126.37,81.6,0.121,206,846,15,6,5,209725.4
Ankole|Rubirizi District,Rubirizi District,Ankole,2021-04,23.36,97.67,71.44,0.841,1346,116,14,9,0,146199.5
Kigezi|Rukiga District,Rukiga District,Kigezi,2021-04,19.24,128.43,76.63,0.037,229,387,21,2,0,105710.4
Kigezi|Rukungiri District,Rukungiri District,Kigezi,2021-04,21.08,85.16,78.57,0.226,2170,1296,153,28,4,335780.1
Ankole|Rwampara District,Rwampara District,Ankole,2021-04,20.35,117.41,75.33,0.041,317,426,7,8,1,146997.3
South Buganda|Sembabule District,Sembabule District,South Buganda,2021-04,21.19,145.54,79.67,0.036,3361,434,59,6,0,303069.7
Teso|Serere District,Serere District,Teso,2021-04,23.73,183.63,76.3,0.879,9811,199,18,48,0,372280.1
Ankole|Sheema District,Sheema District,Ankole,2021-04,20.06,114.12,78.28,0.048,156,553,31,26,2,221991.8
Bugisu|Sironko District,Sironko District,Bugisu,2021-04,18.23,279.05,77.88,0.05,4187,877,23,14,0,278935.8
Teso|Soroti City,Soroti City,Teso,2021-04,23.43,205.56,75.85,0.109,5017,315,104,106,0,71903
Teso|Soroti District,Soroti District,Teso,2021-04,23.52,196.44,75.28,0.151,5920,232,1,7,0,302969.9
West Nile|Terego District,Terego District,West Nile,2021-04,26,92.15,66.86,0.034,14076,818,34,18,102,238646.2
Bukedi|Tororo District,Tororo District,Bukedi,2021-04,21.43,304.91,79.7,0.037,10524,1443,87,51,7,609929
South Buganda|Wakiso District,Wakiso District,South Buganda,2021-04,21.73,278.75,84.11,1.136,16049,1696,439,56,27,3097214.5
West Nile|Yumbe District,Yumbe District,West Nile,2021-04,25.88,102.7,67.54,0.034,19846,956,231,46,84,697389.3
West Nile|Zombo District,Zombo District,West Nile,2021-04,22.76,95.27,69.35,0.038,12979,1003,35,53,6,289905.7
Karamoja|Abim District,Abim District,Karamoja,2021-05,22.39,180.67,74.34,0.053,7075,152,121,4,163,162454.9
West Nile|Adjumani District,Adjumani District,West Nile,2021-05,24.6,210.47,76.44,0.094,32601,1656,171,30,206,236751.4
Acholi|Agago District,Agago District,Acholi,2021-05,22.6,181.58,76.31,0.054,19703,208,36,47,30,254303.3
Lango|Alebtong District,Alebtong District,Lango,2021-05,22.53,188.81,78.98,0.045,12940,413,13,26,0,272054.6
Lango|Amolatar District,Amolatar District,Lango,2021-05,23.36,109.94,77.66,1.565,8710,715,7,10,0,173524.6
Karamoja|Amudat District,Amudat District,Karamoja,2021-05,22.06,179.38,69.53,0.04,2667,364,41,13,494,140016.4
Teso|Amuria District,Amuria District,Teso,2021-05,22.27,173.84,80.54,0.044,7572,258,34,39,1,232163.9
Acholi|Amuru District,Amuru District,Acholi,2021-05,23.95,213.25,77.03,0.059,12696,322,12,19,2,221393.4
Lango|Apac District,Apac District,Lango,2021-05,22.92,122.17,78.89,0.172,5695,736,25,68,0,233460.4
West Nile|Arua City,Arua City,West Nile,2021-05,22.88,175.96,74.89,0.057,8851,312,79,17,27,369986.3
West Nile|Arua District,Arua District,West Nile,2021-05,23.6,172.91,73.15,0.049,4280,109,0,14,23,159862
Bukedi|Budaka District,Budaka District,Bukedi,2021-05,21.25,196.57,80.11,0.041,5048,258,88,15,0,260685.8
Bugisu|Bududa District,Bududa District,Bugisu,2021-05,14.37,269.95,81.66,0.051,2185,969,124,10,14,282127
Busoga|Bugiri District,Bugiri District,Busoga,2021-05,21.66,180.92,84.16,0.103,7542,615,42,36,12,497337.4
Busoga|Bugweri District,Bugweri District,Busoga,2021-05,21.62,150.56,84.61,0.058,8043,149,59,9,0,195763.7
Ankole|Buhweju District,Buhweju District,Ankole,2021-05,19.41,52.7,78.42,0.057,209,652,16,3,1,147894.8
North Buganda|Buikwe District,Buikwe District,North Buganda,2021-05,21.77,150.98,83.76,0.563,11919,1221,109,55,4,481580.6
Teso|Bukedea District,Bukedea District,Teso,2021-05,21.52,209.13,77.92,0.048,4017,295,17,9,2,269162.6
South Buganda|Bukomansimbi District,Bukomansimbi District,South Buganda,2021-05,20.85,128.57,82.34,0.04,2238,765,31,1,0,156870.2
Bugisu|Bukwo District,Bukwo District,Bugisu,2021-05,18.32,258.6,72.65,0.05,496,1064,22,1,0,124558.7
Bugisu|Bulambuli District,Bulambuli District,Bugisu,2021-05,19.08,229.97,75.78,0.051,2533,1133,43,26,15,240939.9
Bunyoro|Buliisa District,Buliisa District,Bunyoro,2021-05,24.6,126.44,77.2,1.414,6062,170,11,11,32,155972.7
Tooro|Bundibugyo District,Bundibugyo District,Tooro,2021-05,20.3,100.28,80.5,0.075,10130,1074,110,30,106,270060.1
Tooro|Bunyangabu District,Bunyangabu District,Tooro,2021-05,19.2,89.09,80.31,0.05,1091,319,67,15,0,198954.9
Ankole|Bushenyi District,Bushenyi District,Ankole,2021-05,20.17,53.35,77.31,0.063,976,899,63,22,1,240840.2
Bukedi|Busia District,Busia District,Bukedi,2021-05,21.25,256.07,83.44,0.166,17714,453,54,38,53,393821
Bukedi|Butaleja District,Butaleja District,Bukedi,2021-05,21.31,182.74,81.28,0.041,5891,577,224,33,0,310050.5
South Buganda|Butambala District,Butambala District,South Buganda,2021-05,20.9,133.27,84.58,0.042,2479,462,51,2,3,108702.2
Bukedi|Butebo District,Butebo District,Bukedi,2021-05,21.73,197.2,79.79,0.042,5178,157,10,20,0,122464.5
North Buganda|Buvuma District,Buvuma District,North Buganda,2021-05,23.23,209.31,74.9,3.172,2293,201,23,3,2,136625.7
Busoga|Buyende District,Buyende District,Busoga,2021-05,23.06,117.66,79.24,0.982,7722,326,14,15,0,430919.4
Lango|Dokolo District,Dokolo District,Lango,2021-05,22.58,155.96,80.48,0.316,12842,442,57,23,1,220795.1
Tooro|Fort Portal City,Fort Portal City,Tooro,2021-05,19.18,88.13,81.9,0.127,506,464,56,27,0,117478.1
South Buganda|Gomba District,Gomba District,South Buganda,2021-05,20.75,106.85,83.47,0.064,2513,142,3,11,0,175618.9
Acholi|Gulu City,Gulu City,Acholi,2021-05,22.91,217.06,78.26,0.158,4331,742,69,35,35,213215.8
Acholi|Gulu District,Gulu District,Acholi,2021-05,23.53,197.62,76.77,0.056,8512,242,18,14,46,120370.2
Bunyoro|Hoima City,Hoima City,Bunyoro,2021-05,22.21,96.59,81.35,0.109,1658,583,17,7,2,126453.6
Bunyoro|Hoima District,Hoima District,Bunyoro,2021-05,23.92,118.59,76.95,1.438,2732,168,52,13,9,259688.5
Ankole|Ibanda District,Ibanda District,Ankole,2021-05,21.19,49.32,74.79,0.049,9189,544,45,24,0,281129.8
Busoga|Iganga District,Iganga District,Busoga,2021-05,21.74,146.79,84.1,0.078,19781,1054,64,57,22,412868.9
Ankole|Isingiro District,Isingiro District,Ankole,2021-05,20.83,103.28,74.99,0.08,13883,4027,159,31,144,615015
Busoga|Jinja City,Jinja City,Busoga,2021-05,21.6,144.2,86.23,0.825,6817,772,129,15,0,273051.9
Busoga|Jinja District,Jinja District,Busoga,2021-05,21.58,139.51,85.63,0.123,11480,725,66,9,0,247821
Karamoja|Kaabong District,Kaabong District,Karamoja,2021-05,21.92,156.26,69.74,0.05,3418,562,37,22,1195,128248.6
Kigezi|Kabale District,Kabale District,Kigezi,2021-05,17.9,84.75,78.5,0.161,320,1028,54,25,14,250912.6
Tooro|Kabarole District,Kabarole District,Tooro,2021-05,21.01,85.46,78.66,0.056,2049,396,55,10,0,226080.6
Teso|Kaberamaido District,Kaberamaido District,Teso,2021-05,23.05,133.79,78.47,0.834,7747,249,12,18,0,137523.2
Bunyoro|Kagadi District,Kagadi District,Bunyoro,2021-05,22.39,92.71,79.66,0.344,8414,445,69,45,32,443684.4
Bunyoro|Kakumiro District,Kakumiro District,Bunyoro,2021-05,21.5,102.61,79.76,0.056,9152,559,45,8,15,511797.8
Teso|Kalaki District,Kalaki District,Teso,2021-05,22.71,169.08,80.31,0.402,4673,142,15,23,1,143806
South Buganda|Kalangala District,Kalangala District,South Buganda,2021-05,23.19,254.16,74.42,3.069,1154,148,58,,6,69310.1
Busoga|Kaliro District,Kaliro District,Busoga,2021-05,22.32,135.44,81.94,0.353,8452,557,82,9,0,297385.2
South Buganda|Kalungu District,Kalungu District,South Buganda,2021-05,21.18,143.43,82.64,0.207,2045,477,44,9,0,185791
Kampala|Kampala District,Kampala District,Kampala,2021-05,21.2,142.69,84.93,2.367,14547,5603,710,348,46,1705228.1
Busoga|Kamuli District,Kamuli District,Busoga,2021-05,21.93,133.27,84.04,0.098,28852,2552,308,33,30,569639.3
Tooro|Kamwenge District,Kamwenge District,Tooro,2021-05,21.31,61.82,75.1,0.052,11924,1872,75,40,163,346450.8
Kigezi|Kanungu District,Kanungu District,Kigezi,2021-05,20.67,65.79,79.53,0.191,4773,1177,68,28,36,226080.6
Bugisu|Kapchorwa District,Kapchorwa District,Bugisu,2021-05,18.22,260.01,75.55,0.053,532,724,34,11,0,126852.5
Teso|Kapelebyong District,Kapelebyong District,Teso,2021-05,22.42,162.51,78.38,0.046,3743,184,22,9,0,106308.7
Karamoja|Karenga District,Karenga District,Karamoja,2021-05,21.52,161.06,74.05,0.05,3006,289,10,6,294,69709
Tooro|Kasese District,Kasese District,Tooro,2021-05,20.59,68.26,75.41,0.432,18784,3075,298,57,66,808185.8
North Buganda|Kassanda District,Kassanda District,North Buganda,2021-05,20.82,112.85,83.45,0.138,5485,172,5,39,0,319026
Teso|Katakwi District,Katakwi District,Teso,2021-05,22.6,174.55,78.32,0.2,9564,321,16,28,0,198954.9
North Buganda|Kayunga District,Kayunga District,North Buganda,2021-05,22.09,116.37,83.2,0.331,8577,960,21,26,0,413168
Ankole|Kazo District,Kazo District,Ankole,2021-05,21.39,60.91,75.42,0.044,3866,247,21,3,1,224385.2
Bunyoro|Kibaale District,Kibaale District,Bunyoro,2021-05,21.2,101.85,79.31,0.061,2597,187,11,8,20,209326.5
North Buganda|Kiboga District,Kiboga District,North Buganda,2021-05,21.61,122.27,81.61,0.047,4960,815,68,29,1,174721.3
Bukedi|Kibuku District,Kibuku District,Bukedi,2021-05,21.88,163.11,81.62,0.071,6785,193,23,8,0,258890.7
Bunyoro|Kikuube District,Kikuube District,Bunyoro,2021-05,23.42,100.52,77.91,1.098,16338,1065,54,27,158,375571
Ankole|Kiruhura District,Kiruhura District,Ankole,2021-05,21.13,65.38,75.43,0.087,2174,564,7,5,0,191674.9
Bunyoro|Kiryandongo District,Kiryandongo District,Bunyoro,2021-05,22.95,157.71,78.8,0.062,7192,1478,620,64,192,321419.4
Kigezi|Kisoro District,Kisoro District,Kigezi,2021-05,17.11,73.67,81.14,0.151,299,892,162,20,64,320222.7
Tooro|Kitagwenda District,Kitagwenda District,Tooro,2021-05,21.87,51.67,71.65,0.321,2159,278,16,1,2,184095.6
Acholi|Kitgum District,Kitgum District,Acholi,2021-05,22.6,176.21,74.87,0.058,15288,699,119,37,22,226080.6
West Nile|Koboko District,Koboko District,West Nile,2021-05,23.36,213.72,76.38,0.051,12968,307,98,24,78,266968.6
Lango|Kole District,Kole District,Lango,2021-05,22.69,154.92,78.98,0.042,12448,1328,10,17,2,291700.8
Karamoja|Kotido District,Kotido District,Karamoja,2021-05,22.35,148.37,70.07,0.042,4689,504,224,19,1326,210323.8
Teso|Kumi District,Kumi District,Teso,2021-05,22.61,189.38,77.35,0.258,11376,314,49,12,14,292099.7
Lango|Kwania District,Kwania District,Lango,2021-05,22.92,131.25,80.03,0.502,6269,713,31,23,0,221991.8
Bugisu|Kween District,Kween District,Bugisu,2021-05,20.78,212.24,70.51,0.047,1248,644,0,4,0,111993.2
North Buganda|Kyankwanzi District,Kyankwanzi District,North Buganda,2021-05,22.08,105.49,78.23,0.051,5405,448,8,1,21,295291
Tooro|Kyegegwa District,Kyegegwa District,Tooro,2021-05,20.99,81.4,77.45,0.054,11036,1222,65,16,172,474300.5
Tooro|Kyenjojo District,Kyenjojo District,Tooro,2021-05,21.14,81.77,78.81,0.056,7234,2956,179,30,40,543311.5
South Buganda|Kyotera District,Kyotera District,South Buganda,2021-05,22,237.49,78.97,0.976,7215,1491,59,10,1,263777.3
Acholi|Lamwo District,Lamwo District,Acholi,2021-05,23.17,177.46,75.76,0.061,18201,1760,18,18,99,145002.7
Lango|Lira City,Lira City,Lango,2021-05,22.57,163.68,78.89,0.15,4998,332,113,25,11,249217.2
Lango|Lira District,Lira District,Lango,2021-05,22.74,167.99,78.64,0.041,9036,324,14,17,47,240441.3
Busoga|Luuka District,Luuka District,Busoga,2021-05,21.9,136.49,83.82,0.044,16667,514,37,9,0,271256.8
North Buganda|Luwero District,Luwero District,North Buganda,2021-05,21.29,129.56,86.06,0.063,13517,1676,127,54,18,533737.7
South Buganda|Lwengo District,Lwengo District,South Buganda,2021-05,20.79,111.8,80.53,0.052,2599,1015,33,13,0,292099.7
South Buganda|Lyantonde District,Lyantonde District,South Buganda,2021-05,20.89,80.54,78.83,0.042,1429,408,23,2,0,113189.9
West Nile|Madi-Okollo District,Madi-Okollo District,West Nile,2021-05,24.83,161.31,73.43,0.103,10609,198,27,13,24,167840.2
Bugisu|Manafwa District,Manafwa District,Bugisu,2021-05,19.2,240.9,83.2,0.051,6001,108,41,9,32,178510.9
West Nile|Maracha District,Maracha District,West Nile,2021-05,22.94,184.36,75.75,0.037,15354,640,29,30,11,211620.2
South Buganda|Masaka City,Masaka City,South Buganda,2021-05,21.16,159.82,82.17,0.15,2094,1004,55,6,2,228374.3
South Buganda|Masaka District,Masaka District,South Buganda,2021-05,22.34,194.67,78.4,1.842,1292,485,27,,1,122464.5
Bunyoro|Masindi District,Masindi District,Bunyoro,2021-05,22.89,133.52,78.72,0.052,4823,550,84,34,15,348345.6
Busoga|Mayuge District,Mayuge District,Busoga,2021-05,22.68,180.05,78.64,2.229,16292,478,122,16,53,580110.7
Bugisu|Mbale City,Mbale City,Bugisu,2021-05,20.14,242.39,82.09,0.073,6625,848,100,28,0,328300.5
Bugisu|Mbale District,Mbale District,Bugisu,2021-05,19.73,238.39,82.64,0.049,8755,888,36,3,1,274148.9
Ankole|Mbarara City,Mbarara City,Ankole,2021-05,20.79,44.14,72.81,0.125,649,1131,77,32,0,225183.1
Ankole|Mbarara District,Mbarara District,Ankole,2021-05,20.68,48.01,73.67,0.053,717,804,23,3,13,172327.9
Ankole|Mitooma District,Mitooma District,Ankole,2021-05,20.15,58.35,75.87,0.047,1717,343,10,3,37,195364.8
North Buganda|Mityana District,Mityana District,North Buganda,2021-05,20.8,137.67,85.9,0.208,11610,1379,87,13,32,367194
Karamoja|Moroto District,Moroto District,Karamoja,2021-05,22.07,164.11,67.97,0.035,2799,392,37,10,138,120868.9
West Nile|Moyo District,Moyo District,West Nile,2021-05,24.58,187.62,75.56,0.137,9671,731,16,18,27,111494.5
South Buganda|Mpigi District,Mpigi District,South Buganda,2021-05,21.55,156.98,82.23,0.733,2481,1036,89,25,0,292099.7
North Buganda|Mubende District,Mubende District,North Buganda,2021-05,20.71,100.12,81.84,0.059,7154,295,188,74,7,581307.4
North Buganda|Mukono District,Mukono District,North Buganda,2021-05,22.39,179.54,79.45,1.803,12887,2770,125,22,15,718132.5
Karamoja|Nabilatuk District,Nabilatuk District,Karamoja,2021-05,22.33,175.03,73.38,0.043,4217,295,27,9,846,93543.7
Karamoja|Nakapiripirit District,Nakapiripirit District,Karamoja,2021-05,21.66,190.35,71.01,0.045,7142,575,174,9,511,117777.3
North Buganda|Nakaseke District,Nakaseke District,North Buganda,2021-05,21.81,117.36,81.79,0.049,5229,536,85,14,0,240740.4
North Buganda|Nakasongola District,Nakasongola District,North Buganda,2021-05,22.68,102.8,79.09,0.271,6326,1070,62,3,0,220695.4
Busoga|Namayingo District,Namayingo District,Busoga,2021-05,22.94,199.36,76.6,2.909,14664,353,73,1,20,239942.6
Bugisu|Namisindwa District,Namisindwa District,Bugisu,2021-05,16.91,246.85,82.56,0.052,4767,277,16,8,0,236352.5
Busoga|Namutumba District,Namutumba District,Busoga,2021-05,21.87,153,83.25,0.042,8765,868,42,11,3,315535.5
Karamoja|Napak District,Napak District,Karamoja,2021-05,22.47,168.48,72.51,0.042,4715,549,100,34,257,160560.1
West Nile|Nebbi District,Nebbi District,West Nile,2021-05,23.78,106.42,74.55,0.038,14150,663,123,88,2,289606.6
Teso|Ngora District,Ngora District,Teso,2021-05,22.69,169.96,80.21,0.321,6661,364,58,19,1,169535.5
Tooro|Ntoroko District,Ntoroko District,Tooro,2021-05,24.65,89.64,73.8,0.46,910,63,21,5,0,77487.7
Ankole|Ntungamo District,Ntungamo District,Ankole,2021-05,20.29,56.18,72.63,0.048,2816,2061,93,14,8,548995.9
Acholi|Nwoya District,Nwoya District,Acholi,2021-05,23.52,177.71,78.85,0.089,6586,461,3,36,16,259090.2
West Nile|Obongi District,Obongi District,West Nile,2021-05,25.26,207.48,75.77,0.257,9056,583,15,5,79,50162.6
Acholi|Omoro District,Omoro District,Acholi,2021-05,22.91,195.16,78.14,0.055,8805,484,20,12,12,202445.4
Lango|Otuke District,Otuke District,Lango,2021-05,22.58,184.5,77.34,0.048,8465,226,32,11,4,138620.2
Lango|Oyam District,Oyam District,Lango,2021-05,22.73,160.63,78.95,0.051,14946,645,59,91,113,465026
Acholi|Pader District,Pader District,Acholi,2021-05,23.23,178.08,76.61,0.056,17670,792,48,13,8,199952.2
West Nile|Pakwach District,Pakwach District,West Nile,2021-05,24.94,108.71,76.18,0.267,9063,334,46,18,3,203542.3
Bukedi|Pallisa District,Pallisa District,Bukedi,2021-05,22.42,148.17,81.41,0.345,7233,324,29,12,9,367393.4
South Buganda|Rakai District,Rakai District,South Buganda,2021-05,20.73,161.81,81.1,0.142,7444,2781,57,6,4,323912.6
Kigezi|Rubanda District,Rubanda District,Kigezi,2021-05,17.38,65.42,79.73,0.122,210,972,46,10,3,209725.4
Ankole|Rubirizi District,Rubirizi District,Ankole,2021-05,22.96,54.35,73.54,0.843,2233,147,16,2,0,146199.5
Kigezi|Rukiga District,Rukiga District,Kigezi,2021-05,19.24,69.52,75.04,0.04,288,495,10,12,0,105710.4
Kigezi|Rukungiri District,Rukungiri District,Kigezi,2021-05,21.12,58.99,77.28,0.23,2982,2010,82,28,9,335780.1
Ankole|Rwampara District,Rwampara District,Ankole,2021-05,20.24,47.19,74.21,0.047,388,428,24,10,0,146997.3
South Buganda|Sembabule District,Sembabule District,South Buganda,2021-05,20.92,96.47,80.1,0.043,3686,379,66,7,1,303069.7
Teso|Serere District,Serere District,Teso,2021-05,22.99,130.87,78.72,0.884,9258,277,14,22,0,372280.1
Ankole|Sheema District,Sheema District,Ankole,2021-05,20.09,47.28,76.5,0.053,182,2436,9,19,3,221991.8
Bugisu|Sironko District,Sironko District,Bugisu,2021-05,17.71,257.48,81.83,0.055,5705,932,58,36,0,278935.8
Teso|Soroti City,Soroti City,Teso,2021-05,22.45,173.46,80.96,0.117,5455,414,124,7,0,71903
Teso|Soroti District,Soroti District,Teso,2021-05,22.47,176.35,80.9,0.158,8084,202,13,20,0,302969.9
West Nile|Terego District,Terego District,West Nile,2021-05,24.64,188.78,73.36,0.047,21668,1026,74,16,113,238646.2
Bukedi|Tororo District,Tororo District,Bukedi,2021-05,20.97,208.98,80.89,0.043,12369,2170,100,64,16,609929
South Buganda|Wakiso District,Wakiso District,South Buganda,2021-05,21.71,159.55,82.39,1.138,21638,4524,541,50,20,3097214.5
West Nile|Yumbe District,Yumbe District,West Nile,2021-05,24.42,210.94,75.19,0.049,38918,872,163,36,75,697389.3
West Nile|Zombo District,Zombo District,West Nile,2021-05,21.28,156.83,77.22,0.05,14827,1076,43,51,1,289905.7
Karamoja|Abim District,Abim District,Karamoja,2021-06,23.04,55.42,61.68,0.057,9604,139,67,11,236,162454.9
West Nile|Adjumani District,Adjumani District,West Nile,2021-06,24.5,134.29,71.21,0.096,33293,1172,160,36,258,236751.4
Acholi|Agago District,Agago District,Acholi,2021-06,23,69.22,66.55,0.057,21505,289,37,51,40,254303.3
Lango|Alebtong District,Alebtong District,Lango,2021-06,23.02,74.94,69.15,0.046,11436,318,19,46,9,272054.6
Lango|Amolatar District,Amolatar District,Lango,2021-06,23.44,68.73,73.17,1.565,8855,850,10,5,0,173524.6
Karamoja|Amudat District,Amudat District,Karamoja,2021-06,22.88,59.54,54.69,0.035,4500,601,43,6,197,140016.4
Teso|Amuria District,Amuria District,Teso,2021-06,22.75,63.52,70.29,0.045,10613,308,13,23,0,232163.9
Acholi|Amuru District,Amuru District,Acholi,2021-06,23.9,130.37,71.28,0.062,11581,576,36,16,18,221393.4
Lango|Apac District,Apac District,Lango,2021-06,23.13,77.86,71.63,0.174,4844,685,15,28,2,233460.4
West Nile|Arua City,Arua City,West Nile,2021-06,22.88,105.1,68.56,0.06,7274,443,99,15,23,369986.3
West Nile|Arua District,Arua District,West Nile,2021-06,23.82,100.35,64.76,0.049,3850,105,1,12,19,159862
Bukedi|Budaka District,Budaka District,Bukedi,2021-06,21.11,105.38,75.72,0.04,3919,283,31,21,0,260685.8
Bugisu|Bududa District,Bududa District,Bugisu,2021-06,14,130.91,75.09,0.053,1850,821,96,10,5,282127
Busoga|Bugiri District,Bugiri District,Busoga,2021-06,21.51,81.8,80.38,0.104,7933,626,24,33,6,497337.4
Busoga|Bugweri District,Bugweri District,Busoga,2021-06,21.47,77.05,81.05,0.059,7424,157,72,6,0,195763.7
Ankole|Buhweju District,Buhweju District,Ankole,2021-06,19.43,20.45,66.38,0.068,193,491,9,7,0,147894.8
North Buganda|Buikwe District,Buikwe District,North Buganda,2021-06,21.73,55.94,78.54,0.571,11859,1944,68,57,8,481580.6
Teso|Bukedea District,Bukedea District,Teso,2021-06,22.06,115.91,68.68,0.047,5800,400,9,15,4,269162.6
South Buganda|Bukomansimbi District,Bukomansimbi District,South Buganda,2021-06,20.98,23.99,70.25,0.044,2327,689,26,,0,156870.2
Bugisu|Bukwo District,Bukwo District,Bugisu,2021-06,19.12,104.83,57.4,0.055,760,1745,41,,0,124558.7
Bugisu|Bulambuli District,Bulambuli District,Bugisu,2021-06,19.67,121.35,63.89,0.052,2865,762,67,6,6,240939.9
Bunyoro|Buliisa District,Buliisa District,Bunyoro,2021-06,24.55,69.58,70.95,1.414,4535,318,21,17,5,155972.7
Tooro|Bundibugyo District,Bundibugyo District,Tooro,2021-06,20.47,68.12,70.65,0.084,10204,1108,140,31,131,270060.1
Tooro|Bunyangabu District,Bunyangabu District,Tooro,2021-06,19.43,58.83,68.49,0.057,667,114,0,6,0,198954.9
Ankole|Bushenyi District,Bushenyi District,Ankole,2021-06,20.41,17.9,64.14,0.073,1154,749,45,11,10,240840.2
Bukedi|Busia District,Busia District,Bukedi,2021-06,21.17,107.31,79.39,0.166,15973,337,31,61,33,393821
Bukedi|Butaleja District,Butaleja District,Bukedi,2021-06,21.04,103.07,78.05,0.042,5506,1134,87,30,0,310050.5
South Buganda|Butambala District,Butambala District,South Buganda,2021-06,20.98,46.83,74.15,0.05,1754,477,78,1,3,108702.2
Bukedi|Butebo District,Butebo District,Bukedi,2021-06,21.82,112.97,74.22,0.041,5626,149,4,20,0,122464.5
North Buganda|Buvuma District,Buvuma District,North Buganda,2021-06,23.55,43.82,67.35,3.172,2324,396,23,1,0,136625.7
Busoga|Buyende District,Buyende District,Busoga,2021-06,23.12,74.33,74.99,0.984,7307,359,2,14,2,430919.4
Lango|Dokolo District,Dokolo District,Lango,2021-06,22.75,70.95,74.83,0.317,5847,476,32,17,1,220795.1
Tooro|Fort Portal City,Fort Portal City,Tooro,2021-06,19.32,63.85,70.67,0.135,651,553,75,14,6,117478.1
South Buganda|Gomba District,Gomba District,South Buganda,2021-06,21.04,30.24,70.35,0.068,2776,108,7,10,1,175618.9
Acholi|Gulu City,Gulu City,Acholi,2021-06,22.81,146.63,73.06,0.161,4199,1217,78,31,93,213215.8
Acholi|Gulu District,Gulu District,Acholi,2021-06,23.48,118.44,71.44,0.059,8089,424,14,11,28,120370.2
Bunyoro|Hoima City,Hoima City,Bunyoro,2021-06,22.23,49.7,73.16,0.11,1431,649,39,22,0,126453.6
Bunyoro|Hoima District,Hoima District,Bunyoro,2021-06,23.96,49.41,70.04,1.438,2108,102,39,7,7,259688.5
Ankole|Ibanda District,Ibanda District,Ankole,2021-06,21.86,28.74,59.33,0.055,10001,644,46,15,39,281129.8
Busoga|Iganga District,Iganga District,Busoga,2021-06,21.6,81.47,80.44,0.08,19298,500,56,41,12,412868.9
Ankole|Isingiro District,Isingiro District,Ankole,2021-06,21.15,9.07,59.74,0.082,13460,2554,100,29,146,615015
Busoga|Jinja City,Jinja City,Busoga,2021-06,21.49,74.83,82.23,0.829,6380,468,54,51,0,273051.9
Busoga|Jinja District,Jinja District,Busoga,2021-06,21.41,65.98,81.91,0.125,13211,801,56,5,2,247821
Karamoja|Kaabong District,Kaabong District,Karamoja,2021-06,22.58,37.47,53.26,0.049,3979,669,14,12,1075,128248.6
Kigezi|Kabale District,Kabale District,Kigezi,2021-06,18.23,8.57,62.77,0.168,301,728,45,23,8,250912.6
Tooro|Kabarole District,Kabarole District,Tooro,2021-06,21.33,61,67.41,0.063,2535,692,100,7,0,226080.6
Teso|Kaberamaido District,Kaberamaido District,Teso,2021-06,23.2,70.4,73.64,0.835,7004,253,16,37,0,137523.2
Bunyoro|Kagadi District,Kagadi District,Bunyoro,2021-06,22.73,54.89,68.82,0.345,5291,409,64,45,19,443684.4
Bunyoro|Kakumiro District,Kakumiro District,Bunyoro,2021-06,21.96,49.69,66.18,0.056,5597,652,35,7,13,511797.8
Teso|Kalaki District,Kalaki District,Teso,2021-06,22.97,65.91,73.32,0.403,4307,155,10,22,0,143806
South Buganda|Kalangala District,Kalangala District,South Buganda,2021-06,23.41,44.99,67.21,3.069,1415,225,22,,0,69310.1
Busoga|Kaliro District,Kaliro District,Busoga,2021-06,22.26,86.27,77.91,0.353,9256,629,114,15,0,297385.2
South Buganda|Kalungu District,Kalungu District,South Buganda,2021-06,21.17,35.72,72.83,0.215,1836,755,41,11,0,185791
Kampala|Kampala District,Kampala District,Kampala,2021-06,21,34.25,79.15,2.368,13608,6548,638,465,61,1705228.1
Busoga|Kamuli District,Kamuli District,Busoga,2021-06,21.82,70.11,80.19,0.1,34136,2488,236,48,40,569639.3
Tooro|Kamwenge District,Kamwenge District,Tooro,2021-06,22.02,39.28,59.95,0.057,11236,1581,22,27,142,346450.8
Kigezi|Kanungu District,Kanungu District,Kigezi,2021-06,20.79,26.49,68.33,0.197,4960,770,63,33,18,226080.6
Bugisu|Kapchorwa District,Kapchorwa District,Bugisu,2021-06,18.72,135.76,63.16,0.058,693,1036,20,9,0,126852.5
Teso|Kapelebyong District,Kapelebyong District,Teso,2021-06,23.18,64.72,65.66,0.047,5441,214,15,23,0,106308.7
Karamoja|Karenga District,Karenga District,Karamoja,2021-06,21.92,49.03,60.17,0.052,3899,358,5,5,260,69709
Tooro|Kasese District,Kasese District,Tooro,2021-06,21.1,44.98,62.39,0.437,16713,2591,201,87,54,808185.8
North Buganda|Kassanda District,Kassanda District,North Buganda,2021-06,20.87,29.74,72.97,0.142,4592,215,37,46,1,319026
Teso|Katakwi District,Katakwi District,Teso,2021-06,23.01,67.19,69.15,0.202,17603,386,16,27,0,198954.9
North Buganda|Kayunga District,Kayunga District,North Buganda,2021-06,22.02,62.5,78.3,0.334,9941,1255,15,26,0,413168
Ankole|Kazo District,Kazo District,Ankole,2021-06,22.17,27.59,58.51,0.046,4363,323,33,1,0,224385.2
Bunyoro|Kibaale District,Kibaale District,Bunyoro,2021-06,21.84,53.93,63.96,0.065,1972,279,7,21,21,209326.5
North Buganda|Kiboga District,Kiboga District,North Buganda,2021-06,21.86,40.62,70.7,0.051,3939,733,38,4,27,174721.3
Bukedi|Kibuku District,Kibuku District,Bukedi,2021-06,21.77,99.48,77.81,0.07,6218,313,45,10,0,258890.7
Bunyoro|Kikuube District,Kikuube District,Bunyoro,2021-06,23.52,47.56,70.4,1.099,12300,1195,39,28,158,375571
Ankole|Kiruhura District,Kiruhura District,Ankole,2021-06,21.41,15.53,61.46,0.088,2569,555,13,5,0,191674.9
Bunyoro|Kiryandongo District,Kiryandongo District,Bunyoro,2021-06,23.14,97.42,70.09,0.066,6629,962,63,43,155,321419.4
Kigezi|Kisoro District,Kisoro District,Kigezi,2021-06,17.04,19.38,67.77,0.158,326,734,114,23,23,320222.7
Tooro|Kitagwenda District,Kitagwenda District,Tooro,2021-06,22.59,36.5,57.43,0.328,2169,158,12,2,0,184095.6
Acholi|Kitgum District,Kitgum District,Acholi,2021-06,22.86,64.78,65.62,0.061,13759,959,59,29,30,226080.6
West Nile|Koboko District,Koboko District,West Nile,2021-06,23.15,106.7,71.64,0.052,11974,393,79,44,62,266968.6
Lango|Kole District,Kole District,Lango,2021-06,22.78,95.07,72.81,0.046,6341,600,3,27,7,291700.8
Karamoja|Kotido District,Kotido District,Karamoja,2021-06,23.15,42.68,55.17,0.044,8450,618,338,20,1422,210323.8
Teso|Kumi District,Kumi District,Teso,2021-06,23.31,107.35,66.93,0.257,14752,348,42,18,28,292099.7
Lango|Kwania District,Kwania District,Lango,2021-06,23,85.02,74.73,0.503,5534,518,29,12,0,221991.8
Bugisu|Kween District,Kween District,Bugisu,2021-06,22.02,104.97,53.72,0.049,1656,677,5,1,0,111993.2
North Buganda|Kyankwanzi District,Kyankwanzi District,North Buganda,2021-06,22.65,41.43,65.09,0.052,5621,315,3,5,20,295291
Tooro|Kyegegwa District,Kyegegwa District,Tooro,2021-06,21.77,37.1,60.62,0.057,6917,1741,75,25,111,474300.5
Tooro|Kyenjojo District,Kyenjojo District,Tooro,2021-06,21.64,60.29,65.47,0.059,6812,2891,106,35,31,543311.5
South Buganda|Kyotera District,Kyotera District,South Buganda,2021-06,22.07,23.49,69.93,0.983,7599,912,53,3,2,263777.3
Acholi|Lamwo District,Lamwo District,Acholi,2021-06,23.31,91.39,68.9,0.065,19049,1592,33,12,96,145002.7
Lango|Lira City,Lira City,Lango,2021-06,22.74,71.81,72.39,0.153,4283,337,108,32,13,249217.2
Lango|Lira District,Lira District,Lango,2021-06,22.96,79.44,71.63,0.043,5913,239,32,20,34,240441.3
Busoga|Luuka District,Luuka District,Busoga,2021-06,21.8,76.88,80.02,0.046,16506,595,29,7,5,271256.8
North Buganda|Luwero District,Luwero District,North Buganda,2021-06,21.1,52.66,80.51,0.066,13344,1575,126,27,25,533737.7
South Buganda|Lwengo District,Lwengo District,South Buganda,2021-06,20.84,15.48,68.54,0.055,2881,583,32,6,0,292099.7
South Buganda|Lyantonde District,Lyantonde District,South Buganda,2021-06,21.13,14.4,65.04,0.046,1655,492,24,2,0,113189.9
West Nile|Madi-Okollo District,Madi-Okollo District,West Nile,2021-06,25.2,98.46,63.93,0.105,11896,294,13,13,57,167840.2
Bugisu|Manafwa District,Manafwa District,Bugisu,2021-06,18.68,124.73,80.92,0.05,4621,233,126,5,0,178510.9
West Nile|Maracha District,Maracha District,West Nile,2021-06,22.83,96.88,70.26,0.037,15249,801,27,29,16,211620.2
South Buganda|Masaka City,Masaka City,South Buganda,2021-06,21.1,30.3,72.2,0.159,1779,696,26,2,3,228374.3
South Buganda|Masaka District,Masaka District,South Buganda,2021-06,22.38,36.37,70.48,1.847,1009,134,7,,0,122464.5
Bunyoro|Masindi District,Masindi District,Bunyoro,2021-06,23.16,74.58,68.74,0.054,3625,532,26,29,13,348345.6
Busoga|Mayuge District,Mayuge District,Busoga,2021-06,22.91,58.61,71.96,2.23,16285,582,101,14,43,580110.7
Bugisu|Mbale City,Mbale City,Bugisu,2021-06,19.89,123.1,78.53,0.075,6369,724,89,36,2,328300.5
Bugisu|Mbale District,Mbale District,Bugisu,2021-06,19.26,124.59,80.11,0.051,8828,972,19,6,3,274148.9
Ankole|Mbarara City,Mbarara City,Ankole,2021-06,21.14,12.53,58.06,0.128,617,863,112,53,0,225183.1
Ankole|Mbarara District,Mbarara District,Ankole,2021-06,21.05,14.88,59.21,0.057,754,478,18,14,0,172327.9
Ankole|Mitooma District,Mitooma District,Ankole,2021-06,20.66,17.91,60.82,0.052,1857,392,0,6,0,195364.8
North Buganda|Mityana District,Mityana District,North Buganda,2021-06,20.71,40.44,77.06,0.213,9233,553,85,46,9,367194
Karamoja|Moroto District,Moroto District,Karamoja,2021-06,23.27,39.04,48.18,0.036,4504,427,45,13,432,120868.9
West Nile|Moyo District,Moyo District,West Nile,2021-06,24.46,110.04,70.93,0.141,9520,715,29,15,29,111494.5
South Buganda|Mpigi District,Mpigi District,South Buganda,2021-06,21.59,55.36,73.48,0.74,2449,1042,91,13,0,292099.7
North Buganda|Mubende District,Mubende District,North Buganda,2021-06,21.16,30.22,67.51,0.06,7152,474,91,18,0,581307.4
North Buganda|Mukono District,Mukono District,North Buganda,2021-06,22.43,47.85,73.32,1.807,12590,2834,154,8,8,718132.5
Karamoja|Nabilatuk District,Nabilatuk District,Karamoja,2021-06,23.36,52.45,57.59,0.044,6546,256,27,2,713,93543.7
Karamoja|Nakapiripirit District,Nakapiripirit District,Karamoja,2021-06,22.61,76.18,56.13,0.046,6387,478,45,4,502,117777.3
North Buganda|Nakaseke District,Nakaseke District,North Buganda,2021-06,22.01,43.24,72.56,0.051,5348,725,105,14,1,240740.4
North Buganda|Nakasongola District,Nakasongola District,North Buganda,2021-06,22.86,50.68,71.64,0.274,5486,1039,52,30,0,220695.4
Busoga|Namayingo District,Namayingo District,Busoga,2021-06,23.27,56.04,69.02,2.909,15837,305,113,2,15,239942.6
Bugisu|Namisindwa District,Namisindwa District,Bugisu,2021-06,16.53,121.31,77.82,0.054,4678,268,33,18,0,236352.5
Busoga|Namutumba District,Namutumba District,Busoga,2021-06,21.75,93.57,79.71,0.042,9844,1218,36,7,2,315535.5
Karamoja|Napak District,Napak District,Karamoja,2021-06,23.37,46.08,57.77,0.044,8524,594,107,30,674,160560.1
West Nile|Nebbi District,Nebbi District,West Nile,2021-06,24.17,76.04,64.15,0.037,12089,1154,173,103,25,289606.6
Teso|Ngora District,Ngora District,Teso,2021-06,22.99,98.02,73.39,0.321,9599,679,62,24,0,169535.5
Tooro|Ntoroko District,Ntoroko District,Tooro,2021-06,24.99,49.37,65.16,0.461,446,196,8,,2,77487.7
Ankole|Ntungamo District,Ntungamo District,Ankole,2021-06,20.9,7.71,55.78,0.05,3322,1495,55,26,7,548995.9
Acholi|Nwoya District,Nwoya District,Acholi,2021-06,23.58,112.67,71.26,0.092,5653,601,13,13,8,259090.2
West Nile|Obongi District,Obongi District,West Nile,2021-06,25.13,123.44,70.84,0.261,9461,418,13,9,93,50162.6
Acholi|Omoro District,Omoro District,Acholi,2021-06,22.88,135.08,72.34,0.059,9382,439,23,13,27,202445.4
Lango|Otuke District,Otuke District,Lango,2021-06,23.23,76.81,65.71,0.049,7408,274,30,8,9,138620.2
Lango|Oyam District,Oyam District,Lango,2021-06,22.8,105.59,72.4,0.057,13187,912,29,106,142,465026
Acholi|Pader District,Pader District,Acholi,2021-06,23.37,94.66,69.96,0.058,17260,798,52,14,20,199952.2
West Nile|Pakwach District,Pakwach District,West Nile,2021-06,25.24,73.27,66.73,0.267,8833,403,67,12,10,203542.3
Bukedi|Pallisa District,Pallisa District,Bukedi,2021-06,22.45,105.06,76.97,0.345,8236,331,21,17,9,367393.4
South Buganda|Rakai District,Rakai District,South Buganda,2021-06,20.71,11.72,68.86,0.148,8996,1920,42,5,34,323912.6
Kigezi|Rubanda District,Rubanda District,Kigezi,2021-06,17.49,14.36,65.1,0.129,172,1351,25,13,6,209725.4
Ankole|Rubirizi District,Rubirizi District,Ankole,2021-06,23.45,27.15,61.77,0.85,2441,239,5,6,1,146199.5
Kigezi|Rukiga District,Rukiga District,Kigezi,2021-06,19.84,8.5,58.25,0.045,358,359,12,2,0,105710.4
Kigezi|Rukungiri District,Rukungiri District,Kigezi,2021-06,21.52,21.61,64.68,0.236,3769,1294,70,32,3,335780.1
Ankole|Rwampara District,Rwampara District,Ankole,2021-06,20.62,22.05,59.02,0.052,530,518,1,8,0,146997.3
South Buganda|Sembabule District,Sembabule District,South Buganda,2021-06,21.4,21.21,64.75,0.046,4247,394,63,11,5,303069.7
Teso|Serere District,Serere District,Teso,2021-06,23.14,88.17,73.28,0.885,8730,360,9,31,0,372280.1
Ankole|Sheema District,Sheema District,Ankole,2021-06,20.4,13.07,62.22,0.06,139,471,8,38,1,221991.8
Bugisu|Sironko District,Sironko District,Bugisu,2021-06,17.58,136.91,75.78,0.056,6080,669,24,20,1,278935.8
Teso|Soroti City,Soroti City,Teso,2021-06,22.64,82.03,73.34,0.117,7126,269,69,45,0,71903
Teso|Soroti District,Soroti District,Teso,2021-06,22.74,72.93,72.77,0.159,11679,268,3,93,1,302969.9
West Nile|Terego District,Terego District,West Nile,2021-06,24.72,103.32,66.37,0.048,17934,1268,40,19,91,238646.2
Bukedi|Tororo District,Tororo District,Bukedi,2021-06,20.64,109.27,78.02,0.043,14371,2418,94,33,12,609929
South Buganda|Wakiso District,Wakiso District,South Buganda,2021-06,21.63,50.65,76.08,1.143,20110,3055,431,57,16,3097214.5
West Nile|Yumbe District,Yumbe District,West Nile,2021-06,24.27,125.29,69.87,0.051,44427,1355,196,41,115,697389.3
West Nile|Zombo District,Zombo District,West Nile,2021-06,21.41,94.51,69.27,0.05,13373,1470,51,44,3,289905.7
Karamoja|Abim District,Abim District,Karamoja,2021-07,21.25,119.41,74.57,0.051,8290,199,46,7,229,162454.9
West Nile|Adjumani District,Adjumani District,West Nile,2021-07,23.58,115.51,75.66,0.093,31060,2581,107,20,218,236751.4
Acholi|Agago District,Agago District,Acholi,2021-07,21.48,133.43,76.41,0.052,23583,214,34,1,21,254303.3
Lango|Alebtong District,Alebtong District,Lango,2021-07,22.14,121.58,72.29,0.042,13488,231,15,42,11,272054.6
Lango|Amolatar District,Amolatar District,Lango,2021-07,22.86,49.16,72.52,1.562,4999,550,3,10,2,173524.6
Karamoja|Amudat District,Amudat District,Karamoja,2021-07,20.49,94.49,75.75,0.033,3121,420,12,6,345,140016.4
Teso|Amuria District,Amuria District,Teso,2021-07,22,97,72.67,0.04,7952,161,18,32,15,232163.9
Acholi|Amuru District,Amuru District,Acholi,2021-07,23.03,105.9,75.41,0.058,8063,305,21,12,2,221393.4
Lango|Apac District,Apac District,Lango,2021-07,22.45,43.08,72.42,0.168,4293,428,32,37,3,233460.4
West Nile|Arua City,Arua City,West Nile,2021-07,21.86,103.24,75.86,0.054,6534,427,64,17,26,369986.3
West Nile|Arua District,Arua District,West Nile,2021-07,22.91,86.07,71.17,0.04,3420,120,2,12,33,159862
Bukedi|Budaka District,Budaka District,Bukedi,2021-07,21.17,80.09,72.22,0.036,3287,215,25,20,0,260685.8
Bugisu|Bududa District,Bududa District,Bugisu,2021-07,13.48,117.17,82.29,0.045,1457,673,89,9,5,282127
Busoga|Bugiri District,Bugiri District,Busoga,2021-07,21.18,46.17,77.42,0.101,4242,330,18,24,19,497337.4
Busoga|Bugweri District,Bugweri District,Busoga,2021-07,21.07,47.75,78.11,0.058,4285,90,24,9,0,195763.7
Ankole|Buhweju District,Buhweju District,Ankole,2021-07,20.03,14.53,58.81,0.061,170,309,8,17,1,147894.8
North Buganda|Buikwe District,Buikwe District,North Buganda,2021-07,21.26,48.35,76.4,0.572,8245,568,46,50,8,481580.6
Teso|Bukedea District,Bukedea District,Teso,2021-07,21.58,121.37,68.54,0.039,2847,203,5,12,0,269162.6
South Buganda|Bukomansimbi District,Bukomansimbi District,South Buganda,2021-07,21.47,28.57,62.03,0.038,1389,293,19,,1,156870.2
Bugisu|Bukwo District,Bukwo District,Bugisu,2021-07,16.75,159.13,79.17,0.045,1884,1243,22,1,0,124558.7
Bugisu|Bulambuli District,Bulambuli District,Bugisu,2021-07,18.62,143.47,71.14,0.045,1748,583,59,6,4,240939.9
Bunyoro|Buliisa District,Buliisa District,Bunyoro,2021-07,24.16,73.91,71.75,1.413,4960,172,13,7,12,155972.7
Tooro|Bundibugyo District,Bundibugyo District,Tooro,2021-07,19.59,54.45,78.01,0.079,10230,1209,111,41,116,270060.1
Tooro|Bunyangabu District,Bunyangabu District,Tooro,2021-07,19.17,39.77,69.54,0.049,1144,290,40,4,0,198954.9
Ankole|Bushenyi District,Bushenyi District,Ankole,2021-07,21.02,16.17,56.76,0.064,922,468,39,26,6,240840.2
Bukedi|Busia District,Busia District,Bukedi,2021-07,20.96,45.69,76.52,0.162,9707,271,52,51,17,393821
Bukedi|Butaleja District,Butaleja District,Bukedi,2021-07,21.12,66.59,74.19,0.04,5929,430,65,16,0,310050.5
South Buganda|Butambala District,Butambala District,South Buganda,2021-07,21.13,42.33,67.9,0.052,1414,241,31,6,1,108702.2
Bukedi|Butebo District,Butebo District,Bukedi,2021-07,21.62,80.42,72.06,0.034,3121,101,13,18,0,122464.5
North Buganda|Buvuma District,Buvuma District,North Buganda,2021-07,23.05,47.83,66.29,3.173,1900,225,7,4,1,136625.7
Busoga|Buyende District,Buyende District,Busoga,2021-07,22.67,54.42,73.25,0.984,4030,281,7,20,5,430919.4
Lango|Dokolo District,Dokolo District,Lango,2021-07,22.06,58.56,74.47,0.31,6165,438,41,12,2,220795.1
Tooro|Fort Portal City,Fort Portal City,Tooro,2021-07,18.67,43.98,76.5,0.126,703,349,57,75,2,117478.1
South Buganda|Gomba District,Gomba District,South Buganda,2021-07,21.41,41.87,62.84,0.063,1732,375,4,15,0,175618.9
Acholi|Gulu City,Gulu City,Acholi,2021-07,21.95,100.11,76.35,0.157,2905,726,86,49,74,213215.8
Acholi|Gulu District,Gulu District,Acholi,2021-07,22.45,104.09,76.12,0.053,8595,330,7,11,26,120370.2
Bunyoro|Hoima City,Hoima City,Bunyoro,2021-07,22.15,54.32,71.96,0.101,1222,264,24,17,0,126453.6
Bunyoro|Hoima District,Hoima District,Bunyoro,2021-07,23.56,54.17,70.29,1.433,1349,67,27,4,7,259688.5
Ankole|Ibanda District,Ibanda District,Ankole,2021-07,22.73,17.23,50.19,0.045,8610,347,64,21,0,281129.8
Busoga|Iganga District,Iganga District,Busoga,2021-07,21.22,48.98,77.42,0.078,11031,626,53,24,10,412868.9
Ankole|Isingiro District,Isingiro District,Ankole,2021-07,21.71,11.04,50.73,0.073,8436,2138,101,47,140,615015
Busoga|Jinja City,Jinja City,Busoga,2021-07,20.97,44.24,80.01,0.825,3367,369,57,57,2,273051.9
Busoga|Jinja District,Jinja District,Busoga,2021-07,20.93,44.57,79.38,0.125,6902,535,33,5,6,247821
Karamoja|Kaabong District,Kaabong District,Karamoja,2021-07,20.43,71.02,72.98,0.039,4320,581,21,20,987,128248.6
Kigezi|Kabale District,Kabale District,Kigezi,2021-07,18.99,14.36,52.04,0.16,215,671,38,17,2,250912.6
Tooro|Kabarole District,Kabarole District,Tooro,2021-07,20.95,44,69.46,0.057,2476,582,60,12,0,226080.6
Teso|Kaberamaido District,Kaberamaido District,Teso,2021-07,22.6,60.44,72.35,0.831,4908,113,16,38,0,137523.2
Bunyoro|Kagadi District,Kagadi District,Bunyoro,2021-07,22.66,54.62,68.19,0.336,5234,181,42,54,6,443684.4
Bunyoro|Kakumiro District,Kakumiro District,Bunyoro,2021-07,22.44,57.28,59.32,0.049,3673,304,29,8,10,511797.8
Teso|Kalaki District,Kalaki District,Teso,2021-07,22.39,69.28,72.56,0.399,4554,94,23,29,0,143806
South Buganda|Kalangala District,Kalangala District,South Buganda,2021-07,23.04,60.35,64.9,3.07,1305,65,38,8,0,69310.1
Busoga|Kaliro District,Kaliro District,Busoga,2021-07,21.95,53.81,74.75,0.352,4789,341,72,10,0,297385.2
South Buganda|Kalungu District,Kalungu District,South Buganda,2021-07,21.44,37.13,66.07,0.212,1306,274,36,21,0,185791
Kampala|Kampala District,Kampala District,Kampala,2021-07,20.8,39.09,75.4,2.368,8874,2642,674,426,46,1705228.1
Busoga|Kamuli District,Kamuli District,Busoga,2021-07,21.43,50.76,78.09,0.1,19067,1447,203,86,22,569639.3
Tooro|Kamwenge District,Kamwenge District,Tooro,2021-07,22.48,28.12,53.7,0.048,8826,1738,30,24,102,346450.8
Kigezi|Kanungu District,Kanungu District,Kigezi,2021-07,20.75,30.88,67.2,0.19,3938,581,31,24,12,226080.6
Bugisu|Kapchorwa District,Kapchorwa District,Bugisu,2021-07,17.43,151.79,74.72,0.049,469,330,8,5,0,126852.5
Teso|Kapelebyong District,Kapelebyong District,Teso,2021-07,22.08,115.18,72.08,0.042,3626,111,1,15,0,106308.7
Karamoja|Karenga District,Karenga District,Karamoja,2021-07,20.14,89.37,76.78,0.041,3113,501,7,2,374,69709
Tooro|Kasese District,Kasese District,Tooro,2021-07,21.05,30.32,58.97,0.429,17000,2908,185,104,45,808185.8
North Buganda|Kassanda District,Kassanda District,North Buganda,2021-07,21.19,48.44,65.5,0.136,4139,86,21,22,6,319026
Teso|Katakwi District,Katakwi District,Teso,2021-07,22.07,98.76,73.69,0.198,13440,178,13,23,0,198954.9
North Buganda|Kayunga District,Kayunga District,North Buganda,2021-07,21.61,43.69,76.35,0.334,4983,752,5,27,0,413168
Ankole|Kazo District,Kazo District,Ankole,2021-07,23.18,18.67,48.15,0.035,2976,155,44,1,0,224385.2
Bunyoro|Kibaale District,Kibaale District,Bunyoro,2021-07,22.36,53.92,56.72,0.059,1175,81,11,6,8,209326.5
North Buganda|Kiboga District,Kiboga District,North Buganda,2021-07,22.12,61.59,64.29,0.047,3230,505,55,2,29,174721.3
Bukedi|Kibuku District,Kibuku District,Bukedi,2021-07,21.57,68.01,75.05,0.065,6089,246,61,1,0,258890.7
Bunyoro|Kikuube District,Kikuube District,Bunyoro,2021-07,23.2,45.49,70.7,1.093,8776,602,46,17,201,375571
Ankole|Kiruhura District,Kiruhura District,Ankole,2021-07,22.16,20.52,51.43,0.076,2046,331,41,2,0,191674.9
Bunyoro|Kiryandongo District,Kiryandongo District,Bunyoro,2021-07,22.56,64.39,71.44,0.063,5471,977,55,39,101,321419.4
Kigezi|Kisoro District,Kisoro District,Kigezi,2021-07,17.33,29.83,62.81,0.15,199,425,81,43,25,320222.7
Tooro|Kitagwenda District,Kitagwenda District,Tooro,2021-07,23.04,25.29,51.28,0.321,2172,127,7,,2,184095.6
Acholi|Kitgum District,Kitgum District,Acholi,2021-07,21.25,121.05,76.41,0.051,15772,667,108,15,199,226080.6
West Nile|Koboko District,Koboko District,West Nile,2021-07,22,123.3,79.42,0.045,13824,376,72,41,127,266968.6
Lango|Kole District,Kole District,Lango,2021-07,22.03,82.43,74.09,0.04,9236,895,15,35,12,291700.8
Karamoja|Kotido District,Kotido District,Karamoja,2021-07,20.83,88.52,73.97,0.039,7175,682,16,14,1479,210323.8
Teso|Kumi District,Kumi District,Teso,2021-07,22.57,110.99,68.39,0.251,11107,202,14,19,15,292099.7
Lango|Kwania District,Kwania District,Lango,2021-07,22.35,52.64,74.56,0.499,4939,547,29,17,0,221991.8
Bugisu|Kween District,Kween District,Bugisu,2021-07,19.68,130.7,73.38,0.04,1628,599,7,2,0,111993.2
North Buganda|Kyankwanzi District,Kyankwanzi District,North Buganda,2021-07,22.99,59.73,59.17,0.046,2907,139,16,8,14,295291
Tooro|Kyegegwa District,Kyegegwa District,Tooro,2021-07,22.41,33.38,52.44,0.046,3584,719,40,11,107,474300.5
Tooro|Kyenjojo District,Kyenjojo District,Tooro,2021-07,21.6,47.82,64.22,0.053,4955,2021,80,45,22,543311.5
South Buganda|Kyotera District,Kyotera District,South Buganda,2021-07,22.16,25.58,63.95,0.982,5845,860,55,16,0,263777.3
Acholi|Lamwo District,Lamwo District,Acholi,2021-07,21.89,116.58,76.04,0.056,18341,1188,18,16,125,145002.7
Lango|Lira City,Lira City,Lango,2021-07,21.96,87.22,73.72,0.147,3734,276,109,33,23,249217.2
Lango|Lira District,Lira District,Lango,2021-07,22.12,102.54,73.7,0.04,5645,342,24,8,38,240441.3
Busoga|Luuka District,Luuka District,Busoga,2021-07,21.42,53.26,77.05,0.044,10930,354,17,6,0,271256.8
North Buganda|Luwero District,Luwero District,North Buganda,2021-07,20.77,44.35,77.65,0.07,11140,1027,111,214,4,533737.7
South Buganda|Lwengo District,Lwengo District,South Buganda,2021-07,21.45,19.64,59.25,0.048,2242,646,22,10,0,292099.7
South Buganda|Lyantonde District,Lyantonde District,South Buganda,2021-07,21.84,24.99,55.45,0.036,1018,162,6,8,0,113189.9
West Nile|Madi-Okollo District,Madi-Okollo District,West Nile,2021-07,24.61,83.8,67.48,0.099,10344,366,24,5,68,167840.2
Bugisu|Manafwa District,Manafwa District,Bugisu,2021-07,18.88,81.76,77.61,0.037,3450,161,79,6,1,178510.9
West Nile|Maracha District,Maracha District,West Nile,2021-07,21.76,133.87,77.52,0.031,13656,681,13,34,10,211620.2
South Buganda|Masaka City,Masaka City,South Buganda,2021-07,21.44,31.7,64.76,0.153,1452,412,50,47,3,228374.3
South Buganda|Masaka District,Masaka District,South Buganda,2021-07,22.29,39.69,66.17,1.847,822,119,8,2,5,122464.5
Bunyoro|Masindi District,Masindi District,Bunyoro,2021-07,22.94,63.15,68.13,0.05,2337,403,55,36,7,348345.6
Busoga|Mayuge District,Mayuge District,Busoga,2021-07,22.4,36.75,70.57,2.23,7803,688,72,21,24,580110.7
Bugisu|Mbale City,Mbale City,Bugisu,2021-07,20.17,111.28,74.69,0.063,4488,696,117,40,1,328300.5
Bugisu|Mbale District,Mbale District,Bugisu,2021-07,19.58,97.44,76.2,0.041,6018,629,23,14,0,274148.9
Ankole|Mbarara City,Mbarara City,Ankole,2021-07,21.79,19.63,48.86,0.119,475,654,63,67,0,225183.1
Ankole|Mbarara District,Mbarara District,Ankole,2021-07,21.83,18.73,49.59,0.048,554,281,13,1,2,172327.9
Ankole|Mitooma District,Mitooma District,Ankole,2021-07,21.28,24.71,53.35,0.042,1446,216,4,6,14,195364.8
North Buganda|Mityana District,Mityana District,North Buganda,2021-07,20.78,43.03,71.25,0.215,7308,686,42,32,34,367194
Karamoja|Moroto District,Moroto District,Karamoja,2021-07,20.61,66.64,72.12,0.032,6349,492,47,15,518,120868.9
West Nile|Moyo District,Moyo District,West Nile,2021-07,23.41,127.9,75.65,0.134,9453,757,12,16,70,111494.5
South Buganda|Mpigi District,Mpigi District,South Buganda,2021-07,21.58,45.87,68.55,0.742,1677,598,70,31,0,292099.7
North Buganda|Mubende District,Mubende District,North Buganda,2021-07,21.61,38.51,59.66,0.051,4910,113,129,22,1,581307.4
North Buganda|Mukono District,Mukono District,North Buganda,2021-07,22.05,52.89,71.13,1.808,7968,1022,44,23,0,718132.5
Karamoja|Nabilatuk District,Nabilatuk District,Karamoja,2021-07,21.41,99.73,73.04,0.038,4122,236,127,1,961,93543.7
Karamoja|Nakapiripirit District,Nakapiripirit District,Karamoja,2021-07,20.63,106.72,71.55,0.04,5817,351,22,3,366,117777.3
North Buganda|Nakaseke District,Nakaseke District,North Buganda,2021-07,21.92,58.24,68.85,0.049,4350,232,74,16,0,240740.4
North Buganda|Nakasongola District,Nakasongola District,North Buganda,2021-07,22.43,46.6,70.48,0.272,5482,584,14,2,3,220695.4
Busoga|Namayingo District,Namayingo District,Busoga,2021-07,22.81,32.62,67.87,2.909,10259,213,64,18,17,239942.6
Bugisu|Namisindwa District,Namisindwa District,Bugisu,2021-07,16.13,90.17,81.43,0.044,3572,372,84,3,0,236352.5
Busoga|Namutumba District,Namutumba District,Busoga,2021-07,21.45,53.57,76.78,0.04,6023,1104,39,3,3,315535.5
Karamoja|Napak District,Napak District,Karamoja,2021-07,21.36,97.38,73.81,0.04,10612,553,60,55,469,160560.1
West Nile|Nebbi District,Nebbi District,West Nile,2021-07,23.95,75.5,64.82,0.035,11712,711,97,97,14,289606.6
Teso|Ngora District,Ngora District,Teso,2021-07,22.39,92.47,73.37,0.316,7476,121,26,22,1,169535.5
Tooro|Ntoroko District,Ntoroko District,Tooro,2021-07,24.41,47.35,67.56,0.454,322,52,5,,0,77487.7
Ankole|Ntungamo District,Ntungamo District,Ankole,2021-07,21.68,22.2,46.24,0.041,2384,937,75,24,0,548995.9
Acholi|Nwoya District,Nwoya District,Acholi,2021-07,23.1,87.6,72.78,0.09,6423,386,8,17,0,259090.2
West Nile|Obongi District,Obongi District,West Nile,2021-07,24.19,121.22,75.06,0.253,10046,851,10,11,77,50162.6
Acholi|Omoro District,Omoro District,Acholi,2021-07,22.03,108.07,75.4,0.055,9397,354,21,13,19,202445.4
Lango|Otuke District,Otuke District,Lango,2021-07,22.04,136.48,72.3,0.044,8956,295,16,9,16,138620.2
Lango|Oyam District,Oyam District,Lango,2021-07,22.05,87.76,74.2,0.052,13251,780,118,112,138,465026
Acholi|Pader District,Pader District,Acholi,2021-07,22.15,126.06,75.96,0.054,20880,580,33,14,24,199952.2
West Nile|Pakwach District,Pakwach District,West Nile,2021-07,24.95,68.26,68.16,0.266,9282,318,47,13,2,203542.3
Bukedi|Pallisa District,Pallisa District,Bukedi,2021-07,22.07,68.99,74.88,0.341,5878,416,21,17,0,367393.4
South Buganda|Rakai District,Rakai District,South Buganda,2021-07,21.18,14.15,59.82,0.139,8973,1520,25,14,18,323912.6
Kigezi|Rubanda District,Rubanda District,Kigezi,2021-07,17.79,18.18,59.93,0.121,109,596,11,6,5,209725.4
Ankole|Rubirizi District,Rubirizi District,Ankole,2021-07,23.67,31.96,56.31,0.841,1658,107,7,5,0,146199.5
Kigezi|Rukiga District,Rukiga District,Kigezi,2021-07,20.57,14.47,49.26,0.036,228,326,11,3,0,105710.4
Kigezi|Rukungiri District,Rukungiri District,Kigezi,2021-07,21.8,28.15,59.82,0.228,2920,959,52,29,4,335780.1
Ankole|Rwampara District,Rwampara District,Ankole,2021-07,21.25,43.78,50.01,0.044,288,293,5,7,0,146997.3
South Buganda|Sembabule District,Sembabule District,South Buganda,2021-07,22.12,25.8,55.6,0.04,3836,295,45,,4,303069.7
Teso|Serere District,Serere District,Teso,2021-07,22.76,68.3,70.55,0.883,5936,139,16,23,0,372280.1
Ankole|Sheema District,Sheema District,Ankole,2021-07,21.05,17.01,53.43,0.051,82,282,5,25,5,221991.8
Bugisu|Sironko District,Sironko District,Bugisu,2021-07,17.28,138.1,78.23,0.047,4313,613,19,13,0,278935.8
Teso|Soroti City,Soroti City,Teso,2021-07,22.11,76.95,73.13,0.113,5544,172,49,22,1,71903
Teso|Soroti District,Soroti District,Teso,2021-07,22.15,80.61,72.94,0.155,8421,63,5,12,0,302969.9
West Nile|Terego District,Terego District,West Nile,2021-07,23.84,110.62,71.65,0.043,19148,1287,45,30,102,238646.2
Bukedi|Tororo District,Tororo District,Bukedi,2021-07,20.73,60.01,74.1,0.039,11318,1354,53,72,8,609929
South Buganda|Wakiso District,Wakiso District,South Buganda,2021-07,21.39,52.39,72.57,1.145,12789,1324,325,57,18,3097214.5
West Nile|Yumbe District,Yumbe District,West Nile,2021-07,23.26,119.18,75.71,0.047,41752,1607,216,36,209,697389.3
West Nile|Zombo District,Zombo District,West Nile,2021-07,20.69,92.85,74.79,0.041,9322,3315,23,65,13,289905.7
Karamoja|Abim District,Abim District,Karamoja,2021-08,22.51,106.49,66.35,0.052,6967,171,19,15,215,162454.9
West Nile|Adjumani District,Adjumani District,West Nile,2021-08,24.3,135.58,74.09,0.098,35935,1674,98,42,183,236751.4
Acholi|Agago District,Agago District,Acholi,2021-08,22.52,136.2,70.66,0.057,16681,366,17,4,33,254303.3
Lango|Alebtong District,Alebtong District,Lango,2021-08,22.85,146.48,69.61,0.046,10942,236,10,44,17,272054.6
Lango|Amolatar District,Amolatar District,Lango,2021-08,23.37,104.96,73.55,1.561,3773,455,5,6,11,173524.6
Karamoja|Amudat District,Amudat District,Karamoja,2021-08,21.65,92.38,65.94,0.039,1092,438,28,5,552,140016.4
Teso|Amuria District,Amuria District,Teso,2021-08,22.74,130.18,69.12,0.042,7101,125,14,34,7,232163.9
Acholi|Amuru District,Amuru District,Acholi,2021-08,23.69,154.44,74.12,0.061,10689,393,12,16,0,221393.4
Lango|Apac District,Apac District,Lango,2021-08,22.94,109.73,73.56,0.168,4636,618,14,31,0,233460.4
West Nile|Arua City,Arua City,West Nile,2021-08,22.32,149.52,74.32,0.064,6234,338,54,37,53,369986.3
West Nile|Arua District,Arua District,West Nile,2021-08,23.26,142.74,70.37,0.048,2661,93,0,8,14,159862
Bukedi|Budaka District,Budaka District,Bukedi,2021-08,21.35,131.18,73.59,0.034,3240,333,24,16,0,260685.8
Bugisu|Bududa District,Bududa District,Bugisu,2021-08,13.54,167.08,80.9,0.052,1412,810,48,9,5,282127
Busoga|Bugiri District,Bugiri District,Busoga,2021-08,21.63,113.67,78.28,0.096,5127,453,17,44,13,497337.4
Busoga|Bugweri District,Bugweri District,Busoga,2021-08,21.61,106.87,78.67,0.052,3635,86,14,27,0,195763.7
Ankole|Buhweju District,Buhweju District,Ankole,2021-08,19.74,117.08,67.96,0.059,159,328,12,7,0,147894.8
North Buganda|Buikwe District,Buikwe District,North Buganda,2021-08,21.53,80.19,79.2,0.569,6668,508,68,53,15,481580.6
Teso|Bukedea District,Bukedea District,Teso,2021-08,21.5,146.32,71.46,0.042,2687,122,4,24,3,269162.6
South Buganda|Bukomansimbi District,Bukomansimbi District,South Buganda,2021-08,21.75,82.96,67.23,0.03,1212,180,10,,13,156870.2
Bugisu|Bukwo District,Bukwo District,Bugisu,2021-08,17.54,133.44,71.35,0.053,1594,1109,29,,0,124558.7
Bugisu|Bulambuli District,Bulambuli District,Bugisu,2021-08,18.57,162.74,71.82,0.047,1427,605,25,5,2,240939.9
Bunyoro|Buliisa District,Buliisa District,Bunyoro,2021-08,24.61,96.35,72.64,1.414,4904,147,16,12,5,155972.7
Tooro|Bundibugyo District,Bundibugyo District,Tooro,2021-08,19.69,131.78,77.97,0.083,7650,843,74,48,140,270060.1
Tooro|Bunyangabu District,Bunyangabu District,Tooro,2021-08,18.99,121.12,73.86,0.053,1109,224,51,8,0,198954.9
Ankole|Bushenyi District,Bushenyi District,Ankole,2021-08,20.74,107.11,65.11,0.063,1293,361,30,22,5,240840.2
Bukedi|Busia District,Busia District,Bukedi,2021-08,21.25,123.23,77.88,0.157,8977,225,37,46,26,393821
Bukedi|Butaleja District,Butaleja District,Bukedi,2021-08,21.43,126.19,74.95,0.037,6180,446,92,34,0,310050.5
South Buganda|Butambala District,Butambala District,South Buganda,2021-08,21.39,119.15,72.25,0.045,1254,237,15,21,1,108702.2
Bukedi|Butebo District,Butebo District,Bukedi,2021-08,21.82,143.13,73.59,0.033,2679,61,9,17,0,122464.5
North Buganda|Buvuma District,Buvuma District,North Buganda,2021-08,23.22,57.16,69.75,3.172,1013,153,9,2,2,136625.7
Busoga|Buyende District,Buyende District,Busoga,2021-08,23.21,108.65,74.02,0.982,3228,237,8,42,0,430919.4
Lango|Dokolo District,Dokolo District,Lango,2021-08,22.61,141.33,74.18,0.311,6379,376,30,12,4,220795.1
Tooro|Fort Portal City,Fort Portal City,Tooro,2021-08,18.67,105.62,79.02,0.13,588,369,42,16,4,117478.1
South Buganda|Gomba District,Gomba District,South Buganda,2021-08,21.72,125.82,67.88,0.059,1135,142,7,6,0,175618.9
Acholi|Gulu City,Gulu City,Acholi,2021-08,22.63,162.02,75.04,0.163,3958,775,54,71,71,213215.8
Acholi|Gulu District,Gulu District,Acholi,2021-08,23.24,156.56,73.47,0.059,7214,294,16,12,29,120370.2
Bunyoro|Hoima City,Hoima City,Bunyoro,2021-08,22.4,133.91,75.15,0.103,1076,195,6,57,2,126453.6
Bunyoro|Hoima District,Hoima District,Bunyoro,2021-08,23.83,97.91,72.62,1.433,1595,90,25,3,11,259688.5
Ankole|Ibanda District,Ibanda District,Ankole,2021-08,21.93,112.48,61.95,0.045,6679,190,34,23,1,281129.8
Busoga|Iganga District,Iganga District,Busoga,2021-08,21.8,113.25,77.53,0.073,10055,489,19,59,20,412868.9
Ankole|Isingiro District,Isingiro District,Ankole,2021-08,21.49,44.56,60.36,0.067,4884,1658,93,21,130,615015
Busoga|Jinja City,Jinja City,Busoga,2021-08,21.43,93.16,81.4,0.823,3024,287,36,51,2,273051.9
Busoga|Jinja District,Jinja District,Busoga,2021-08,21.47,112.92,80.38,0.121,6062,343,61,10,0,247821
Karamoja|Kaabong District,Kaabong District,Karamoja,2021-08,21.72,59.67,62.8,0.047,3996,646,21,25,808,128248.6
Kigezi|Kabale District,Kabale District,Kigezi,2021-08,18.74,49.86,61.73,0.158,198,415,63,5,4,250912.6
Tooro|Kabarole District,Kabarole District,Tooro,2021-08,20.79,107.64,73.26,0.06,2434,228,76,19,0,226080.6
Teso|Kaberamaido District,Kaberamaido District,Teso,2021-08,23.09,139.45,72.91,0.83,4493,121,3,23,0,137523.2
Bunyoro|Kagadi District,Kagadi District,Bunyoro,2021-08,22.62,118.57,71.63,0.338,3400,976,31,55,9,443684.4
Bunyoro|Kakumiro District,Kakumiro District,Bunyoro,2021-08,22.56,134.29,64.43,0.045,2415,209,15,14,14,511797.8
Teso|Kalaki District,Kalaki District,Teso,2021-08,22.92,149.16,72.13,0.401,3883,34,8,16,0,143806
South Buganda|Kalangala District,Kalangala District,South Buganda,2021-08,23.17,97.96,69.69,3.069,771,35,25,4,1,69310.1
Busoga|Kaliro District,Kaliro District,Busoga,2021-08,22.52,125.32,74.77,0.349,5148,392,46,13,3,297385.2
South Buganda|Kalungu District,Kalungu District,South Buganda,2021-08,21.78,79.49,70.15,0.204,1267,246,49,19,0,185791
Kampala|Kampala District,Kampala District,Kampala,2021-08,21.01,85.2,79.06,2.367,9345,2146,728,492,97,1705228.1
Busoga|Kamuli District,Kamuli District,Busoga,2021-08,21.98,115.69,79.06,0.097,13916,1261,214,51,23,569639.3
Tooro|Kamwenge District,Kamwenge District,Tooro,2021-08,21.76,115.87,64.33,0.049,7376,1119,18,27,91,346450.8
Kigezi|Kanungu District,Kanungu District,Kigezi,2021-08,20.74,75.93,70.7,0.189,3582,496,41,33,23,226080.6
Bugisu|Kapchorwa District,Kapchorwa District,Bugisu,2021-08,17.53,170.16,73.09,0.054,306,323,12,4,0,126852.5
Teso|Kapelebyong District,Kapelebyong District,Teso,2021-08,23,98.73,66.4,0.041,4368,87,7,10,1,106308.7
Karamoja|Karenga District,Karenga District,Karamoja,2021-08,21.29,67.82,68.4,0.052,3247,297,13,1,533,69709
Tooro|Kasese District,Kasese District,Tooro,2021-08,20.97,93.44,64.67,0.432,14571,2303,192,100,138,808185.8
North Buganda|Kassanda District,Kassanda District,North Buganda,2021-08,21.71,123.4,68.93,0.133,3546,82,38,25,5,319026
Teso|Katakwi District,Katakwi District,Teso,2021-08,22.75,120.85,69.82,0.198,11322,183,5,40,0,198954.9
North Buganda|Kayunga District,Kayunga District,North Buganda,2021-08,22.15,112.06,77.88,0.332,4393,534,7,43,1,413168
Ankole|Kazo District,Kazo District,Ankole,2021-08,22.2,111.16,61.91,0.037,1988,267,37,,0,224385.2
Bunyoro|Kibaale District,Kibaale District,Bunyoro,2021-08,22.12,139.86,64.52,0.055,996,78,4,3,7,209326.5
North Buganda|Kiboga District,Kiboga District,North Buganda,2021-08,22.57,136.28,67.45,0.044,2519,348,36,16,21,174721.3
Bukedi|Kibuku District,Kibuku District,Bukedi,2021-08,21.96,136.05,75.61,0.062,7229,232,27,9,0,258890.7
Bunyoro|Kikuube District,Kikuube District,Bunyoro,2021-08,23.4,100.74,72.71,1.094,8640,495,44,4,132,375571
Ankole|Kiruhura District,Kiruhura District,Ankole,2021-08,21.85,86.54,61.36,0.074,1396,220,16,,0,191674.9
Bunyoro|Kiryandongo District,Kiryandongo District,Bunyoro,2021-08,23.07,117.97,72.58,0.062,4540,1282,27,32,92,321419.4
Kigezi|Kisoro District,Kisoro District,Kigezi,2021-08,17.13,73.29,70.62,0.149,199,382,111,12,24,320222.7
Tooro|Kitagwenda District,Kitagwenda District,Tooro,2021-08,22.48,110.73,60.17,0.32,1998,180,5,5,0,184095.6
Acholi|Kitgum District,Kitgum District,Acholi,2021-08,22.49,112.73,69.41,0.06,9825,392,89,61,69,226080.6
West Nile|Koboko District,Koboko District,West Nile,2021-08,22.58,172.85,77.65,0.057,8260,340,34,38,94,266968.6
Lango|Kole District,Kole District,Lango,2021-08,22.61,134.74,73.42,0.045,4942,412,3,34,10,291700.8
Karamoja|Kotido District,Kotido District,Karamoja,2021-08,22.28,78.92,63.48,0.047,5599,499,218,18,681,210323.8
Teso|Kumi District,Kumi District,Teso,2021-08,22.75,136.53,69.9,0.252,8101,160,19,36,118,292099.7
Lango|Kwania District,Kwania District,Lango,2021-08,22.87,126.87,74.85,0.498,4056,657,16,15,0,221991.8
Bugisu|Kween District,Kween District,Bugisu,2021-08,20.03,122.57,69.28,0.043,861,301,3,4,0,111993.2
North Buganda|Kyankwanzi District,Kyankwanzi District,North Buganda,2021-08,23.08,150.37,64.79,0.043,1448,191,11,10,16,295291
Tooro|Kyegegwa District,Kyegegwa District,Tooro,2021-08,21.64,136.64,65.1,0.044,3364,643,47,26,309,474300.5
Tooro|Kyenjojo District,Kyenjojo District,Tooro,2021-08,21.19,133.75,71.3,0.053,4536,1532,44,77,32,543311.5
South Buganda|Kyotera District,Kyotera District,South Buganda,2021-08,22.41,70.43,69.32,0.974,4222,601,35,5,3,263777.3
Acholi|Lamwo District,Lamwo District,Acholi,2021-08,22.79,125.08,72.67,0.063,17729,1155,37,16,112,145002.7
Lango|Lira City,Lira City,Lango,2021-08,22.53,139.15,72.82,0.15,3307,397,129,61,11,249217.2
Lango|Lira District,Lira District,Lango,2021-08,22.76,134.66,72.18,0.043,4696,243,25,17,34,240441.3
Busoga|Luuka District,Luuka District,Busoga,2021-08,22.01,115.11,77.32,0.041,8556,320,19,18,0,271256.8
North Buganda|Luwero District,Luwero District,North Buganda,2021-08,21.34,103.3,79.35,0.063,9334,949,48,46,17,533737.7
South Buganda|Lwengo District,Lwengo District,South Buganda,2021-08,21.61,62.3,65.97,0.04,1829,319,82,8,0,292099.7
South Buganda|Lyantonde District,Lyantonde District,South Buganda,2021-08,21.76,98.37,63.99,0.033,691,169,25,2,0,113189.9
West Nile|Madi-Okollo District,Madi-Okollo District,West Nile,2021-08,24.92,133.88,67.83,0.103,13487,387,26,14,29,167840.2
Bugisu|Manafwa District,Manafwa District,Bugisu,2021-08,18.83,159.86,79.45,0.043,3148,308,38,14,0,178510.9
West Nile|Maracha District,Maracha District,West Nile,2021-08,22.3,158.34,75.85,0.042,10131,677,22,49,14,211620.2
South Buganda|Masaka City,Masaka City,South Buganda,2021-08,21.73,70.13,69.55,0.147,1178,294,46,18,2,228374.3
South Buganda|Masaka District,Masaka District,South Buganda,2021-08,22.56,74.87,70.49,1.843,672,111,12,1,0,122464.5
Bunyoro|Masindi District,Masindi District,Bunyoro,2021-08,23.26,123.34,71.03,0.048,2085,407,16,19,10,348345.6
Busoga|Mayuge District,Mayuge District,Busoga,2021-08,22.66,51.86,72.94,2.228,6418,184,12,28,29,580110.7
Bugisu|Mbale City,Mbale City,Bugisu,2021-08,19.98,163.96,77.19,0.07,5332,677,69,51,0,328300.5
Bugisu|Mbale District,Mbale District,Bugisu,2021-08,19.45,157.84,78.25,0.046,5069,969,22,6,0,274148.9
Ankole|Mbarara City,Mbarara City,Ankole,2021-08,21.47,61.91,58.29,0.116,462,455,102,49,0,225183.1
Ankole|Mbarara District,Mbarara District,Ankole,2021-08,21.34,81.71,59.91,0.046,425,230,15,2,3,172327.9
Ankole|Mitooma District,Mitooma District,Ankole,2021-08,21.1,88.86,60.31,0.041,1292,165,7,4,0,195364.8
North Buganda|Mityana District,Mityana District,North Buganda,2021-08,21.27,123.84,74.77,0.211,5229,608,26,26,23,367194
Karamoja|Moroto District,Moroto District,Karamoja,2021-08,22.25,54.68,58.55,0.037,5138,638,20,10,304,120868.9
West Nile|Moyo District,Moyo District,West Nile,2021-08,24.05,140.1,74.51,0.144,12482,999,15,2,34,111494.5
South Buganda|Mpigi District,Mpigi District,South Buganda,2021-08,21.76,108.92,73.2,0.737,1330,532,60,25,0,292099.7
North Buganda|Mubende District,Mubende District,North Buganda,2021-08,21.65,135.19,67.16,0.047,3161,192,96,47,6,581307.4
North Buganda|Mukono District,Mukono District,North Buganda,2021-08,22.3,86.72,74.52,1.806,5757,913,42,64,5,718132.5
Karamoja|Nabilatuk District,Nabilatuk District,Karamoja,2021-08,22.36,97.04,65.7,0.038,4714,270,8,2,621,93543.7
Karamoja|Nakapiripirit District,Nakapiripirit District,Karamoja,2021-08,21.35,110.47,66.19,0.043,5169,343,78,3,866,117777.3
North Buganda|Nakaseke District,Nakaseke District,North Buganda,2021-08,22.31,129.84,71.97,0.045,3265,240,66,58,3,240740.4
North Buganda|Nakasongola District,Nakasongola District,North Buganda,2021-08,22.86,114.85,73.09,0.268,4753,497,13,4,0,220695.4
Busoga|Namayingo District,Namayingo District,Busoga,2021-08,23.04,37.98,70.41,2.908,7369,228,30,17,13,239942.6
Bugisu|Namisindwa District,Namisindwa District,Bugisu,2021-08,16.28,169.25,81,0.05,1523,349,12,6,0,236352.5
Busoga|Namutumba District,Namutumba District,Busoga,2021-08,21.98,126.18,77,0.036,5728,791,22,8,4,315535.5
Karamoja|Napak District,Napak District,Karamoja,2021-08,22.68,80.14,63.99,0.041,8091,454,49,18,565,160560.1
West Nile|Nebbi District,Nebbi District,West Nile,2021-08,24.12,116.48,66.07,0.036,10500,577,123,81,58,289606.6
Teso|Ngora District,Ngora District,Teso,2021-08,22.76,133.12,73.5,0.316,6036,337,20,17,3,169535.5
Tooro|Ntoroko District,Ntoroko District,Tooro,2021-08,24.59,86.73,67.4,0.455,531,42,4,,6,77487.7
Ankole|Ntungamo District,Ntungamo District,Ankole,2021-08,21.31,60.64,55.86,0.039,1599,669,50,18,5,548995.9
Acholi|Nwoya District,Nwoya District,Acholi,2021-08,23.68,145.5,72.81,0.091,6489,533,34,35,3,259090.2
West Nile|Obongi District,Obongi District,West Nile,2021-08,24.9,112.28,73.79,0.26,10065,752,2,18,99,50162.6
Acholi|Omoro District,Omoro District,Acholi,2021-08,22.72,148.85,73.97,0.06,9132,466,10,18,9,202445.4
Lango|Otuke District,Otuke District,Lango,2021-08,22.93,124.9,67.75,0.048,6134,179,7,3,23,138620.2
Lango|Oyam District,Oyam District,Lango,2021-08,22.65,138.31,73.77,0.055,11358,652,61,119,107,465026
Acholi|Pader District,Pader District,Acholi,2021-08,23,133.89,72.49,0.06,14162,753,36,16,27,199952.2
West Nile|Pakwach District,Pakwach District,West Nile,2021-08,25.36,104.76,68.71,0.267,8246,252,41,11,14,203542.3
Bukedi|Pallisa District,Pallisa District,Bukedi,2021-08,22.5,139.97,75.15,0.34,5731,453,42,22,0,367393.4
South Buganda|Rakai District,Rakai District,South Buganda,2021-08,21.38,48.72,67.16,0.131,5681,923,20,7,15,323912.6
Kigezi|Rubanda District,Rubanda District,Kigezi,2021-08,17.61,64.6,68.07,0.12,117,525,23,5,7,209725.4
Ankole|Rubirizi District,Rubirizi District,Ankole,2021-08,23.5,99.94,62.59,0.844,1216,58,6,2,0,146199.5
Kigezi|Rukiga District,Rukiga District,Kigezi,2021-08,20.15,51.95,58.89,0.033,242,298,10,5,1,105710.4
Kigezi|Rukungiri District,Rukungiri District,Kigezi,2021-08,21.68,77.44,65.08,0.227,2577,777,96,39,0,335780.1
Ankole|Rwampara District,Rwampara District,Ankole,2021-08,20.88,73.2,59.84,0.04,182,279,2,4,1,146997.3
South Buganda|Sembabule District,Sembabule District,South Buganda,2021-08,22.04,104.51,63.68,0.036,2599,206,40,4,0,303069.7
Teso|Serere District,Serere District,Teso,2021-08,23.23,118.32,71.15,0.883,5893,189,13,23,1,372280.1
Ankole|Sheema District,Sheema District,Ankole,2021-08,20.71,87.35,63.35,0.047,80,247,9,22,0,221991.8
Bugisu|Sironko District,Sironko District,Bugisu,2021-08,17.2,183.8,78.92,0.052,3315,586,57,2,1,278935.8
Teso|Soroti City,Soroti City,Teso,2021-08,22.7,117.98,71.56,0.115,6418,258,84,14,5,71903
Teso|Soroti District,Soroti District,Teso,2021-08,22.75,130.62,71.39,0.157,7784,115,2,34,0,302969.9
West Nile|Terego District,Terego District,West Nile,2021-08,24.33,128.57,70.81,0.05,16501,951,39,23,108,238646.2
Bukedi|Tororo District,Tororo District,Bukedi,2021-08,20.93,128.71,75.32,0.036,10138,1608,90,30,10,609929
South Buganda|Wakiso District,Wakiso District,South Buganda,2021-08,21.59,95.41,76.69,1.141,12251,1123,373,61,20,3097214.5
West Nile|Yumbe District,Yumbe District,West Nile,2021-08,23.88,143.12,74.48,0.056,37487,1414,88,58,131,697389.3
West Nile|Zombo District,Zombo District,West Nile,2021-08,20.92,152.7,74.29,0.046,6855,1073,56,53,7,289905.7
Karamoja|Abim District,Abim District,Karamoja,2021-09,22.2,140.9,73.52,0.051,8850,216,61,12,153,162454.9
West Nile|Adjumani District,Adjumani District,West Nile,2021-09,23.8,139.27,79.61,0.099,30828,1987,75,66,231,236751.4
Acholi|Agago District,Agago District,Acholi,2021-09,22.29,150.69,77.12,0.057,10120,238,15,5,46,254303.3
Lango|Alebtong District,Alebtong District,Lango,2021-09,22.27,153.33,78.78,0.049,8613,243,9,37,9,272054.6
Lango|Amolatar District,Amolatar District,Lango,2021-09,23.14,143.12,77.55,1.565,3831,398,7,9,2,173524.6
Karamoja|Amudat District,Amudat District,Karamoja,2021-09,21.41,115.07,71.31,0.04,2106,434,12,5,471,140016.4
Teso|Amuria District,Amuria District,Teso,2021-09,22.18,160.9,78.78,0.046,7342,149,5,29,5,232163.9
Acholi|Amuru District,Amuru District,Acholi,2021-09,23.21,139.81,79.88,0.063,8378,334,18,18,50,221393.4
Lango|Apac District,Apac District,Lango,2021-09,22.57,150.2,79.34,0.175,3626,587,15,46,20,233460.4
West Nile|Arua City,Arua City,West Nile,2021-09,22.13,156.73,77.58,0.063,5224,282,39,9,30,369986.3
West Nile|Arua District,Arua District,West Nile,2021-09,23.11,156.61,73.83,0.047,1675,54,1,26,14,159862
Bukedi|Budaka District,Budaka District,Bukedi,2021-09,21.32,177.36,77.46,0.039,8929,283,38,38,0,260685.8
Bugisu|Bududa District,Bududa District,Bugisu,2021-09,13.69,187.46,83.89,0.048,1702,813,61,5,1,282127
Busoga|Bugiri District,Bugiri District,Busoga,2021-09,21.61,178.5,82.1,0.098,10796,466,12,31,0,497337.4
Busoga|Bugweri District,Bugweri District,Busoga,2021-09,21.59,166.76,82.78,0.052,7082,80,15,9,0,195763.7
Ankole|Buhweju District,Buhweju District,Ankole,2021-09,19.28,116.09,78.08,0.058,203,319,2,9,10,147894.8
North Buganda|Buikwe District,Buikwe District,North Buganda,2021-09,21.45,106.8,83.57,0.564,6377,471,80,47,5,481580.6
Teso|Bukedea District,Bukedea District,Teso,2021-09,21.35,163.16,76.48,0.045,3032,169,6,28,2,269162.6
South Buganda|Bukomansimbi District,Bukomansimbi District,South Buganda,2021-09,21.18,86.2,77.74,0.03,1182,476,14,,5,156870.2
Bugisu|Bukwo District,Bukwo District,Bugisu,2021-09,17.42,163.68,75.62,0.053,1020,1186,15,6,0,124558.7
Bugisu|Bulambuli District,Bulambuli District,Bugisu,2021-09,18.52,168.45,76.6,0.048,1553,804,57,7,1,240939.9
Bunyoro|Buliisa District,Buliisa District,Bunyoro,2021-09,24.11,129.15,78.01,1.415,2634,126,23,15,9,155972.7
Tooro|Bundibugyo District,Bundibugyo District,Tooro,2021-09,19.31,135.42,83.65,0.078,5957,763,81,46,154,270060.1
Tooro|Bunyangabu District,Bunyangabu District,Tooro,2021-09,18.59,159.01,81.14,0.053,724,69,24,7,0,198954.9
Ankole|Bushenyi District,Bushenyi District,Ankole,2021-09,20.17,121.96,75.68,0.065,1725,350,49,20,5,240840.2
Bukedi|Busia District,Busia District,Bukedi,2021-09,21.2,191.43,80.73,0.161,14170,298,32,43,16,393821
Bukedi|Butaleja District,Butaleja District,Bukedi,2021-09,21.39,167.17,78.7,0.04,9290,556,99,27,0,310050.5
South Buganda|Butambala District,Butambala District,South Buganda,2021-09,21.07,78.6,79.87,0.042,1492,198,52,4,0,108702.2
Bukedi|Butebo District,Butebo District,Bukedi,2021-09,21.75,179.6,77.5,0.039,7156,517,35,29,0,122464.5
North Buganda|Buvuma District,Buvuma District,North Buganda,2021-09,23.12,92.77,73.87,3.172,1221,270,6,1,1,136625.7
Busoga|Buyende District,Buyende District,Busoga,2021-09,23.06,139.6,78.06,0.982,4459,267,7,21,10,430919.4
Lango|Dokolo District,Dokolo District,Lango,2021-09,22.29,180.65,79.86,0.317,4432,317,28,11,3,220795.1
Tooro|Fort Portal City,Fort Portal City,Tooro,2021-09,18.32,143.67,86.14,0.129,565,323,49,17,2,117478.1
South Buganda|Gomba District,Gomba District,South Buganda,2021-09,21.08,84.71,78.05,0.059,1276,101,5,3,2,175618.9
Acholi|Gulu City,Gulu City,Acholi,2021-09,22.3,148.85,80.19,0.166,3030,907,79,123,20,213215.8
Acholi|Gulu District,Gulu District,Acholi,2021-09,22.84,136.05,79.5,0.059,4959,650,11,3,26,120370.2
Bunyoro|Hoima City,Hoima City,Bunyoro,2021-09,21.78,128.13,82.63,0.109,1297,454,63,60,0,126453.6
Bunyoro|Hoima District,Hoima District,Bunyoro,2021-09,23.37,116.92,78.36,1.437,1512,77,32,12,13,259688.5
Ankole|Ibanda District,Ibanda District,Ankole,2021-09,21.1,102.29,73.59,0.051,5927,257,77,24,0,281129.8
Busoga|Iganga District,Iganga District,Busoga,2021-09,21.72,159.52,82.21,0.074,14046,540,49,54,16,412868.9
Ankole|Isingiro District,Isingiro District,Ankole,2021-09,20.73,77.53,73.93,0.071,3628,1448,95,32,73,615015
Busoga|Jinja City,Jinja City,Busoga,2021-09,21.35,130.79,85.36,0.823,3517,304,61,74,0,273051.9
Busoga|Jinja District,Jinja District,Busoga,2021-09,21.41,138.07,84.42,0.119,6373,415,101,2,8,247821
Karamoja|Kaabong District,Kaabong District,Karamoja,2021-09,21.95,119.04,65.21,0.041,4805,994,15,13,722,128248.6
Kigezi|Kabale District,Kabale District,Kigezi,2021-09,18.19,96.84,73.11,0.16,193,587,61,5,0,250912.6
Tooro|Kabarole District,Kabarole District,Tooro,2021-09,20.24,140.98,81.31,0.057,2333,208,62,9,3,226080.6
Teso|Kaberamaido District,Kaberamaido District,Teso,2021-09,22.83,175.81,77.69,0.834,3032,120,12,52,0,137523.2
Bunyoro|Kagadi District,Kagadi District,Bunyoro,2021-09,21.89,110.91,81.18,0.342,1893,841,34,21,13,443684.4
Bunyoro|Kakumiro District,Kakumiro District,Bunyoro,2021-09,21.43,105.38,77.78,0.05,2389,251,23,6,5,511797.8
Teso|Kalaki District,Kalaki District,Teso,2021-09,22.53,188.7,78.82,0.403,3260,148,13,24,0,143806
South Buganda|Kalangala District,Kalangala District,South Buganda,2021-09,22.98,98.02,75.13,3.069,688,49,73,3,0,69310.1
Busoga|Kaliro District,Kaliro District,Busoga,2021-09,22.4,163.71,79.84,0.351,6239,345,79,11,1,297385.2
South Buganda|Kalungu District,Kalungu District,South Buganda,2021-09,21.37,81.42,78.89,0.2,1299,189,25,30,0,185791
Kampala|Kampala District,Kampala District,Kampala,2021-09,20.84,98.7,85.36,2.367,10357,2363,790,435,70,1705228.1
Busoga|Kamuli District,Kamuli District,Busoga,2021-09,21.93,140.14,83.19,0.094,20504,1484,232,31,5,569639.3
Tooro|Kamwenge District,Kamwenge District,Tooro,2021-09,20.89,115.49,75.12,0.052,9692,877,19,35,87,346450.8
Kigezi|Kanungu District,Kanungu District,Kigezi,2021-09,20.42,145.16,78.66,0.191,4154,536,52,47,12,226080.6
Bugisu|Kapchorwa District,Kapchorwa District,Bugisu,2021-09,17.56,178.24,77.08,0.055,436,361,40,9,0,126852.5
Teso|Kapelebyong District,Kapelebyong District,Teso,2021-09,22.4,139.51,76.62,0.045,3798,114,4,7,0,106308.7
Karamoja|Karenga District,Karenga District,Karamoja,2021-09,21.34,155.83,72.81,0.047,3061,390,3,2,254,69709
Tooro|Kasese District,Kasese District,Tooro,2021-09,20.53,119.13,72.2,0.432,12146,1835,198,106,67,808185.8
North Buganda|Kassanda District,Kassanda District,North Buganda,2021-09,21.04,90.34,78.92,0.131,3564,75,23,15,3,319026
Teso|Katakwi District,Katakwi District,Teso,2021-09,22.47,149.49,76.71,0.199,10490,102,41,29,114,198954.9
North Buganda|Kayunga District,Kayunga District,North Buganda,2021-09,22,128.38,82.92,0.329,4832,505,14,35,2,413168
Ankole|Kazo District,Kazo District,Ankole,2021-09,21.28,91.37,73.97,0.042,1759,173,60,1,0,224385.2
Bunyoro|Kibaale District,Kibaale District,Bunyoro,2021-09,21.03,120.7,78.34,0.058,766,63,17,10,10,209326.5
North Buganda|Kiboga District,Kiboga District,North Buganda,2021-09,21.83,102.89,77.3,0.043,2135,404,66,4,20,174721.3
Bukedi|Kibuku District,Kibuku District,Bukedi,2021-09,21.96,180.86,79.19,0.068,11971,245,131,5,0,258890.7
Bunyoro|Kikuube District,Kikuube District,Bunyoro,2021-09,22.9,109.43,79.35,1.096,9784,597,74,36,270,375571
Ankole|Kiruhura District,Kiruhura District,Ankole,2021-09,21.06,87.62,73.93,0.083,1144,197,16,,0,191674.9
Bunyoro|Kiryandongo District,Kiryandongo District,Bunyoro,2021-09,22.53,149.85,80.15,0.066,4127,1188,22,17,58,321419.4
Kigezi|Kisoro District,Kisoro District,Kigezi,2021-09,16.81,137.8,79.72,0.15,281,387,67,23,31,320222.7
Tooro|Kitagwenda District,Kitagwenda District,Tooro,2021-09,21.89,113.45,69.12,0.322,2150,296,10,75,0,184095.6
Acholi|Kitgum District,Kitgum District,Acholi,2021-09,22.31,168.06,75.06,0.059,5665,472,37,26,48,226080.6
West Nile|Koboko District,Koboko District,West Nile,2021-09,22.33,162.35,80.89,0.055,6322,227,45,32,95,266968.6
Lango|Kole District,Kole District,Lango,2021-09,22.22,163.05,79.72,0.048,3761,470,3,25,4,291700.8
Karamoja|Kotido District,Kotido District,Karamoja,2021-09,22.12,126.49,68.85,0.043,6612,543,308,20,626,210323.8
Teso|Kumi District,Kumi District,Teso,2021-09,22.45,152.65,75.98,0.258,7418,170,19,24,24,292099.7
Lango|Kwania District,Kwania District,Lango,2021-09,22.54,165.06,80.01,0.504,2902,477,10,11,0,221991.8
Bugisu|Kween District,Kween District,Bugisu,2021-09,19.85,151.63,74.17,0.045,962,370,0,4,0,111993.2
North Buganda|Kyankwanzi District,Kyankwanzi District,North Buganda,2021-09,22.04,101.74,76.11,0.046,1130,135,2,8,22,295291
Tooro|Kyegegwa District,Kyegegwa District,Tooro,2021-09,20.78,118.45,76.76,0.051,3226,810,69,27,94,474300.5
Tooro|Kyenjojo District,Kyenjojo District,Tooro,2021-09,20.5,126.75,81.31,0.054,5617,1603,68,77,28,543311.5
South Buganda|Kyotera District,Kyotera District,South Buganda,2021-09,21.99,82.73,77.87,0.972,4147,589,51,18,0,263777.3
Acholi|Lamwo District,Lamwo District,Acholi,2021-09,22.43,142.92,78.96,0.063,15538,1117,5,16,91,145002.7
Lango|Lira City,Lira City,Lango,2021-09,22.13,158.87,79.3,0.156,3069,341,72,81,12,249217.2
Lango|Lira District,Lira District,Lango,2021-09,22.32,148.97,79.24,0.045,2390,154,8,10,58,240441.3
Busoga|Luuka District,Luuka District,Busoga,2021-09,21.89,155.87,82.09,0.041,12429,480,15,12,0,271256.8
North Buganda|Luwero District,Luwero District,North Buganda,2021-09,21.14,118.41,86.01,0.059,6751,767,91,45,39,533737.7
South Buganda|Lwengo District,Lwengo District,South Buganda,2021-09,21.03,82.07,77.17,0.042,1868,165,82,7,0,292099.7
South Buganda|Lyantonde District,Lyantonde District,South Buganda,2021-09,21.04,84.64,75.87,0.04,498,146,26,15,0,113189.9
West Nile|Madi-Okollo District,Madi-Okollo District,West Nile,2021-09,24.61,142.14,72,0.104,9651,217,18,7,54,167840.2
Bugisu|Manafwa District,Manafwa District,Bugisu,2021-09,18.81,167.57,83.13,0.043,4671,442,97,6,0,178510.9
West Nile|Maracha District,Maracha District,West Nile,2021-09,22.06,180.61,79.21,0.042,10754,587,26,31,8,211620.2
South Buganda|Masaka City,Masaka City,South Buganda,2021-09,21.31,85,78.82,0.146,1454,298,16,23,3,228374.3
South Buganda|Masaka District,Masaka District,South Buganda,2021-09,22.24,82.89,77.74,1.841,716,179,4,,0,122464.5
Bunyoro|Masindi District,Masindi District,Bunyoro,2021-09,22.49,136.3,79.72,0.052,1989,294,25,41,2,348345.6
Busoga|Mayuge District,Mayuge District,Busoga,2021-09,22.63,103.06,76.45,2.227,8087,296,77,16,27,580110.7
Bugisu|Mbale City,Mbale City,Bugisu,2021-09,20.05,194.03,80.61,0.07,4865,672,90,55,5,328300.5
Bugisu|Mbale District,Mbale District,Bugisu,2021-09,19.47,178.23,81.84,0.046,5843,1182,16,9,1,274148.9
Ankole|Mbarara City,Mbarara City,Ankole,2021-09,20.71,92.21,71.09,0.119,407,404,75,55,0,225183.1
Ankole|Mbarara District,Mbarara District,Ankole,2021-09,20.57,98.72,72.43,0.052,404,231,20,5,0,172327.9
Ankole|Mitooma District,Mitooma District,Ankole,2021-09,20.46,119.61,71.44,0.044,1570,143,4,4,1,195364.8
North Buganda|Mityana District,Mityana District,North Buganda,2021-09,20.82,79.88,82.74,0.205,4836,569,33,29,24,367194
Karamoja|Moroto District,Moroto District,Karamoja,2021-09,22.2,86.08,63.96,0.031,4524,407,37,16,259,120868.9
West Nile|Moyo District,Moyo District,West Nile,2021-09,23.52,149.16,80.32,0.144,9930,885,18,11,25,111494.5
South Buganda|Mpigi District,Mpigi District,South Buganda,2021-09,21.54,75.13,79.69,0.733,1229,473,103,35,0,292099.7
North Buganda|Mubende District,Mubende District,North Buganda,2021-09,20.88,110.32,78.11,0.052,3236,134,94,20,22,581307.4
North Buganda|Mukono District,Mukono District,North Buganda,2021-09,22.13,103.89,79.73,1.804,5574,1203,50,31,7,718132.5
Karamoja|Nabilatuk District,Nabilatuk District,Karamoja,2021-09,22.05,136.4,72.43,0.037,4778,294,10,7,3984,93543.7
Karamoja|Nakapiripirit District,Nakapiripirit District,Karamoja,2021-09,20.99,151.29,73.21,0.043,5720,532,83,10,802,117777.3
North Buganda|Nakaseke District,Nakaseke District,North Buganda,2021-09,21.76,112.65,80.41,0.044,2199,277,60,20,2,240740.4
North Buganda|Nakasongola District,Nakasongola District,North Buganda,2021-09,22.56,123.31,78.88,0.268,2518,337,20,2,3,220695.4
Busoga|Namayingo District,Namayingo District,Busoga,2021-09,23.05,99.07,73.32,2.908,9480,234,29,17,17,239942.6
Bugisu|Namisindwa District,Namisindwa District,Bugisu,2021-09,16.38,172.5,84.08,0.048,2526,354,40,5,0,236352.5
Busoga|Namutumba District,Namutumba District,Busoga,2021-09,21.96,172.05,80.94,0.039,10794,1034,34,12,1,315535.5
Karamoja|Napak District,Napak District,Karamoja,2021-09,22.48,137.31,70.25,0.038,8479,724,33,84,482,160560.1
West Nile|Nebbi District,Nebbi District,West Nile,2021-09,23.84,144.79,71.64,0.042,9619,517,135,89,18,289606.6
Teso|Ngora District,Ngora District,Teso,2021-09,22.57,159.65,78.91,0.321,5068,186,15,19,0,169535.5
Tooro|Ntoroko District,Ntoroko District,Tooro,2021-09,23.81,106.23,75.29,0.456,485,33,5,,8,77487.7
Ankole|Ntungamo District,Ntungamo District,Ankole,2021-09,20.49,92.25,68.83,0.043,1921,595,22,28,5,548995.9
Acholi|Nwoya District,Nwoya District,Acholi,2021-09,23.11,153.85,79.74,0.093,5091,540,17,8,0,259090.2
West Nile|Obongi District,Obongi District,West Nile,2021-09,24.38,145.03,78.72,0.261,9810,663,5,13,42,50162.6
Acholi|Omoro District,Omoro District,Acholi,2021-09,22.36,146.58,79.79,0.061,6708,441,12,15,7,202445.4
Lango|Otuke District,Otuke District,Lango,2021-09,22.34,129.96,77.53,0.05,3819,186,2,12,11,138620.2
Lango|Oyam District,Oyam District,Lango,2021-09,22.26,150.39,80.09,0.057,9889,642,37,95,72,465026
Acholi|Pader District,Pader District,Acholi,2021-09,22.71,129.69,78.83,0.059,22178,1064,89,12,8,199952.2
West Nile|Pakwach District,Pakwach District,West Nile,2021-09,24.87,130.46,74.22,0.271,5253,202,41,9,5,203542.3
Bukedi|Pallisa District,Pallisa District,Bukedi,2021-09,22.45,170.86,79.44,0.344,10706,335,38,16,2,367393.4
South Buganda|Rakai District,Rakai District,South Buganda,2021-09,20.81,70.22,79.2,0.132,3658,706,23,2,0,323912.6
Kigezi|Rubanda District,Rubanda District,Kigezi,2021-09,17.27,119.15,77.66,0.121,115,517,9,10,2,209725.4
Ankole|Rubirizi District,Rubirizi District,Ankole,2021-09,22.97,108.73,70.96,0.844,1135,62,9,12,0,146199.5
Kigezi|Rukiga District,Rukiga District,Kigezi,2021-09,19.52,101.66,70.64,0.035,227,276,6,10,2,105710.4
Kigezi|Rukungiri District,Rukungiri District,Kigezi,2021-09,21.2,119.96,74.25,0.229,3322,654,144,30,2,335780.1
Ankole|Rwampara District,Rwampara District,Ankole,2021-09,20.12,101.85,72.8,0.04,198,155,4,6,0,146997.3
South Buganda|Sembabule District,Sembabule District,South Buganda,2021-09,21.27,86.05,75.44,0.039,2114,214,69,11,0,303069.7
Teso|Serere District,Serere District,Teso,2021-09,22.96,160.04,76.92,0.885,6076,167,12,31,8,372280.1
Ankole|Sheema District,Sheema District,Ankole,2021-09,19.98,112.5,75.35,0.05,114,241,6,33,0,221991.8
Bugisu|Sironko District,Sironko District,Bugisu,2021-09,17.33,206.95,82,0.051,3933,561,11,15,0,278935.8
Teso|Soroti City,Soroti City,Teso,2021-09,22.32,200.06,79.12,0.119,4709,269,80,23,0,71903
Teso|Soroti District,Soroti District,Teso,2021-09,22.34,179.43,79.12,0.159,7183,2029,6,24,0,302969.9
West Nile|Terego District,Terego District,West Nile,2021-09,24.07,169.81,74.32,0.051,13718,713,45,49,113,238646.2
Bukedi|Tororo District,Tororo District,Bukedi,2021-09,20.91,157.38,78.76,0.039,15892,2213,112,108,25,609929
South Buganda|Wakiso District,Wakiso District,South Buganda,2021-09,21.41,83.38,82.78,1.139,12247,935,330,57,16,3097214.5
West Nile|Yumbe District,Yumbe District,West Nile,2021-09,23.53,152.56,78.64,0.055,30585,866,83,59,144,697389.3
West Nile|Zombo District,Zombo District,West Nile,2021-09,20.75,178.26,78.65,0.048,6637,996,52,45,17,289905.7
Karamoja|Abim District,Abim District,Karamoja,2021-10,23.78,93.55,61.74,0.044,9302,211,39,6,198,162454.9
West Nile|Adjumani District,Adjumani District,West Nile,2021-10,25.21,157.7,72.89,0.099,33931,1686,163,55,163,236751.4
Acholi|Agago District,Agago District,Acholi,2021-10,23.88,83.3,65.69,0.054,7051,293,26,44,25,254303.3
Lango|Alebtong District,Alebtong District,Lango,2021-10,23.75,111.14,69.32,0.051,8951,287,11,38,0,272054.6
Lango|Amolatar District,Amolatar District,Lango,2021-10,24.13,101.9,74.48,1.569,6114,776,7,11,3,173524.6
Karamoja|Amudat District,Amudat District,Karamoja,2021-10,23.1,88.67,59.52,0.041,2618,421,12,8,325,140016.4
Teso|Amuria District,Amuria District,Teso,2021-10,23.52,103.68,70.17,0.047,7917,124,5,36,0,232163.9
Acholi|Amuru District,Amuru District,Acholi,2021-10,24.64,154.53,72.96,0.065,8227,505,20,15,31,221393.4
Lango|Apac District,Apac District,Lango,2021-10,23.54,118.46,75.45,0.184,4355,604,5,13,2,233460.4
West Nile|Arua City,Arua City,West Nile,2021-10,23.25,209.96,72.68,0.066,4729,280,62,28,57,369986.3
West Nile|Arua District,Arua District,West Nile,2021-10,24.18,182.55,69.2,0.053,1438,74,4,9,29,159862
Bukedi|Budaka District,Budaka District,Bukedi,2021-10,22.34,130.69,72.69,0.045,9030,269,33,27,0,260685.8
Bugisu|Bududa District,Bududa District,Bugisu,2021-10,14.44,205.04,79.14,0.058,1107,1014,81,4,5,282127
Busoga|Bugiri District,Bugiri District,Busoga,2021-10,22.45,154.62,80.04,0.109,9639,415,18,51,15,497337.4
Busoga|Bugweri District,Bugweri District,Busoga,2021-10,22.38,140.67,80.84,0.062,6780,123,36,,0,195763.7
Ankole|Buhweju District,Buhweju District,Ankole,2021-10,19.81,163.02,77.34,0.06,332,519,8,7,0,147894.8
North Buganda|Buikwe District,Buikwe District,North Buganda,2021-10,22.21,143.4,82.27,0.571,9636,604,66,41,4,481580.6
Teso|Bukedea District,Bukedea District,Teso,2021-10,22.69,121.23,69.26,0.05,5510,250,7,17,0,269162.6
South Buganda|Bukomansimbi District,Bukomansimbi District,South Buganda,2021-10,22.03,123.05,73.91,0.036,2118,284,27,1,0,156870.2
Bugisu|Bukwo District,Bukwo District,Bugisu,2021-10,19.03,170.05,64.73,0.06,688,1641,57,6,0,124558.7
Bugisu|Bulambuli District,Bulambuli District,Bugisu,2021-10,19.75,151.27,68.34,0.055,2353,883,50,6,5,240939.9
Bunyoro|Buliisa District,Buliisa District,Bunyoro,2021-10,25.03,136.64,75.82,1.416,7392,162,22,8,4,155972.7
Tooro|Bundibugyo District,Bundibugyo District,Tooro,2021-10,20.04,167.2,81.78,0.081,11659,829,125,28,136,270060.1
Tooro|Bunyangabu District,Bunyangabu District,Tooro,2021-10,19.14,212.04,81.09,0.057,1378,153,2,5,0,198954.9
Ankole|Bushenyi District,Bushenyi District,Ankole,2021-10,20.51,147.8,76.47,0.068,2470,450,41,27,5,240840.2
Bukedi|Busia District,Busia District,Bukedi,2021-10,22.11,174.19,78.46,0.171,13881,298,21,86,7,393821
Bukedi|Butaleja District,Butaleja District,Bukedi,2021-10,22.22,113.97,75.22,0.046,8815,595,113,27,0,310050.5
South Buganda|Butambala District,Butambala District,South Buganda,2021-10,21.84,139.37,77.55,0.045,2278,199,36,17,4,108702.2
Bukedi|Butebo District,Butebo District,Bukedi,2021-10,22.9,119.53,72.18,0.044,6338,522,20,11,0,122464.5
North Buganda|Buvuma District,Buvuma District,North Buganda,2021-10,23.97,118.44,72.02,3.172,1810,320,17,1,2,136625.7
Busoga|Buyende District,Buyende District,Busoga,2021-10,23.95,105.05,75.86,0.987,5042,263,25,15,13,430919.4
Lango|Dokolo District,Dokolo District,Lango,2021-10,23.42,109.88,74.72,0.325,4653,374,27,14,0,220795.1
Tooro|Fort Portal City,Fort Portal City,Tooro,2021-10,19.05,216.24,84.62,0.132,640,457,145,8,18,117478.1
South Buganda|Gomba District,Gomba District,South Buganda,2021-10,22.04,147.63,74.66,0.064,2723,84,15,2,0,175618.9
Acholi|Gulu City,Gulu City,Acholi,2021-10,23.69,156.13,72.86,0.171,3498,1684,88,74,36,213215.8
Acholi|Gulu District,Gulu District,Acholi,2021-10,24.4,146.87,71.17,0.06,4188,272,12,2,107,120370.2
Bunyoro|Hoima City,Hoima City,Bunyoro,2021-10,22.48,154.98,81.9,0.113,1168,464,80,11,2,126453.6
Bunyoro|Hoima District,Hoima District,Bunyoro,2021-10,24.15,142.71,76.88,1.44,1637,100,36,13,6,259688.5
Ankole|Ibanda District,Ibanda District,Ankole,2021-10,21.61,132.49,73.07,0.056,10988,531,49,19,11,281129.8
Busoga|Iganga District,Iganga District,Busoga,2021-10,22.5,136.76,79.98,0.083,16020,781,61,20,32,412868.9
Ankole|Isingiro District,Isingiro District,Ankole,2021-10,21.49,115.85,71.33,0.078,8962,1643,160,58,201,615015
Busoga|Jinja City,Jinja City,Busoga,2021-10,22.14,160.88,84.26,0.832,4909,374,107,58,0,273051.9
Busoga|Jinja District,Jinja District,Busoga,2021-10,22.13,163.34,83.31,0.129,9214,590,78,18,0,247821
Karamoja|Kaabong District,Kaabong District,Karamoja,2021-10,23.49,46.63,55.4,0.035,4559,752,3,26,712,128248.6
Kigezi|Kabale District,Kabale District,Kigezi,2021-10,18.65,110.81,73.27,0.165,341,517,32,21,8,250912.6
Tooro|Kabarole District,Kabarole District,Tooro,2021-10,20.96,198.13,80.02,0.059,2048,222,27,15,0,226080.6
Teso|Kaberamaido District,Kaberamaido District,Teso,2021-10,23.88,110.21,74.12,0.841,6043,160,7,18,0,137523.2
Bunyoro|Kagadi District,Kagadi District,Bunyoro,2021-10,22.65,154.95,79.95,0.344,6280,155,27,24,29,443684.4
Bunyoro|Kakumiro District,Kakumiro District,Bunyoro,2021-10,22.25,167.08,75.79,0.056,4510,339,20,4,12,511797.8
Teso|Kalaki District,Kalaki District,Teso,2021-10,23.64,104.11,74.05,0.41,5489,65,7,2,0,143806
South Buganda|Kalangala District,Kalangala District,South Buganda,2021-10,23.87,145.67,72.14,3.069,772,39,40,1,0,69310.1
Busoga|Kaliro District,Kaliro District,Busoga,2021-10,23.21,114.4,77.28,0.358,7577,529,77,15,9,297385.2
South Buganda|Kalungu District,Kalungu District,South Buganda,2021-10,22.17,127.75,75.71,0.203,1768,210,43,8,0,185791
Kampala|Kampala District,Kampala District,Kampala,2021-10,21.52,106.32,84.26,2.367,10009,2460,816,733,56,1705228.1
Busoga|Kamuli District,Kamuli District,Busoga,2021-10,22.69,113.42,81.37,0.107,27293,1506,110,56,23,569639.3
Tooro|Kamwenge District,Kamwenge District,Tooro,2021-10,21.44,171.6,75.48,0.058,19083,1258,26,28,108,346450.8
Kigezi|Kanungu District,Kanungu District,Kigezi,2021-10,20.82,138.91,78.95,0.195,6068,478,25,36,17,226080.6
Bugisu|Kapchorwa District,Kapchorwa District,Bugisu,2021-10,18.75,184.55,68.34,0.065,561,486,9,25,0,126852.5
Teso|Kapelebyong District,Kapelebyong District,Teso,2021-10,23.94,116.09,65.55,0.042,3989,145,8,9,0,106308.7
Karamoja|Karenga District,Karenga District,Karamoja,2021-10,22.7,60.41,63.05,0.045,4071,504,4,3,281,69709
Tooro|Kasese District,Kasese District,Tooro,2021-10,20.84,155.07,73.72,0.437,18018,2586,213,146,68,808185.8
North Buganda|Kassanda District,Kassanda District,North Buganda,2021-10,22.01,135.77,75.91,0.14,4023,90,20,16,10,319026
Teso|Katakwi District,Katakwi District,Teso,2021-10,23.83,109.77,67.8,0.197,15249,142,5,27,0,198954.9
North Buganda|Kayunga District,Kayunga District,North Buganda,2021-10,22.8,116.98,81.06,0.339,5924,617,25,12,1,413168
Ankole|Kazo District,Kazo District,Ankole,2021-10,21.96,119.75,72.12,0.049,4206,273,30,1,0,224385.2
Bunyoro|Kibaale District,Kibaale District,Bunyoro,2021-10,21.76,185.01,76.97,0.063,1000,77,18,2,8,209326.5
North Buganda|Kiboga District,Kiboga District,North Buganda,2021-10,22.87,123.44,73.87,0.05,3274,349,38,35,17,174721.3
Bukedi|Kibuku District,Kibuku District,Bukedi,2021-10,22.85,138.57,75.63,0.074,17151,486,75,,0,258890.7
Bunyoro|Kikuube District,Kikuube District,Bunyoro,2021-10,23.61,151.59,78.11,1.098,13453,822,86,32,143,375571
Ankole|Kiruhura District,Kiruhura District,Ankole,2021-10,21.8,105.87,71.6,0.087,1912,254,4,2,0,191674.9
Bunyoro|Kiryandongo District,Kiryandongo District,Bunyoro,2021-10,23.53,137.15,75.91,0.073,6330,1417,65,59,96,321419.4
Kigezi|Kisoro District,Kisoro District,Kigezi,2021-10,17.27,147.38,80.73,0.153,415,455,108,20,32,320222.7
Tooro|Kitagwenda District,Kitagwenda District,Tooro,2021-10,22.34,149.43,69.11,0.326,3680,155,2,5,0,184095.6
Acholi|Kitgum District,Kitgum District,Acholi,2021-10,23.75,71.6,65.21,0.056,4114,470,36,48,11,226080.6
West Nile|Koboko District,Koboko District,West Nile,2021-10,23.61,180.68,75.32,0.063,5771,250,56,44,46,266968.6
Lango|Kole District,Kole District,Lango,2021-10,23.49,138.03,72.86,0.056,3915,471,0,16,2,291700.8
Karamoja|Kotido District,Kotido District,Karamoja,2021-10,23.69,59.87,57.82,0.038,11204,565,375,18,889,210323.8
Teso|Kumi District,Kumi District,Teso,2021-10,23.92,104.57,67.7,0.262,10740,212,26,20,8,292099.7
Lango|Kwania District,Kwania District,Lango,2021-10,23.6,114.76,75.78,0.514,3699,618,13,21,0,221991.8
Bugisu|Kween District,Kween District,Bugisu,2021-10,21.42,127.06,62.64,0.053,937,548,3,,0,111993.2
North Buganda|Kyankwanzi District,Kyankwanzi District,North Buganda,2021-10,23.03,135.4,73.04,0.054,2629,239,22,2,21,295291
Tooro|Kyegegwa District,Kyegegwa District,Tooro,2021-10,21.49,150.2,75.65,0.055,4699,782,63,12,162,474300.5
Tooro|Kyenjojo District,Kyenjojo District,Tooro,2021-10,21.19,185.58,80.79,0.056,9944,1945,88,73,40,543311.5
South Buganda|Kyotera District,Kyotera District,South Buganda,2021-10,22.85,139.95,74.58,0.973,6135,560,84,7,3,263777.3
Acholi|Lamwo District,Lamwo District,Acholi,2021-10,23.99,87.65,69.95,0.062,12942,951,13,18,41,145002.7
Lango|Lira City,Lira City,Lango,2021-10,23.47,129.48,71.86,0.162,2611,293,98,72,10,249217.2
Lango|Lira District,Lira District,Lango,2021-10,23.71,113.52,71.2,0.051,2063,330,15,22,2,240441.3
Busoga|Luuka District,Luuka District,Busoga,2021-10,22.65,137.09,80,0.051,11964,313,23,14,0,271256.8
North Buganda|Luwero District,Luwero District,North Buganda,2021-10,21.96,114.78,83.93,0.069,7328,688,79,33,19,533737.7
South Buganda|Lwengo District,Lwengo District,South Buganda,2021-10,21.85,126.01,73.62,0.048,3099,363,33,7,0,292099.7
South Buganda|Lyantonde District,Lyantonde District,South Buganda,2021-10,21.79,104.06,73.24,0.04,1102,187,28,,0,113189.9
West Nile|Madi-Okollo District,Madi-Okollo District,West Nile,2021-10,25.75,146.03,67.36,0.107,10449,246,28,18,70,167840.2
Bugisu|Manafwa District,Manafwa District,Bugisu,2021-10,19.55,158.3,80.91,0.051,3394,505,77,8,0,178510.9
West Nile|Maracha District,Maracha District,West Nile,2021-10,23.29,218.08,73.77,0.047,10275,710,14,36,15,211620.2
South Buganda|Masaka City,Masaka City,South Buganda,2021-10,22.12,129.6,75.2,0.149,1805,336,15,9,7,228374.3
South Buganda|Masaka District,Masaka District,South Buganda,2021-10,23.1,145.72,74.3,1.841,1123,100,6,,1,122464.5
Bunyoro|Masindi District,Masindi District,Bunyoro,2021-10,23.53,146.42,75.97,0.059,2545,615,45,20,8,348345.6
Busoga|Mayuge District,Mayuge District,Busoga,2021-10,23.43,127.48,75.22,2.23,10152,323,49,13,16,580110.7
Bugisu|Mbale City,Mbale City,Bugisu,2021-10,20.85,163.92,77.18,0.076,5368,578,87,42,3,328300.5
Bugisu|Mbale District,Mbale District,Bugisu,2021-10,20.2,173.22,79.28,0.054,5511,1266,7,,0,274148.9
Ankole|Mbarara City,Mbarara City,Ankole,2021-10,21.35,100.56,69.15,0.124,459,444,82,52,0,225183.1
Ankole|Mbarara District,Mbarara District,Ankole,2021-10,21.18,116.89,70.97,0.058,579,167,22,2,0,172327.9
Ankole|Mitooma District,Mitooma District,Ankole,2021-10,20.67,141.03,73.37,0.048,2470,235,1,4,0,195364.8
North Buganda|Mityana District,Mityana District,North Buganda,2021-10,21.68,145.07,80.69,0.21,5923,410,55,11,19,367194
Karamoja|Moroto District,Moroto District,Karamoja,2021-10,23.92,61.75,52.03,0.029,5584,508,67,22,336,120868.9
West Nile|Moyo District,Moyo District,West Nile,2021-10,24.97,135.38,73.35,0.147,9504,772,23,2,14,111494.5
South Buganda|Mpigi District,Mpigi District,South Buganda,2021-10,22.35,123.46,77.14,0.735,1933,392,32,29,9,292099.7
North Buganda|Mubende District,Mubende District,North Buganda,2021-10,21.78,146.32,75.46,0.058,4262,132,53,29,13,581307.4
North Buganda|Mukono District,Mukono District,North Buganda,2021-10,22.95,131.28,77.61,1.807,8243,1158,92,56,5,718132.5
Karamoja|Nabilatuk District,Nabilatuk District,Karamoja,2021-10,23.64,83.44,61.26,0.037,3654,322,16,5,564,93543.7
Karamoja|Nakapiripirit District,Nakapiripirit District,Karamoja,2021-10,22.58,99.47,61.5,0.044,5030,496,132,12,516,117777.3
North Buganda|Nakaseke District,Nakaseke District,North Buganda,2021-10,22.75,114.35,76.97,0.054,2739,135,92,8,9,240740.4
North Buganda|Nakasongola District,Nakasongola District,North Buganda,2021-10,23.57,106.29,75.27,0.276,2751,467,22,3,0,220695.4
Busoga|Namayingo District,Namayingo District,Busoga,2021-10,23.81,107.85,72.63,2.909,11544,284,36,13,7,239942.6
Bugisu|Namisindwa District,Namisindwa District,Bugisu,2021-10,17.13,163.42,80.54,0.058,2258,296,0,2,0,236352.5
Busoga|Namutumba District,Namutumba District,Busoga,2021-10,22.74,125.88,78.42,0.046,10538,1142,33,4,0,315535.5
Karamoja|Napak District,Napak District,Karamoja,2021-10,24.07,95.69,58.71,0.036,9350,814,84,41,514,160560.1
West Nile|Nebbi District,Nebbi District,West Nile,2021-10,24.68,137.79,68.34,0.045,12018,818,176,186,18,289606.6
Teso|Ngora District,Ngora District,Teso,2021-10,23.8,104.39,73.26,0.324,6689,255,40,13,4,169535.5
Tooro|Ntoroko District,Ntoroko District,Tooro,2021-10,24.78,128.85,71.86,0.459,794,58,16,3,5,77487.7
Ankole|Ntungamo District,Ntungamo District,Ankole,2021-10,20.98,98.93,68.57,0.051,5559,1042,55,26,5,548995.9
Acholi|Nwoya District,Nwoya District,Acholi,2021-10,24.22,161.82,74.92,0.096,6061,674,15,13,9,259090.2
West Nile|Obongi District,Obongi District,West Nile,2021-10,25.77,143.91,72.32,0.265,10163,870,9,18,165,50162.6
Acholi|Omoro District,Omoro District,Acholi,2021-10,23.76,155.6,71.99,0.067,6576,444,15,15,7,202445.4
Lango|Otuke District,Otuke District,Lango,2021-10,23.97,115.91,66.13,0.048,3071,198,6,4,3,138620.2
Lango|Oyam District,Oyam District,Lango,2021-10,23.44,156.09,73.9,0.068,9362,653,88,108,76,465026
Acholi|Pader District,Pader District,Acholi,2021-10,24.37,107.3,68.44,0.057,16660,717,44,9,7,199952.2
West Nile|Pakwach District,Pakwach District,West Nile,2021-10,25.83,131.13,71.46,0.274,11062,304,22,22,2,203542.3
Bukedi|Pallisa District,Pallisa District,Bukedi,2021-10,23.39,114.44,76.13,0.348,10579,272,27,4,0,367393.4
South Buganda|Rakai District,Rakai District,South Buganda,2021-10,21.6,133.88,75.89,0.138,6253,876,31,4,0,323912.6
Kigezi|Rubanda District,Rubanda District,Kigezi,2021-10,17.73,113.55,78.04,0.126,241,512,11,3,4,209725.4
Ankole|Rubirizi District,Rubirizi District,Ankole,2021-10,23.2,156.49,72.6,0.846,1932,66,8,3,0,146199.5
Kigezi|Rukiga District,Rukiga District,Kigezi,2021-10,19.98,103.33,70.45,0.043,651,336,9,2,1,105710.4
Kigezi|Rukungiri District,Rukungiri District,Kigezi,2021-10,21.48,132.68,75.34,0.233,4784,783,68,19,0,335780.1
Ankole|Rwampara District,Rwampara District,Ankole,2021-10,20.69,103.84,71.46,0.049,352,326,1,5,0,146997.3
South Buganda|Sembabule District,Sembabule District,South Buganda,2021-10,22.19,113.06,71.62,0.042,3056,215,62,3,5,303069.7
Teso|Serere District,Serere District,Teso,2021-10,23.92,105.36,74.19,0.89,8498,184,10,43,0,372280.1
Ankole|Sheema District,Sheema District,Ankole,2021-10,20.44,117.83,75.17,0.056,200,229,35,16,2,221991.8
Bugisu|Sironko District,Sironko District,Bugisu,2021-10,18.2,191.12,77.45,0.06,3900,609,38,10,0,278935.8
Teso|Soroti City,Soroti City,Teso,2021-10,23.41,124.33,74.07,0.122,6720,138,38,17,5,71903
Teso|Soroti District,Soroti District,Teso,2021-10,23.47,107.61,73.44,0.163,9421,148,3,18,0,302969.9
West Nile|Terego District,Terego District,West Nile,2021-10,25.35,188.58,68.48,0.055,18754,1480,19,16,64,238646.2
Bukedi|Tororo District,Tororo District,Bukedi,2021-10,21.78,125.35,75.62,0.045,11800,1670,103,101,24,609929
South Buganda|Wakiso District,Wakiso District,South Buganda,2021-10,22.19,117.86,80.72,1.141,13444,1120,426,104,23,3097214.5
West Nile|Yumbe District,Yumbe District,West Nile,2021-10,24.81,156.99,72.46,0.061,33678,813,107,37,125,697389.3
West Nile|Zombo District,Zombo District,West Nile,2021-10,21.61,181.41,74.87,0.056,5759,1575,38,64,18,289905.7
Karamoja|Abim District,Abim District,Karamoja,2021-11,25.41,45.67,45.69,0.029,7129,151,25,20,186,162454.9
West Nile|Adjumani District,Adjumani District,West Nile,2021-11,26.69,55.21,57.43,0.089,32080,1427,84,78,104,236751.4
Acholi|Agago District,Agago District,Acholi,2021-11,25.29,58.84,50.05,0.042,22952,291,29,45,36,254303.3
Lango|Alebtong District,Alebtong District,Lango,2021-11,25.46,50.13,52.09,0.043,13530,352,10,35,0,272054.6
Lango|Amolatar District,Amolatar District,Lango,2021-11,24.97,32.83,67.31,1.564,5579,336,12,14,0,173524.6
Karamoja|Amudat District,Amudat District,Karamoja,2021-11,24.62,19.07,44.43,0.028,2097,241,13,3,318,140016.4
Teso|Amuria District,Amuria District,Teso,2021-11,25.31,41.17,52.2,0.04,7441,183,9,27,0,232163.9
Acholi|Amuru District,Amuru District,Acholi,2021-11,26.12,67.8,57.12,0.054,14296,490,34,7,7,221393.4
Lango|Apac District,Apac District,Lango,2021-11,24.74,52.69,63.22,0.179,8430,605,9,18,0,233460.4
West Nile|Arua City,Arua City,West Nile,2021-11,24.31,80.73,60.73,0.063,6839,330,66,14,33,369986.3
West Nile|Arua District,Arua District,West Nile,2021-11,25.33,82.67,56.75,0.048,2767,66,5,13,20,159862
Bukedi|Budaka District,Budaka District,Bukedi,2021-11,22.77,80.93,67.17,0.04,14397,311,66,24,0,260685.8
Bugisu|Bududa District,Bududa District,Bugisu,2021-11,14.55,95.75,73.1,0.063,1365,961,84,113,6,282127
Busoga|Bugiri District,Bugiri District,Busoga,2021-11,22.69,99.21,78.36,0.103,14148,669,114,21,3,497337.4
Busoga|Bugweri District,Bugweri District,Busoga,2021-11,22.67,106.78,79.21,0.058,8459,120,26,15,0,195763.7
Ankole|Buhweju District,Buhweju District,Ankole,2021-11,19.7,143.19,76.51,0.059,433,451,11,11,6,147894.8
North Buganda|Buikwe District,Buikwe District,North Buganda,2021-11,22.6,101.15,80.11,0.566,9854,678,54,42,14,481580.6
Teso|Bukedea District,Bukedea District,Teso,2021-11,23.58,56.7,59.14,0.043,5025,170,10,14,8,269162.6
South Buganda|Bukomansimbi District,Bukomansimbi District,South Buganda,2021-11,22.49,85.84,70.07,0.038,3174,328,19,,0,156870.2
Bugisu|Bukwo District,Bukwo District,Bugisu,2021-11,20.31,57.79,50.8,0.056,1307,1061,16,4,0,124558.7
Bugisu|Bulambuli District,Bulambuli District,Bugisu,2021-11,20.69,62.52,56.08,0.053,2575,793,45,8,1,240939.9
Bunyoro|Buliisa District,Buliisa District,Bunyoro,2021-11,25.83,80.94,70.29,1.414,7252,239,20,10,10,155972.7
Tooro|Bundibugyo District,Bundibugyo District,Tooro,2021-11,20.59,118.96,74.76,0.075,11441,1133,84,43,151,270060.1
Tooro|Bunyangabu District,Bunyangabu District,Tooro,2021-11,19.15,148.45,77.93,0.053,2784,323,0,12,0,198954.9
Ankole|Bushenyi District,Bushenyi District,Ankole,2021-11,20.26,146.44,77.14,0.065,4178,446,26,37,9,240840.2
Bukedi|Busia District,Busia District,Bukedi,2021-11,22.34,103.06,76.71,0.166,15137,452,58,51,22,393821
Bukedi|Butaleja District,Butaleja District,Bukedi,2021-11,22.45,80.85,71.97,0.041,21715,763,224,53,0,310050.5
South Buganda|Butambala District,Butambala District,South Buganda,2021-11,22.32,120.99,73.4,0.046,3404,193,23,3,3,108702.2
Bukedi|Butebo District,Butebo District,Bukedi,2021-11,23.49,64.89,65.82,0.039,7538,343,37,3,0,122464.5
North Buganda|Buvuma District,Buvuma District,North Buganda,2021-11,24.13,134.26,71.8,3.172,1640,342,17,1,2,136625.7
Busoga|Buyende District,Buyende District,Busoga,2021-11,24.64,71.04,70.22,0.982,4718,188,35,21,14,430919.4
Lango|Dokolo District,Dokolo District,Lango,2021-11,24.42,43.63,64.91,0.315,14897,521,31,12,2,220795.1
Tooro|Fort Portal City,Fort Portal City,Tooro,2021-11,19.24,135.04,79.88,0.129,836,540,117,189,11,117478.1
South Buganda|Gomba District,Gomba District,South Buganda,2021-11,22.45,106.01,70.49,0.066,3517,100,12,4,0,175618.9
Acholi|Gulu City,Gulu City,Acholi,2021-11,25.02,84.29,57.79,0.165,5230,1165,104,51,111,213215.8
Acholi|Gulu District,Gulu District,Acholi,2021-11,25.83,72.12,54.78,0.051,9986,381,20,,21,120370.2
Bunyoro|Hoima City,Hoima City,Bunyoro,2021-11,22.82,98.93,77.15,0.112,1516,360,107,21,1,126453.6
Bunyoro|Hoima District,Hoima District,Bunyoro,2021-11,24.63,81.48,72.48,1.438,2878,145,33,3,30,259688.5
Ankole|Ibanda District,Ibanda District,Ankole,2021-11,21.47,127.65,71.79,0.054,14322,338,64,24,16,281129.8
Busoga|Iganga District,Iganga District,Busoga,2021-11,22.92,102.9,77.18,0.079,17944,516,77,43,11,412868.9
Ankole|Isingiro District,Isingiro District,Ankole,2021-11,21.35,97.28,71.19,0.075,14363,2084,79,44,170,615015
Busoga|Jinja City,Jinja City,Busoga,2021-11,22.52,100.57,82.18,0.826,4225,493,157,75,2,273051.9
Busoga|Jinja District,Jinja District,Busoga,2021-11,22.56,94.58,80.83,0.126,8417,698,47,8,19,247821
Karamoja|Kaabong District,Kaabong District,Karamoja,2021-11,24.18,21.64,47.22,0.026,3632,433,23,28,588,128248.6
Kigezi|Kabale District,Kabale District,Kigezi,2021-11,18.13,92.1,74.71,0.165,431,540,52,25,4,250912.6
Tooro|Kabarole District,Kabarole District,Tooro,2021-11,21.06,130.97,76.19,0.057,2618,254,87,11,0,226080.6
Teso|Kaberamaido District,Kaberamaido District,Teso,2021-11,24.77,41.44,66.43,0.834,7231,140,2,18,0,137523.2
Bunyoro|Kagadi District,Kagadi District,Bunyoro,2021-11,22.8,95.19,75.96,0.344,9243,322,52,69,25,443684.4
Bunyoro|Kakumiro District,Kakumiro District,Bunyoro,2021-11,22.79,123.23,68.64,0.058,7642,268,62,4,1,511797.8
Teso|Kalaki District,Kalaki District,Teso,2021-11,24.94,49.44,61.28,0.402,5987,84,6,9,0,143806
South Buganda|Kalangala District,Kalangala District,South Buganda,2021-11,24.03,150.55,71.56,3.069,1232,64,38,4,0,69310.1
Busoga|Kaliro District,Kaliro District,Busoga,2021-11,23.78,75.25,72.29,0.351,8160,499,88,7,10,297385.2
South Buganda|Kalungu District,Kalungu District,South Buganda,2021-11,22.52,105.43,72.99,0.206,2572,213,52,13,0,185791
Kampala|Kampala District,Kampala District,Kampala,2021-11,21.84,110.28,81.59,2.367,11302,3130,773,354,46,1705228.1
Busoga|Kamuli District,Kamuli District,Busoga,2021-11,23.15,104.82,77.47,0.1,19844,1616,110,23,23,569639.3
Tooro|Kamwenge District,Kamwenge District,Tooro,2021-11,21.35,131.5,73.45,0.058,18269,1171,22,29,153,346450.8
Kigezi|Kanungu District,Kanungu District,Kigezi,2021-11,20.56,117.73,78.16,0.191,7265,547,59,40,22,226080.6
Bugisu|Kapchorwa District,Kapchorwa District,Bugisu,2021-11,19.54,72.34,56.9,0.061,937,462,16,5,0,126852.5
Teso|Kapelebyong District,Kapelebyong District,Teso,2021-11,25.92,40.07,47.09,0.033,3281,131,6,1,0,106308.7
Karamoja|Karenga District,Karenga District,Karamoja,2021-11,23.66,35.52,50.88,0.035,3099,181,2,4,230,69709
Tooro|Kasese District,Kasese District,Tooro,2021-11,20.79,139.95,72.01,0.432,19929,2633,187,110,47,808185.8
North Buganda|Kassanda District,Kassanda District,North Buganda,2021-11,22.5,116,70.49,0.14,5648,149,53,22,4,319026
Teso|Katakwi District,Katakwi District,Teso,2021-11,25.62,34.86,50.39,0.19,9134,176,5,26,0,198954.9
North Buganda|Kayunga District,Kayunga District,North Buganda,2021-11,23.36,96.5,75.28,0.332,5951,741,9,11,1,413168
Ankole|Kazo District,Kazo District,Ankole,2021-11,22.23,111.04,67.66,0.05,6571,209,80,1,0,224385.2
Bunyoro|Kibaale District,Kibaale District,Bunyoro,2021-11,22.12,125.26,70.95,0.063,1261,87,73,,6,209326.5
North Buganda|Kiboga District,Kiboga District,North Buganda,2021-11,23.91,122.53,63.84,0.049,4395,454,41,311,15,174721.3
Bukedi|Kibuku District,Kibuku District,Bukedi,2021-11,23.25,78.18,71.64,0.066,25243,390,119,3,0,258890.7
Bunyoro|Kikuube District,Kikuube District,Bunyoro,2021-11,23.93,87.11,74.02,1.098,16248,1054,128,18,130,375571
Ankole|Kiruhura District,Kiruhura District,Ankole,2021-11,21.8,100.67,70.05,0.087,3421,339,11,3,0,191674.9
Bunyoro|Kiryandongo District,Kiryandongo District,Bunyoro,2021-11,24.9,93.3,62.22,0.07,9386,1769,58,32,104,321419.4
Kigezi|Kisoro District,Kisoro District,Kigezi,2021-11,17.02,128.49,79.46,0.151,812,554,113,16,37,320222.7
Tooro|Kitagwenda District,Kitagwenda District,Tooro,2021-11,22.25,137.03,67.87,0.325,5018,154,4,8,4,184095.6
Acholi|Kitgum District,Kitgum District,Acholi,2021-11,24.92,55.29,50.54,0.046,15873,653,64,31,46,226080.6
West Nile|Koboko District,Koboko District,West Nile,2021-11,24.9,65.09,60.81,0.053,10410,321,96,23,93,266968.6
Lango|Kole District,Kole District,Lango,2021-11,24.6,45.99,60.59,0.05,10476,690,8,12,6,291700.8
Karamoja|Kotido District,Kotido District,Karamoja,2021-11,24.92,21.75,45.36,0.022,8691,698,427,27,940,210323.8
Teso|Kumi District,Kumi District,Teso,2021-11,25.34,48.98,53.99,0.256,10415,291,17,23,9,292099.7
Lango|Kwania District,Kwania District,Lango,2021-11,24.51,40.58,66.83,0.506,6991,767,7,18,0,221991.8
Bugisu|Kween District,Kween District,Bugisu,2021-11,22.92,46.27,46.77,0.043,1353,427,31,1,0,111993.2
North Buganda|Kyankwanzi District,Kyankwanzi District,North Buganda,2021-11,24.12,125.19,62.1,0.053,4507,217,22,4,12,295291
Tooro|Kyegegwa District,Kyegegwa District,Tooro,2021-11,21.88,121.19,69.76,0.056,5723,1648,163,25,161,474300.5
Tooro|Kyenjojo District,Kyenjojo District,Tooro,2021-11,21.3,123.34,76.59,0.058,13008,2751,95,56,33,543311.5
South Buganda|Kyotera District,Kyotera District,South Buganda,2021-11,23.02,94.34,73.68,0.972,8912,489,80,20,11,263777.3
Acholi|Lamwo District,Lamwo District,Acholi,2021-11,25.51,65.42,53.12,0.048,21154,1437,25,34,74,145002.7
Lango|Lira City,Lira City,Lango,2021-11,24.66,46.46,59.27,0.154,5747,503,135,60,10,249217.2
Lango|Lira District,Lira District,Lango,2021-11,25.02,51.58,57.42,0.044,7895,263,23,10,46,240441.3
Busoga|Luuka District,Luuka District,Busoga,2021-11,23.15,98.64,76.32,0.046,11974,437,31,17,3,271256.8
North Buganda|Luwero District,Luwero District,North Buganda,2021-11,22.48,107.81,78.09,0.064,12063,1247,122,36,20,533737.7
South Buganda|Lwengo District,Lwengo District,South Buganda,2021-11,22.1,77.7,71.44,0.049,5114,365,12,7,0,292099.7
South Buganda|Lyantonde District,Lyantonde District,South Buganda,2021-11,22.12,86.18,69.43,0.041,1458,214,23,18,0,113189.9
West Nile|Madi-Okollo District,Madi-Okollo District,West Nile,2021-11,26.93,61.89,55.59,0.098,16301,402,51,10,50,167840.2
Bugisu|Manafwa District,Manafwa District,Bugisu,2021-11,19.6,81.69,77.97,0.052,5708,636,95,8,0,178510.9
West Nile|Maracha District,Maracha District,West Nile,2021-11,24.41,77.21,61.03,0.042,15388,572,17,22,22,211620.2
South Buganda|Masaka City,Masaka City,South Buganda,2021-11,22.45,82.16,73.04,0.15,2028,367,60,38,5,228374.3
South Buganda|Masaka District,Masaka District,South Buganda,2021-11,23.32,107.45,73.06,1.842,1273,61,10,,0,122464.5
Bunyoro|Masindi District,Masindi District,Bunyoro,2021-11,24.71,105.91,64.71,0.056,3375,466,43,32,21,348345.6
Busoga|Mayuge District,Mayuge District,Busoga,2021-11,23.66,114.69,74.85,2.229,12203,548,86,31,46,580110.7
Bugisu|Mbale City,Mbale City,Bugisu,2021-11,20.91,80.21,74.45,0.077,7167,767,83,578,0,328300.5
Bugisu|Mbale District,Mbale District,Bugisu,2021-11,20.2,91.02,76.77,0.055,6439,1703,25,3,0,274148.9
Ankole|Mbarara City,Mbarara City,Ankole,2021-11,21.24,104.31,68.58,0.123,596,500,62,77,0,225183.1
Ankole|Mbarara District,Mbarara District,Ankole,2021-11,21.08,108.7,70.15,0.055,890,242,28,6,1,172327.9
Ankole|Mitooma District,Mitooma District,Ankole,2021-11,20.16,129.95,76.51,0.046,3338,282,0,1,0,195364.8
North Buganda|Mityana District,Mityana District,North Buganda,2021-11,22.13,132.06,76.26,0.213,8916,697,75,38,16,367194
Karamoja|Moroto District,Moroto District,Karamoja,2021-11,24.78,8.38,42.25,0.019,5007,420,70,20,253,120868.9
West Nile|Moyo District,Moyo District,West Nile,2021-11,26.46,57.86,57.77,0.135,10770,637,16,3,27,111494.5
South Buganda|Mpigi District,Mpigi District,South Buganda,2021-11,22.7,112.19,74.27,0.734,2235,508,30,19,0,292099.7
North Buganda|Mubende District,Mubende District,North Buganda,2021-11,21.98,112.72,71.76,0.059,4818,174,196,38,12,581307.4
North Buganda|Mukono District,Mukono District,North Buganda,2021-11,23.26,126.96,75.68,1.805,9745,1343,130,14,56,718132.5
Karamoja|Nabilatuk District,Nabilatuk District,Karamoja,2021-11,25.55,23.29,43.45,0.025,3028,318,26,2,862,93543.7
Karamoja|Nakapiripirit District,Nakapiripirit District,Karamoja,2021-11,24.51,28.55,43.18,0.034,3754,270,4,9,453,117777.3
North Buganda|Nakaseke District,Nakaseke District,North Buganda,2021-11,23.93,101.89,65.04,0.048,4437,250,77,36,11,240740.4
North Buganda|Nakasongola District,Nakasongola District,North Buganda,2021-11,24.69,64.91,63.73,0.269,5952,575,26,5,0,220695.4
Busoga|Namayingo District,Namayingo District,Busoga,2021-11,23.96,102.9,72.86,2.909,14008,310,93,11,14,239942.6
Bugisu|Namisindwa District,Namisindwa District,Bugisu,2021-11,17.29,82.96,75.28,0.059,2902,176,17,3,0,236352.5
Busoga|Namutumba District,Namutumba District,Busoga,2021-11,23.05,87.06,76.06,0.04,9893,1001,41,1,6,315535.5
Karamoja|Napak District,Napak District,Karamoja,2021-11,25.68,20.53,43.57,0.023,7621,373,86,32,437,160560.1
West Nile|Nebbi District,Nebbi District,West Nile,2021-11,25.91,71.8,55.86,0.039,16300,890,175,118,15,289606.6
Teso|Ngora District,Ngora District,Teso,2021-11,24.82,45.85,62.53,0.318,6226,145,12,69,5,169535.5
Tooro|Ntoroko District,Ntoroko District,Tooro,2021-11,25.22,79.32,66.13,0.458,981,111,18,1,0,77487.7
Ankole|Ntungamo District,Ntungamo District,Ankole,2021-11,20.44,110.13,70.96,0.05,7779,750,29,50,0,548995.9
Acholi|Nwoya District,Nwoya District,Acholi,2021-11,25.53,93.45,61.85,0.089,8137,637,18,15,14,259090.2
West Nile|Obongi District,Obongi District,West Nile,2021-11,27.17,45.56,58.26,0.255,12808,414,8,2,79,50162.6
Acholi|Omoro District,Omoro District,Acholi,2021-11,25.07,72.17,56.99,0.061,14493,641,14,20,18,202445.4
Lango|Otuke District,Otuke District,Lango,2021-11,25.78,54.49,48.37,0.037,7554,271,5,5,1,138620.2
Lango|Oyam District,Oyam District,Lango,2021-11,24.64,57.92,60.16,0.06,17637,725,63,89,125,465026
Acholi|Pader District,Pader District,Acholi,2021-11,25.8,77.42,52.26,0.048,18986,757,30,7,12,199952.2
West Nile|Pakwach District,Pakwach District,West Nile,2021-11,27.05,68.62,60.89,0.268,14067,279,29,11,4,203542.3
Bukedi|Pallisa District,Pallisa District,Bukedi,2021-11,24,65.96,70.53,0.344,12854,479,79,5,0,367393.4
South Buganda|Rakai District,Rakai District,South Buganda,2021-11,21.68,74.27,75.14,0.136,11571,691,43,20,4,323912.6
Kigezi|Rubanda District,Rubanda District,Kigezi,2021-11,17.36,111.15,77.85,0.125,238,445,12,7,4,209725.4
Ankole|Rubirizi District,Rubirizi District,Ankole,2021-11,23.23,143.56,70.84,0.841,1901,1186,19,4,0,146199.5
Kigezi|Rukiga District,Rukiga District,Kigezi,2021-11,19.39,104.67,72.41,0.04,1184,288,20,7,3,105710.4
Kigezi|Rukungiri District,Rukungiri District,Kigezi,2021-11,21.09,120.07,76.76,0.23,4791,794,70,42,5,335780.1
Ankole|Rwampara District,Rwampara District,Ankole,2021-11,20.45,124.47,71.71,0.045,525,255,9,9,0,146997.3
South Buganda|Sembabule District,Sembabule District,South Buganda,2021-11,22.71,88.02,66.43,0.043,4820,296,61,4,0,303069.7
Teso|Serere District,Serere District,Teso,2021-11,24.87,50.38,65.24,0.885,7732,158,11,13,0,372280.1
Ankole|Sheema District,Sheema District,Ankole,2021-11,20.15,128.18,75.97,0.055,305,256,33,16,3,221991.8
Bugisu|Sironko District,Sironko District,Bugisu,2021-11,18.32,80.87,73.07,0.062,4681,742,24,23,0,278935.8
Teso|Soroti City,Soroti City,Teso,2021-11,24.69,34.11,60.1,0.113,5711,202,74,22,1,71903
Teso|Soroti District,Soroti District,Teso,2021-11,24.88,39.47,58.62,0.156,6918,94,18,16,0,302969.9
West Nile|Terego District,Terego District,West Nile,2021-11,26.79,66.11,54.08,0.046,22819,1232,19,25,78,238646.2
Bukedi|Tororo District,Tororo District,Bukedi,2021-11,21.99,94.01,72.57,0.04,29509,2014,151,55,20,609929
South Buganda|Wakiso District,Wakiso District,South Buganda,2021-11,22.53,109.87,78.17,1.14,15152,1505,440,78,23,3097214.5
West Nile|Yumbe District,Yumbe District,West Nile,2021-11,26.3,53.37,56.81,0.05,43946,943,75,62,181,697389.3
West Nile|Zombo District,Zombo District,West Nile,2021-11,22.57,118,63.36,0.054,5661,1446,47,69,20,289905.7
Karamoja|Abim District,Abim District,Karamoja,2021-12,25.9,6.65,39.92,0.017,7637,187,102,5,140,162454.9
West Nile|Adjumani District,Adjumani District,West Nile,2021-12,28.49,10.95,42.04,0.071,26115,1217,64,21,119,236751.4
Acholi|Agago District,Agago District,Acholi,2021-12,26.31,7.93,40.19,0.027,15554,254,55,54,30,254303.3
Lango|Alebtong District,Alebtong District,Lango,2021-12,26.77,8.73,40.25,0.028,7765,210,14,40,0,272054.6
Lango|Amolatar District,Amolatar District,Lango,2021-12,25.38,23.67,64.11,1.561,6248,378,4,11,7,173524.6
Karamoja|Amudat District,Amudat District,Karamoja,2021-12,24.71,5.64,42.79,0.018,2322,344,40,4,147,140016.4
Teso|Amuria District,Amuria District,Teso,2021-12,26.55,9.62,41.02,0.027,10201,146,40,16,0,232163.9
Acholi|Amuru District,Amuru District,Acholi,2021-12,27.99,12.27,41.58,0.036,8325,360,20,17,20,221393.4
Lango|Apac District,Apac District,Lango,2021-12,25.74,27.29,55.41,0.168,6454,605,13,24,2,233460.4
West Nile|Arua City,Arua City,West Nile,2021-12,25.96,31.75,47.48,0.053,7895,302,94,15,23,369986.3
West Nile|Arua District,Arua District,West Nile,2021-12,26.88,27.09,44.96,0.037,1790,161,7,2,14,159862
Bukedi|Budaka District,Budaka District,Bukedi,2021-12,23.47,28.06,60.91,0.031,18444,210,55,34,0,260685.8
Bugisu|Bududa District,Bududa District,Bugisu,2021-12,14.85,26.1,71.01,0.055,1556,730,91,11,7,282127
Busoga|Bugiri District,Bugiri District,Busoga,2021-12,23.05,58.27,76.05,0.096,21151,808,32,39,8,497337.4
Busoga|Bugweri District,Bugweri District,Busoga,2021-12,22.92,55.53,77.74,0.052,8059,162,27,5,2,195763.7
Ankole|Buhweju District,Buhweju District,Ankole,2021-12,19.84,164.15,75.29,0.056,400,218,4,6,7,147894.8
North Buganda|Buikwe District,Buikwe District,North Buganda,2021-12,22.72,72.09,80.98,0.565,11217,884,47,43,13,481580.6
Teso|Bukedea District,Bukedea District,Teso,2021-12,24.32,22.67,52.03,0.031,7198,284,19,29,1,269162.6
South Buganda|Bukomansimbi District,Bukomansimbi District,South Buganda,2021-12,22.45,86.75,74.42,0.037,3625,490,11,,2,156870.2
Bugisu|Bukwo District,Bukwo District,Bugisu,2021-12,20.66,15.53,47.85,0.044,1770,1420,10,3,0,124558.7
Bugisu|Bulambuli District,Bulambuli District,Bugisu,2021-12,21.34,20.23,50.32,0.041,3613,1075,22,5,2,240939.9
Bunyoro|Buliisa District,Buliisa District,Bunyoro,2021-12,26.79,44.81,62.32,1.411,3356,154,18,13,5,155972.7
Tooro|Bundibugyo District,Bundibugyo District,Tooro,2021-12,21.24,139.25,68.32,0.074,7115,841,73,20,134,270060.1
Tooro|Bunyangabu District,Bunyangabu District,Tooro,2021-12,19.75,151.78,73.31,0.048,1634,189,16,7,0,198954.9
Ankole|Bushenyi District,Bushenyi District,Ankole,2021-12,20.52,183.76,75.5,0.06,3337,422,314,21,5,240840.2
Bukedi|Busia District,Busia District,Bukedi,2021-12,22.79,59.39,73.8,0.158,21010,820,24,45,6,393821
Bukedi|Butaleja District,Butaleja District,Bukedi,2021-12,23.04,31.34,67.38,0.034,22061,1025,273,41,0,310050.5
South Buganda|Butambala District,Butambala District,South Buganda,2021-12,22.25,114.49,77.26,0.044,4220,258,27,1,5,108702.2
Bukedi|Butebo District,Butebo District,Bukedi,2021-12,24.25,25.59,59.12,0.029,8570,447,40,8,0,122464.5
North Buganda|Buvuma District,Buvuma District,North Buganda,2021-12,24.07,109.51,73.38,3.172,2234,416,16,2,1,136625.7
Busoga|Buyende District,Buyende District,Busoga,2021-12,25.05,30.17,66.31,0.978,6041,247,22,21,5,430919.4
Lango|Dokolo District,Dokolo District,Lango,2021-12,25.61,15.98,52.98,0.304,11748,399,22,18,0,220795.1
Tooro|Fort Portal City,Fort Portal City,Tooro,2021-12,19.75,123.4,74.31,0.123,777,350,103,15,6,117478.1
South Buganda|Gomba District,Gomba District,South Buganda,2021-12,22.4,102.13,73.76,0.064,3179,104,16,7,1,175618.9
Acholi|Gulu City,Gulu City,Acholi,2021-12,26.85,13.98,42.22,0.151,4542,908,103,67,169,213215.8
Acholi|Gulu District,Gulu District,Acholi,2021-12,27.7,10.85,39.47,0.032,6942,203,13,6,19,120370.2
Bunyoro|Hoima City,Hoima City,Bunyoro,2021-12,23.63,95.41,69.74,0.111,2071,454,12,41,0,126453.6
Bunyoro|Hoima District,Hoima District,Bunyoro,2021-12,25.24,65.64,67.63,1.436,2341,130,38,8,14,259688.5
Ankole|Ibanda District,Ibanda District,Ankole,2021-12,21.87,114.88,69.26,0.049,10477,868,80,27,15,281129.8
Busoga|Iganga District,Iganga District,Busoga,2021-12,23.17,53.22,75.86,0.074,19389,2307,111,56,21,412868.9
Ankole|Isingiro District,Isingiro District,Ankole,2021-12,21.51,100.75,73.41,0.075,14370,2419,46,59,103,615015
Busoga|Jinja City,Jinja City,Busoga,2021-12,22.7,59.18,82.3,0.826,6147,415,115,28,1,273051.9
Busoga|Jinja District,Jinja District,Busoga,2021-12,22.75,54.83,80.63,0.123,9882,1010,48,7,19,247821
Karamoja|Kaabong District,Kaabong District,Karamoja,2021-12,23.91,8.79,46.11,0.018,4538,1151,17,5,1626,128248.6
Kigezi|Kabale District,Kabale District,Kigezi,2021-12,18.05,104.74,77.28,0.156,602,847,92,15,2,250912.6
Tooro|Kabarole District,Kabarole District,Tooro,2021-12,21.69,113.03,71.45,0.052,2402,228,96,18,0,226080.6
Teso|Kaberamaido District,Kaberamaido District,Teso,2021-12,25.52,19.46,58.78,0.825,7025,101,8,13,0,137523.2
Bunyoro|Kagadi District,Kagadi District,Bunyoro,2021-12,23.48,82.95,71.26,0.344,2785,220,94,34,10,443684.4
Bunyoro|Kakumiro District,Kakumiro District,Bunyoro,2021-12,23.78,81.35,61.06,0.055,5316,193,11,2,9,511797.8
Teso|Kalaki District,Kalaki District,Teso,2021-12,26.17,13.15,49.55,0.391,4615,86,9,8,0,143806
South Buganda|Kalangala District,Kalangala District,South Buganda,2021-12,23.91,161.3,73.45,3.068,1114,225,66,5,0,69310.1
Busoga|Kaliro District,Kaliro District,Busoga,2021-12,24.27,35.75,68.08,0.346,10865,811,124,11,28,297385.2
South Buganda|Kalungu District,Kalungu District,South Buganda,2021-12,22.48,90.53,77,0.208,3085,282,17,13,0,185791
Kampala|Kampala District,Kampala District,Kampala,2021-12,22,79.15,82.73,2.367,15377,3203,871,335,45,1705228.1
Busoga|Kamuli District,Kamuli District,Busoga,2021-12,23.42,45.43,75.45,0.096,28325,1742,193,46,6,569639.3
Tooro|Kamwenge District,Kamwenge District,Tooro,2021-12,22.01,109.51,69.79,0.053,15990,1310,28,26,118,346450.8
Kigezi|Kanungu District,Kanungu District,Kigezi,2021-12,20.77,140.33,78.12,0.185,5734,617,55,24,21,226080.6
Bugisu|Kapchorwa District,Kapchorwa District,Bugisu,2021-12,20.12,23.94,52.28,0.049,892,461,16,7,0,126852.5
Teso|Kapelebyong District,Kapelebyong District,Teso,2021-12,26.82,8.37,38.69,0.02,4328,299,11,8,0,106308.7
Karamoja|Karenga District,Karenga District,Karamoja,2021-12,23.7,10.03,47.13,0.022,2691,363,14,5,318,69709
Tooro|Kasese District,Kasese District,Tooro,2021-12,21.3,130.12,69.02,0.43,15735,2299,292,125,64,808185.8
North Buganda|Kassanda District,Kassanda District,North Buganda,2021-12,22.79,82.44,70.3,0.139,4169,75,4,29,5,319026
Teso|Katakwi District,Katakwi District,Teso,2021-12,26.71,9.86,40.54,0.179,14764,156,23,21,143,198954.9
North Buganda|Kayunga District,Kayunga District,North Buganda,2021-12,23.71,50.81,72.84,0.33,5987,443,13,38,0,413168
Ankole|Kazo District,Kazo District,Ankole,2021-12,22.34,87.5,68.85,0.045,8106,215,47,2,0,224385.2
Bunyoro|Kibaale District,Kibaale District,Bunyoro,2021-12,23.04,94.22,64.2,0.062,1375,119,28,51,18,209326.5
North Buganda|Kiboga District,Kiboga District,North Buganda,2021-12,24.31,64.48,62.62,0.047,4769,431,30,19,32,174721.3
Bukedi|Kibuku District,Kibuku District,Bukedi,2021-12,23.94,25.59,66.22,0.058,25220,372,66,2,0,258890.7
Bunyoro|Kikuube District,Kikuube District,Bunyoro,2021-12,24.53,72.9,69.85,1.097,13002,840,39,36,91,375571
Ankole|Kiruhura District,Kiruhura District,Ankole,2021-12,21.91,89.98,72.14,0.087,4419,405,26,5,0,191674.9
Bunyoro|Kiryandongo District,Kiryandongo District,Bunyoro,2021-12,26.4,43.76,49.42,0.06,6004,1469,65,25,91,321419.4
Kigezi|Kisoro District,Kisoro District,Kigezi,2021-12,17.04,146.34,81.4,0.143,962,678,167,21,41,320222.7
Tooro|Kitagwenda District,Kitagwenda District,Tooro,2021-12,22.73,119.02,64.66,0.318,3537,106,4,9,0,184095.6
Acholi|Kitgum District,Kitgum District,Acholi,2021-12,25.65,7.38,42.02,0.028,8700,581,87,45,21,226080.6
West Nile|Koboko District,Koboko District,West Nile,2021-12,26.66,31.76,46.08,0.038,7011,290,44,21,88,266968.6
Lango|Kole District,Kole District,Lango,2021-12,26.2,15.5,45.64,0.036,6093,425,9,14,1,291700.8
Karamoja|Kotido District,Kotido District,Karamoja,2021-12,25.02,7.03,42.34,0.012,8027,375,299,15,904,210323.8
Teso|Kumi District,Kumi District,Teso,2021-12,26.33,18.83,45.47,0.245,12681,213,30,28,44,292099.7
Lango|Kwania District,Kwania District,Lango,2021-12,25.44,19.38,57.89,0.496,5403,386,7,33,1,221991.8
Bugisu|Kween District,Kween District,Bugisu,2021-12,23.55,13.59,42.66,0.03,1571,490,44,,0,111993.2
North Buganda|Kyankwanzi District,Kyankwanzi District,North Buganda,2021-12,25.23,72.51,54.66,0.05,4152,159,30,8,10,295291
Tooro|Kyegegwa District,Kyegegwa District,Tooro,2021-12,22.5,86.74,66.21,0.053,4653,1713,99,11,191,474300.5
Tooro|Kyenjojo District,Kyenjojo District,Tooro,2021-12,22.12,94.56,71.05,0.053,8182,1899,52,53,39,543311.5
South Buganda|Kyotera District,Kyotera District,South Buganda,2021-12,22.92,101.66,77,0.97,10091,529,32,7,13,263777.3
Acholi|Lamwo District,Lamwo District,Acholi,2021-12,26.81,10.07,41.06,0.028,14546,1486,29,24,59,145002.7
Lango|Lira City,Lira City,Lango,2021-12,26.25,13.53,44.33,0.14,4523,361,89,89,10,249217.2
Lango|Lira District,Lira District,Lango,2021-12,26.51,13.08,43.43,0.028,4689,211,17,15,48,240441.3
Busoga|Luuka District,Luuka District,Busoga,2021-12,23.41,50.1,74.95,0.043,13312,418,26,18,0,271256.8
North Buganda|Luwero District,Luwero District,North Buganda,2021-12,22.73,70.39,76.96,0.064,12904,1279,118,15,20,533737.7
South Buganda|Lwengo District,Lwengo District,South Buganda,2021-12,22.06,82.39,75.58,0.048,5359,412,35,4,0,292099.7
South Buganda|Lyantonde District,Lyantonde District,South Buganda,2021-12,22.1,81.64,72.9,0.04,2254,321,30,10,0,113189.9
West Nile|Madi-Okollo District,Madi-Okollo District,West Nile,2021-12,28.45,20.69,44.13,0.085,7706,229,31,5,14,167840.2
Bugisu|Manafwa District,Manafwa District,Bugisu,2021-12,19.9,31.1,75.5,0.043,4496,620,58,8,1,178510.9
West Nile|Maracha District,Maracha District,West Nile,2021-12,26.1,32.62,46.94,0.03,9946,389,69,19,20,211620.2
South Buganda|Masaka City,Masaka City,South Buganda,2021-12,22.4,84.77,77.53,0.149,2547,439,35,31,7,228374.3
South Buganda|Masaka District,Masaka District,South Buganda,2021-12,23.25,96.5,76.04,1.841,2271,122,11,,1,122464.5
Bunyoro|Masindi District,Masindi District,Bunyoro,2021-12,25.97,56.52,53.9,0.05,3553,372,32,28,10,348345.6
Busoga|Mayuge District,Mayuge District,Busoga,2021-12,23.74,89.97,75.14,2.228,14432,449,43,24,46,580110.7
Bugisu|Mbale City,Mbale City,Bugisu,2021-12,21.35,29.79,70.38,0.065,7100,1032,66,56,0,328300.5
Bugisu|Mbale District,Mbale District,Bugisu,2021-12,20.56,32.08,73.51,0.045,8176,1603,19,2,3,274148.9
Ankole|Mbarara City,Mbarara City,Ankole,2021-12,21.45,103.99,69.4,0.124,843,695,31,44,0,225183.1
Ankole|Mbarara District,Mbarara District,Ankole,2021-12,21.34,118.2,69.88,0.053,950,213,45,3,13,172327.9
Ankole|Mitooma District,Mitooma District,Ankole,2021-12,20.4,179.17,75.05,0.042,2964,423,66,4,0,195364.8
North Buganda|Mityana District,Mityana District,North Buganda,2021-12,22.25,96.11,77.47,0.211,9637,666,40,16,5,367194
Karamoja|Moroto District,Moroto District,Karamoja,2021-12,24.32,6.33,43.08,0.013,4088,434,139,5,327,120868.9
West Nile|Moyo District,Moyo District,West Nile,2021-12,28.12,12.3,42.78,0.116,8671,536,33,8,23,111494.5
South Buganda|Mpigi District,Mpigi District,South Buganda,2021-12,22.62,100.05,77.67,0.734,2802,667,61,14,0,292099.7
North Buganda|Mubende District,Mubende District,North Buganda,2021-12,22.44,84.9,69.93,0.057,4922,174,153,24,8,581307.4
North Buganda|Mukono District,Mukono District,North Buganda,2021-12,23.29,102.28,76.98,1.805,9670,1749,128,25,21,718132.5
Karamoja|Nabilatuk District,Nabilatuk District,Karamoja,2021-12,25.91,6.21,39.66,0.014,3093,157,82,10,782,93543.7
Karamoja|Nakapiripirit District,Nakapiripirit District,Karamoja,2021-12,25.01,7.02,39.28,0.021,3784,255,8,13,451,117777.3
North Buganda|Nakaseke District,Nakaseke District,North Buganda,2021-12,24.4,62.06,62.61,0.047,5137,226,54,6,5,240740.4
North Buganda|Nakasongola District,Nakasongola District,North Buganda,2021-12,25.27,48.97,60.08,0.264,5508,635,27,10,0,220695.4
Busoga|Namayingo District,Namayingo District,Busoga,2021-12,24.03,87.32,72.94,2.908,15679,413,44,4,6,239942.6
Bugisu|Namisindwa District,Namisindwa District,Bugisu,2021-12,17.59,27.52,73.27,0.048,3272,108,83,7,0,236352.5
Busoga|Namutumba District,Namutumba District,Busoga,2021-12,23.46,38.84,73.47,0.035,14548,1525,289,10,1,315535.5
Karamoja|Napak District,Napak District,Karamoja,2021-12,25.84,7.01,40.21,0.012,6401,359,16,16,442,160560.1
West Nile|Nebbi District,Nebbi District,West Nile,2021-12,27.32,35.96,45.76,0.03,9916,474,150,97,16,289606.6
Teso|Ngora District,Ngora District,Teso,2021-12,26,15.74,52.1,0.309,7666,167,23,24,5,169535.5
Tooro|Ntoroko District,Ntoroko District,Tooro,2021-12,25.84,72.83,62.3,0.455,1004,57,8,,0,77487.7
Ankole|Ntungamo District,Ntungamo District,Ankole,2021-12,20.64,115.94,71.01,0.047,6178,638,19,31,1,548995.9
Acholi|Nwoya District,Nwoya District,Acholi,2021-12,27.33,27.58,46.31,0.077,5439,317,10,36,5,259090.2
West Nile|Obongi District,Obongi District,West Nile,2021-12,28.79,13.07,44.76,0.238,6284,673,14,43,27,50162.6
Acholi|Omoro District,Omoro District,Acholi,2021-12,26.81,15.93,41.9,0.043,7447,546,12,10,9,202445.4
Lango|Otuke District,Otuke District,Lango,2021-12,26.78,6.74,38.94,0.022,7133,233,14,4,8,138620.2
Lango|Oyam District,Oyam District,Lango,2021-12,26.26,20.68,45.65,0.045,12144,661,30,110,71,465026
Acholi|Pader District,Pader District,Acholi,2021-12,27.29,8.16,39.11,0.03,15467,698,42,13,6,199952.2
West Nile|Pakwach District,Pakwach District,West Nile,2021-12,28.39,24.21,50.44,0.258,7576,283,30,27,2,203542.3
Bukedi|Pallisa District,Pallisa District,Bukedi,2021-12,24.75,23.61,63.81,0.336,17323,406,38,13,1,367393.4
South Buganda|Rakai District,Rakai District,South Buganda,2021-12,21.66,90.1,79.16,0.136,11369,779,18,20,0,323912.6
Kigezi|Rubanda District,Rubanda District,Kigezi,2021-12,17.39,115.88,79.64,0.118,387,441,12,9,1,209725.4
Ankole|Rubirizi District,Rubirizi District,Ankole,2021-12,23.64,131.09,67.91,0.84,1910,107,6,3,0,146199.5
Kigezi|Rukiga District,Rukiga District,Kigezi,2021-12,19.42,106.02,73.67,0.036,1425,364,4,5,0,105710.4
Kigezi|Rukungiri District,Rukungiri District,Kigezi,2021-12,21.32,141.55,76.06,0.225,3797,735,105,23,5,335780.1
Ankole|Rwampara District,Rwampara District,Ankole,2021-12,20.71,132.34,71.68,0.043,322,188,2,5,0,146997.3
South Buganda|Sembabule District,Sembabule District,South Buganda,2021-12,22.56,83.48,70.41,0.042,5705,363,95,1,4,303069.7
Teso|Serere District,Serere District,Teso,2021-12,25.75,17.23,56.84,0.878,9434,169,13,17,0,372280.1
Ankole|Sheema District,Sheema District,Ankole,2021-12,20.45,162.82,75.04,0.052,369,258,15,29,7,221991.8
Bugisu|Sironko District,Sironko District,Bugisu,2021-12,18.71,28.22,69.86,0.052,5161,653,38,20,0,278935.8
Teso|Soroti City,Soroti City,Teso,2021-12,25.97,10.99,47.95,0.102,5946,202,71,50,0,71903
Teso|Soroti District,Soroti District,Teso,2021-12,26.16,11.41,46.52,0.145,9401,129,31,18,0,302969.9
West Nile|Terego District,Terego District,West Nile,2021-12,28.3,20.84,42.34,0.031,12490,645,23,24,60,238646.2
Bukedi|Tororo District,Tororo District,Bukedi,2021-12,22.54,40.2,68.51,0.034,27460,2002,105,58,35,609929
South Buganda|Wakiso District,Wakiso District,South Buganda,2021-12,22.6,91.02,79.58,1.139,20461,2001,483,42,12,3097214.5
West Nile|Yumbe District,Yumbe District,West Nile,2021-12,27.98,21.18,43.37,0.032,31883,1189,63,64,124,697389.3
West Nile|Zombo District,Zombo District,West Nile,2021-12,24.03,46.35,51.67,0.046,5992,1115,23,79,10,289905.7
Karamoja|Abim District,Abim District,Karamoja,2022-01,25.14,14.76,41.16,0.015,5284,156,29,16,108,172128.4
West Nile|Adjumani District,Adjumani District,West Nile,2022-01,27.79,16.08,39.67,0.056,19543,1085,73,46,173,238147.5
Acholi|Agago District,Agago District,Acholi,2022-01,25.63,14.57,41.62,0.02,11816,391,58,6,50,258092.9
Lango|Alebtong District,Alebtong District,Lango,2022-01,26.18,25.59,40.57,0.023,3672,161,27,39,0,278836.1
Lango|Amolatar District,Amolatar District,Lango,2022-01,25.41,42.97,57.26,1.559,6113,893,6,6,5,177513.7
Karamoja|Amudat District,Amudat District,Karamoja,2022-01,23.87,18.66,42.67,0.016,1579,312,14,11,264,145700.8
Teso|Amuria District,Amuria District,Teso,2022-01,25.68,30.63,42.36,0.022,8202,140,20,32,4,239842.9
Acholi|Amuru District,Amuru District,Acholi,2022-01,27.27,17.44,40.33,0.022,4862,503,16,9,7,226679
Lango|Apac District,Apac District,Lango,2022-01,25.66,42.43,49.65,0.158,5532,1094,25,32,4,241239.1
West Nile|Arua City,Arua City,West Nile,2022-01,25.77,24.15,40.5,0.045,3699,257,102,11,22,379061.5
West Nile|Arua District,Arua District,West Nile,2022-01,26.48,26.24,39.37,0.024,1701,52,2,1,17,163950.8
Bukedi|Budaka District,Budaka District,Bukedi,2022-01,23.41,78.06,55.4,0.03,13584,112,66,19,0,269262.3
Bugisu|Bududa District,Bududa District,Bugisu,2022-01,14.68,70.16,63.16,0.059,1547,839,167,7,7,293994.5
Busoga|Bugiri District,Bugiri District,Busoga,2022-01,22.65,120.7,71.78,0.098,16090,679,43,46,6,515986.3
Busoga|Bugweri District,Bugweri District,Busoga,2022-01,22.61,113.85,72.45,0.055,7807,179,32,1,0,200450.8
Ankole|Buhweju District,Buhweju District,Ankole,2022-01,20.33,53.24,66.58,0.064,686,500,7,7,2,152183.1
North Buganda|Buikwe District,Buikwe District,North Buganda,2022-01,22.66,149.98,74.72,0.568,11948,984,83,33,9,490057.4
Teso|Bukedea District,Bukedea District,Teso,2022-01,23.62,52.97,49.88,0.027,9142,293,13,6,2,279933.1
South Buganda|Bukomansimbi District,Bukomansimbi District,South Buganda,2022-01,22.83,73.18,63.8,0.039,4805,746,34,2,6,157468.6
Bugisu|Bukwo District,Bukwo District,Bugisu,2022-01,20.31,43.8,43.74,0.042,1055,1099,18,1,0,130642.1
Bugisu|Bulambuli District,Bulambuli District,Bugisu,2022-01,20.73,51.9,47.37,0.038,2552,759,114,10,10,252209
Bunyoro|Buliisa District,Buliisa District,Bunyoro,2022-01,26.66,28.24,55.76,1.405,2784,105,29,4,3,163252.7
Tooro|Bundibugyo District,Bundibugyo District,Tooro,2022-01,21.31,67.92,57.44,0.083,9387,674,149,33,153,277140.7
Tooro|Bunyangabu District,Bunyangabu District,Tooro,2022-01,19.75,62.87,64.73,0.055,1812,242,14,7,0,203243.2
Ankole|Bushenyi District,Bushenyi District,Ankole,2022-01,20.88,58.6,68.35,0.067,4300,697,28,25,8,242834.7
Bukedi|Busia District,Busia District,Bukedi,2022-01,22.34,126.09,70.82,0.161,18592,495,25,58,0,404691.3
Bukedi|Butaleja District,Butaleja District,Bukedi,2022-01,23.02,84.34,61.9,0.035,15354,675,226,18,0,320621.6
South Buganda|Butambala District,Butambala District,South Buganda,2022-01,22.64,137.16,65.52,0.046,4283,410,44,1,4,109699.5
Bukedi|Butebo District,Butebo District,Bukedi,2022-01,24.03,65.02,53.79,0.026,6509,134,29,4,0,123960.4
North Buganda|Buvuma District,Buvuma District,North Buganda,2022-01,24.16,227.36,68.89,3.172,2045,344,10,3,0,144903
Busoga|Buyende District,Buyende District,Busoga,2022-01,25.2,59.17,58.55,0.974,5161,282,20,24,3,448870.2
Lango|Dokolo District,Dokolo District,Lango,2022-01,25.48,36.61,48.96,0.299,8366,280,45,11,0,226479.5
Tooro|Fort Portal City,Fort Portal City,Tooro,2022-01,19.53,55.96,65.23,0.133,1253,547,164,10,3,119572.4
South Buganda|Gomba District,Gomba District,South Buganda,2022-01,23.11,77.19,60.18,0.063,5420,108,12,7,0,177713.1
Acholi|Gulu City,Gulu City,Acholi,2022-01,26.38,19.65,40.97,0.14,3742,883,124,96,30,219199.5
Acholi|Gulu District,Gulu District,Acholi,2022-01,26.92,16.01,40.44,0.019,5239,190,12,6,11,123362
Bunyoro|Hoima City,Hoima City,Bunyoro,2022-01,23.5,45.63,61.45,0.106,1799,451,101,27,0,130642.1
Bunyoro|Hoima District,Hoima District,Bunyoro,2022-01,25.13,31.25,61,1.432,1720,141,14,2,7,268265
Ankole|Ibanda District,Ibanda District,Ankole,2022-01,22.51,43.16,59.04,0.053,11102,869,36,17,10,285617.5
Busoga|Iganga District,Iganga District,Busoga,2022-01,23.05,110.26,69.03,0.074,18700,1005,98,51,14,424237.7
Ankole|Isingiro District,Isingiro District,Ankole,2022-01,21.97,62.59,63.1,0.076,25194,2978,92,67,172,635558.7
Busoga|Jinja City,Jinja City,Busoga,2022-01,22.53,140.5,75.45,0.826,6519,525,134,42,0,276741.8
Busoga|Jinja District,Jinja District,Busoga,2022-01,22.67,120.85,72.75,0.125,9448,694,64,2,7,251012.3
Karamoja|Kaabong District,Kaabong District,Karamoja,2022-01,23.45,14.8,44.3,0.014,3881,470,21,22,1011,131240.4
Kigezi|Kabale District,Kabale District,Kigezi,2022-01,18.61,65.97,68.56,0.166,803,814,71,21,4,253605.2
Tooro|Kabarole District,Kabarole District,Tooro,2022-01,21.67,49.5,61.51,0.059,2309,257,57,10,0,230468.6
Teso|Kaberamaido District,Kaberamaido District,Teso,2022-01,25.52,46.33,52.89,0.819,5678,138,15,13,0,143008.2
Bunyoro|Kagadi District,Kagadi District,Bunyoro,2022-01,23.6,40.78,60.92,0.339,2478,273,54,30,4,458444
Bunyoro|Kakumiro District,Kakumiro District,Bunyoro,2022-01,23.94,40.35,52.36,0.047,3962,264,32,9,7,554480.9
Teso|Kalaki District,Kalaki District,Teso,2022-01,25.83,40.88,46.97,0.385,4388,96,7,17,0,149191.3
South Buganda|Kalangala District,Kalangala District,South Buganda,2022-01,24.16,244.94,68.08,3.069,1259,84,52,1,0,71803.3
Busoga|Kaliro District,Kaliro District,Busoga,2022-01,24.39,78.98,59.88,0.344,11282,867,213,5,1,307158.5
South Buganda|Kalungu District,Kalungu District,South Buganda,2022-01,22.77,98.57,67.27,0.209,4045,491,19,4,2,187286.9
Kampala|Kampala District,Kampala District,Kampala,2022-01,22.07,130.39,73.9,2.367,16113,3964,810,425,24,1733849.7
Busoga|Kamuli District,Kamuli District,Busoga,2022-01,23.74,86.87,65.09,0.094,27180,2819,138,26,61,582105.2
Tooro|Kamwenge District,Kamwenge District,Tooro,2022-01,22.42,42,59.23,0.056,15388,3665,21,32,180,358517.8
Kigezi|Kanungu District,Kanungu District,Kigezi,2022-01,20.94,63.91,70.79,0.194,6626,957,97,28,21,230468.6
Bugisu|Kapchorwa District,Kapchorwa District,Bugisu,2022-01,19.66,57.94,48.4,0.046,581,461,29,18,0,130243.2
Teso|Kapelebyong District,Kapelebyong District,Teso,2022-01,25.99,27.14,39.87,0.015,2729,99,8,6,0,109200.8
Karamoja|Karenga District,Karenga District,Karamoja,2022-01,23.3,19.51,45.45,0.016,1948,481,48,6,272,71204.9
Tooro|Kasese District,Kasese District,Tooro,2022-01,21.69,45.3,62.3,0.434,23336,3308,312,111,79,824939.9
North Buganda|Kassanda District,Kassanda District,North Buganda,2022-01,23.33,58.13,57.9,0.136,3317,198,22,20,0,326106.6
Teso|Katakwi District,Katakwi District,Teso,2022-01,25.66,28.81,42.57,0.176,12173,211,20,21,17,204041
North Buganda|Kayunga District,Kayunga District,North Buganda,2022-01,24,84.99,62.79,0.327,7290,643,25,29,2,419650.3
Ankole|Kazo District,Kazo District,Ankole,2022-01,22.99,44.39,56.89,0.045,12550,193,57,,0,231964.5
Bunyoro|Kibaale District,Kibaale District,Bunyoro,2022-01,23.45,47.75,53.32,0.06,1564,195,29,10,10,221393.4
North Buganda|Kiboga District,Kiboga District,North Buganda,2022-01,24.64,68.19,51.75,0.039,3928,627,64,29,24,178810.1
Bukedi|Kibuku District,Kibuku District,Bukedi,2022-01,23.94,67.36,59.28,0.056,16666,194,73,5,0,268165.3
Bunyoro|Kikuube District,Kikuube District,Bunyoro,2022-01,24.51,34.23,61.56,1.092,9245,635,78,37,146,394120.2
Ankole|Kiruhura District,Kiruhura District,Ankole,2022-01,22.45,54.14,61.31,0.086,7088,179,2,,0,198157.1
Bunyoro|Kiryandongo District,Kiryandongo District,Bunyoro,2022-01,26.09,44.43,45.66,0.047,4406,1034,85,28,96,329896.2
Kigezi|Kisoro District,Kisoro District,Kigezi,2022-01,16.98,89.53,76.07,0.154,1215,773,254,17,38,325807.4
Tooro|Kitagwenda District,Kitagwenda District,Tooro,2022-01,23.3,39.31,55.74,0.324,4375,145,15,2,0,190677.6
Acholi|Kitgum District,Kitgum District,Acholi,2022-01,25.11,17.44,42.44,0.019,5731,516,59,18,12,229172.1
West Nile|Koboko District,Koboko District,West Nile,2022-01,26.54,28,38.67,0.029,5044,208,64,42,101,276741.8
Lango|Kole District,Kole District,Lango,2022-01,25.86,27.75,44.86,0.028,4056,291,24,21,5,299778.7
Karamoja|Kotido District,Kotido District,Karamoja,2022-01,24.25,14.38,42.75,0.01,6394,252,204,13,1165,214711.7
Teso|Kumi District,Kumi District,Teso,2022-01,25.36,46.3,46.18,0.243,13906,261,24,19,0,300377
Lango|Kwania District,Kwania District,Lango,2022-01,25.41,36.59,52.43,0.491,4277,1099,29,27,0,227975.4
Bugisu|Kween District,Kween District,Bugisu,2022-01,22.82,38.97,41.58,0.026,946,588,18,1,0,114885.2
North Buganda|Kyankwanzi District,Kyankwanzi District,North Buganda,2022-01,25.12,44.38,47.95,0.04,2199,157,25,2,12,308853.8
Tooro|Kyegegwa District,Kyegegwa District,Tooro,2022-01,23.13,50.27,53.59,0.054,6108,1563,119,29,146,511000
Tooro|Kyenjojo District,Kyenjojo District,Tooro,2022-01,22.24,48.03,60.71,0.055,6132,2831,83,56,29,562957.7
South Buganda|Kyotera District,Kyotera District,South Buganda,2022-01,23.06,168.29,71.27,0.974,15148,1083,106,3,4,267168
Acholi|Lamwo District,Lamwo District,Acholi,2022-01,26.09,16.34,42.29,0.018,8755,980,42,18,114,146398.9
Lango|Lira City,Lira City,Lango,2022-01,25.85,31.09,43.99,0.135,2863,343,81,75,17,255300.5
Lango|Lira District,Lira District,Lango,2022-01,26.02,27.02,43.5,0.022,3273,162,17,14,34,246923.5
Busoga|Luuka District,Luuka District,Busoga,2022-01,23.51,102.6,66.28,0.042,15104,528,61,19,0,276043.7
North Buganda|Luwero District,Luwero District,North Buganda,2022-01,23.05,86.08,65.39,0.062,9355,1111,135,59,18,545206.3
South Buganda|Lwengo District,Lwengo District,South Buganda,2022-01,22.38,74.33,65.88,0.048,8476,577,103,12,2,294393.4
South Buganda|Lyantonde District,Lyantonde District,South Buganda,2022-01,22.76,55.8,61.03,0.04,3980,301,82,24,0,116181.7
West Nile|Madi-Okollo District,Madi-Okollo District,West Nile,2022-01,27.86,15.42,39.13,0.071,6559,207,37,12,13,172327.9
Bugisu|Manafwa District,Manafwa District,Bugisu,2022-01,19.83,89.03,68.64,0.044,4265,742,90,,0,182200.8
West Nile|Maracha District,Maracha District,West Nile,2022-01,25.97,28.19,39.77,0.022,10545,558,18,21,7,215210.4
South Buganda|Masaka City,Masaka City,South Buganda,2022-01,22.48,99.93,69.41,0.151,2629,423,61,29,9,232363.4
South Buganda|Masaka District,Masaka District,South Buganda,2022-01,23.38,155.4,70.23,1.843,2938,374,7,1,4,124957.7
Bunyoro|Masindi District,Masindi District,Bunyoro,2022-01,25.65,55.21,49,0.037,2421,331,34,30,23,357121.6
Busoga|Mayuge District,Mayuge District,Busoga,2022-01,23.55,172.78,71.27,2.229,12427,362,50,22,4,596765
Bugisu|Mbale City,Mbale City,Bugisu,2022-01,21.32,80.93,63.26,0.065,7207,899,76,40,0,338073.8
Bugisu|Mbale District,Mbale District,Bugisu,2022-01,20.61,88.5,66.24,0.047,7087,1240,33,5,0,282027.3
Ankole|Mbarara City,Mbarara City,Ankole,2022-01,22.03,49.73,58.97,0.123,1158,781,57,70,0,229172.1
Ankole|Mbarara District,Mbarara District,Ankole,2022-01,21.85,47.1,60.52,0.055,1668,384,67,16,10,175818.3
Ankole|Mitooma District,Mitooma District,Ankole,2022-01,20.8,58.06,66.99,0.048,3197,462,9,8,0,196960.4
North Buganda|Mityana District,Mityana District,North Buganda,2022-01,22.6,105.19,65.48,0.211,7582,710,84,14,26,372579.2
Karamoja|Moroto District,Moroto District,Karamoja,2022-01,23.54,11.35,42.83,0.011,3121,419,29,17,472,123461.7
West Nile|Moyo District,Moyo District,West Nile,2022-01,27.5,11.47,39.48,0.104,7741,589,55,17,14,113788.3
South Buganda|Mpigi District,Mpigi District,South Buganda,2022-01,22.89,144.53,68.08,0.736,3121,1076,60,18,0,298282.8
North Buganda|Mubende District,Mubende District,North Buganda,2022-01,23.11,49.19,56.82,0.054,4827,261,93,26,23,610228.1
North Buganda|Mukono District,Mukono District,North Buganda,2022-01,23.51,201.76,69.8,1.806,11835,1992,154,18,4,736781.4
Karamoja|Nabilatuk District,Nabilatuk District,Karamoja,2022-01,24.76,21.02,41.36,0.013,2535,233,53,38,553,97931.7
Karamoja|Nakapiripirit District,Nakapiripirit District,Karamoja,2022-01,23.93,25.23,40.69,0.018,3290,453,1,11,722,122663.9
North Buganda|Nakaseke District,Nakaseke District,North Buganda,2022-01,24.49,73.91,53.19,0.039,3177,192,81,37,1,247521.9
North Buganda|Nakasongola District,Nakasongola District,North Buganda,2022-01,25.19,63.33,53.01,0.257,4449,547,85,5,0,226679
Busoga|Namayingo District,Namayingo District,Busoga,2022-01,23.81,167.49,70.07,2.908,14858,403,30,13,12,243333.3
Bugisu|Namisindwa District,Namisindwa District,Bugisu,2022-01,17.38,86.03,66.57,0.051,3132,143,170,12,0,241837.4
Busoga|Namutumba District,Namutumba District,Busoga,2022-01,23.44,84.59,66.57,0.034,10956,1446,63,9,5,325408.5
Karamoja|Napak District,Napak District,Karamoja,2022-01,24.84,17.51,41.64,0.01,4350,259,21,29,437,163153
West Nile|Nebbi District,Nebbi District,West Nile,2022-01,26.41,24.88,42.93,0.019,8787,582,183,98,10,297485
Teso|Ngora District,Ngora District,Teso,2022-01,25.24,49.13,50.63,0.308,6583,380,46,18,3,173823.8
Tooro|Ntoroko District,Ntoroko District,Tooro,2022-01,25.85,30.41,52.61,0.449,924,55,12,,2,78983.6
Ankole|Ntungamo District,Ntungamo District,Ankole,2022-01,21.22,56.13,61.57,0.051,9534,1311,30,27,0,558370.2
Acholi|Nwoya District,Nwoya District,Acholi,2022-01,26.83,27.99,43.44,0.063,4632,377,18,43,2,285019.1
West Nile|Obongi District,Obongi District,West Nile,2022-01,28.34,11.07,39.52,0.224,4098,309,11,12,82,51159.8
Acholi|Omoro District,Omoro District,Acholi,2022-01,26.26,20.3,41.96,0.029,3778,326,14,12,7,209027.3
Lango|Otuke District,Otuke District,Lango,2022-01,26.17,21,39.45,0.016,5205,309,6,5,8,144304.6
Lango|Oyam District,Oyam District,Lango,2022-01,25.93,28.42,44.27,0.036,9195,733,53,129,91,477691.3
Acholi|Pader District,Pader District,Acholi,2022-01,26.46,15.59,41.59,0.02,10169,730,47,7,18,203143.4
West Nile|Pakwach District,Pakwach District,West Nile,2022-01,27.85,19.23,45.53,0.246,6357,221,46,27,3,210922.1
Bukedi|Pallisa District,Pallisa District,Bukedi,2022-01,24.69,67.51,56.78,0.334,12178,264,32,29,6,382651.6
South Buganda|Rakai District,Rakai District,South Buganda,2022-01,21.94,86.68,70.13,0.138,15556,1548,18,13,1,330993.2
Kigezi|Rubanda District,Rubanda District,Kigezi,2022-01,17.51,71.78,73.39,0.126,426,759,19,4,5,211321
Ankole|Rubirizi District,Rubirizi District,Ankole,2022-01,24.36,39.29,59.45,0.844,3141,253,12,,0,148692.6
Kigezi|Rukiga District,Rukiga District,Kigezi,2022-01,20.05,59.74,64.39,0.042,1313,678,8,10,0,106408.5
Kigezi|Rukungiri District,Rukungiri District,Kigezi,2022-01,21.73,56.79,67.88,0.232,5924,1326,102,20,8,338472.7
Ankole|Rwampara District,Rwampara District,Ankole,2022-01,21.15,58.3,62.55,0.048,675,386,2,9,0,150088.8
South Buganda|Sembabule District,Sembabule District,South Buganda,2022-01,23.3,56.7,57.72,0.041,7857,258,45,1,4,310848.4
Teso|Serere District,Serere District,Teso,2022-01,25.47,48.68,52.31,0.875,7986,347,23,30,0,386441.3
Ankole|Sheema District,Sheema District,Ankole,2022-01,20.78,58.02,67.47,0.057,638,598,19,18,2,223886.6
Bugisu|Sironko District,Sironko District,Bugisu,2022-01,18.49,67.53,62.12,0.053,5003,447,13,19,0,284420.8
Teso|Soroti City,Soroti City,Teso,2022-01,25.24,52.57,47.59,0.098,5996,163,83,51,0,74595.6
Teso|Soroti District,Soroti District,Teso,2022-01,25.42,42.14,46.53,0.14,7712,114,13,20,0,312743.2
West Nile|Terego District,Terego District,West Nile,2022-01,27.9,16.97,36.95,0.018,10179,1008,35,24,74,244629.8
Bukedi|Tororo District,Tororo District,Bukedi,2022-01,22.31,96.78,63.97,0.035,31053,1915,132,125,12,623990.4
South Buganda|Wakiso District,Wakiso District,South Buganda,2022-01,22.77,159.13,70.81,1.141,19477,2132,423,68,22,3298961.7
West Nile|Yumbe District,Yumbe District,West Nile,2022-01,27.68,15.8,37.06,0.019,27568,976,92,63,153,734388
West Nile|Zombo District,Zombo District,West Nile,2022-01,23.74,40.31,45.49,0.037,6646,1386,48,44,30,297684.4
Karamoja|Abim District,Abim District,Karamoja,2022-02,26.15,16.74,40.01,0.015,4433,219,104,13,193,172600
West Nile|Adjumani District,Adjumani District,West Nile,2022-02,28.79,11.98,33.19,0.051,20758,1682,142,44,222,238800
Acholi|Agago District,Agago District,Acholi,2022-02,26.54,15.02,39.22,0.02,12349,368,74,,23,258800
Lango|Alebtong District,Alebtong District,Lango,2022-02,26.99,40.77,42.74,0.022,7080,302,21,37,0,279600
Lango|Amolatar District,Amolatar District,Lango,2022-02,25.53,52.77,61.88,1.555,6748,534,17,4,0,178000
Karamoja|Amudat District,Amudat District,Karamoja,2022-02,25.41,18.83,39.4,0.016,1164,195,16,10,344,146100
Teso|Amuria District,Amuria District,Teso,2022-02,26.45,42.09,46.11,0.019,7011,241,28,24,0,240500
Acholi|Amuru District,Amuru District,Acholi,2022-02,28.33,13.27,34.11,0.018,7248,507,62,7,33,227300
Lango|Apac District,Apac District,Lango,2022-02,26.36,49.96,50.99,0.151,5054,825,30,24,0,241900
West Nile|Arua City,Arua City,West Nile,2022-02,26.98,19.98,31.92,0.039,5474,262,126,11,16,380100
West Nile|Arua District,Arua District,West Nile,2022-02,27.39,18.15,32.38,0.017,2485,75,4,6,27,164400
Bukedi|Budaka District,Budaka District,Bukedi,2022-02,23.8,112.08,59.02,0.03,11536,616,21,11,0,270000
Bugisu|Bududa District,Bududa District,Bugisu,2022-02,14.86,111.62,67.09,0.057,1666,1312,168,2,10,294800
Busoga|Bugiri District,Bugiri District,Busoga,2022-02,22.79,160.06,77.02,0.095,12811,848,48,30,16,517400
Busoga|Bugweri District,Bugweri District,Busoga,2022-02,22.79,153.15,77.06,0.052,6442,256,26,8,0,201000
Ankole|Buhweju District,Buhweju District,Ankole,2022-02,20.58,115.68,65.78,0.057,410,560,6,5,1,152600
North Buganda|Buikwe District,Buikwe District,North Buganda,2022-02,22.65,171.02,79.58,0.562,10458,1176,69,46,14,491400
Teso|Bukedea District,Bukedea District,Teso,2022-02,24.31,60.79,53.25,0.025,8295,162,13,20,0,280700
South Buganda|Bukomansimbi District,Bukomansimbi District,South Buganda,2022-02,22.85,74.3,69.38,0.03,2997,665,11,1,5,157900
Bugisu|Bukwo District,Bukwo District,Bugisu,2022-02,21.14,59.07,43.95,0.038,713,1163,39,,0,131000
Bugisu|Bulambuli District,Bulambuli District,Bugisu,2022-02,21.41,57.79,49.74,0.034,1799,994,53,7,7,252900
Bunyoro|Buliisa District,Buliisa District,Bunyoro,2022-02,27.38,26.34,53.41,1.402,8909,242,65,7,4,163700
Tooro|Bundibugyo District,Bundibugyo District,Tooro,2022-02,22.38,62.97,50.21,0.081,14788,1227,283,31,180,277900
Tooro|Bunyangabu District,Bunyangabu District,Tooro,2022-02,20.7,68.72,57.91,0.048,3610,523,83,8,0,203800
Ankole|Bushenyi District,Bushenyi District,Ankole,2022-02,21.24,117.93,66.32,0.064,3892,925,33,29,2,243500
Bukedi|Busia District,Busia District,Bukedi,2022-02,22.31,173.39,77.75,0.162,18094,672,60,40,10,405800
Bukedi|Butaleja District,Butaleja District,Bukedi,2022-02,23.26,134.43,65.89,0.033,9453,618,196,32,0,321500
South Buganda|Butambala District,Butambala District,South Buganda,2022-02,22.64,88.27,72.95,0.038,3150,460,34,3,0,110000
Bukedi|Butebo District,Butebo District,Bukedi,2022-02,24.4,99.63,58.21,0.026,4514,252,30,6,0,124300
North Buganda|Buvuma District,Buvuma District,North Buganda,2022-02,23.74,152.85,73.05,3.172,2151,454,32,3,1,145300
Busoga|Buyende District,Buyende District,Busoga,2022-02,25.22,82.14,62.79,0.97,5083,416,42,11,10,450100
Lango|Dokolo District,Dokolo District,Lango,2022-02,25.88,64.28,55.08,0.297,7401,426,55,11,1,227100
Tooro|Fort Portal City,Fort Portal City,Tooro,2022-02,20.63,51.68,56.44,0.124,1035,685,166,10,2,119900
South Buganda|Gomba District,Gomba District,South Buganda,2022-02,23.24,78.2,65.26,0.054,3182,136,8,8,2,178200
Acholi|Gulu City,Gulu City,Acholi,2022-02,27.35,16.06,36.76,0.133,3833,1506,173,25,135,219800
Acholi|Gulu District,Gulu District,Acholi,2022-02,27.87,15.15,35.31,0.017,6134,231,35,2,12,123700
Bunyoro|Hoima City,Hoima City,Bunyoro,2022-02,24.67,51.99,54.92,0.096,1325,741,70,23,0,131000
Bunyoro|Hoima District,Hoima District,Bunyoro,2022-02,26.04,33.04,56.44,1.428,2108,176,33,5,10,269000
Ankole|Ibanda District,Ibanda District,Ankole,2022-02,23.29,77.49,54.7,0.045,7869,465,165,20,0,286400
Busoga|Iganga District,Iganga District,Busoga,2022-02,23.17,142.4,74.24,0.071,17591,1254,75,31,15,425400
Ankole|Isingiro District,Isingiro District,Ankole,2022-02,22.12,91.54,65.22,0.072,20759,3074,63,53,143,637300
Busoga|Jinja City,Jinja City,Busoga,2022-02,22.6,173.74,80.41,0.822,6137,693,173,55,0,277500
Busoga|Jinja District,Jinja District,Busoga,2022-02,22.79,155.69,78.18,0.12,9239,706,75,2,11,251700
Karamoja|Kaabong District,Kaabong District,Karamoja,2022-02,25.1,10.45,36.9,0.013,3710,587,74,18,713,131600
Kigezi|Kabale District,Kabale District,Kigezi,2022-02,18.5,141.47,72.82,0.163,646,1259,74,21,4,254300
Tooro|Kabarole District,Kabarole District,Tooro,2022-02,22.89,48.13,53.02,0.051,3186,373,55,5,0,231100
Teso|Kaberamaido District,Kaberamaido District,Teso,2022-02,25.57,68.49,60.22,0.815,5239,171,32,18,0,143400
Bunyoro|Kagadi District,Kagadi District,Bunyoro,2022-02,24.81,38.94,53.61,0.329,8507,683,76,42,27,459700
Bunyoro|Kakumiro District,Kakumiro District,Bunyoro,2022-02,24.91,53.31,48.06,0.035,6894,558,104,23,30,556000
Teso|Kalaki District,Kalaki District,Teso,2022-02,26.15,60.07,53.33,0.384,3418,71,12,13,0,149600
South Buganda|Kalangala District,Kalangala District,South Buganda,2022-02,23.75,138.09,72.04,3.069,660,89,27,1,1,72000
Busoga|Kaliro District,Kaliro District,Busoga,2022-02,24.4,114.96,65.59,0.342,9358,923,120,2,2,308000
South Buganda|Kalungu District,Kalungu District,South Buganda,2022-02,22.77,79.87,73.16,0.199,2941,595,27,15,0,187800
Kampala|Kampala District,Kampala District,Kampala,2022-02,22.2,130.82,79.05,2.366,14938,5236,763,442,63,1738600
Busoga|Kamuli District,Kamuli District,Busoga,2022-02,24.07,123.18,67.82,0.086,23084,3752,141,37,60,583700
Tooro|Kamwenge District,Kamwenge District,Tooro,2022-02,23.59,62.29,52.6,0.047,16237,3944,40,32,226,359500
Kigezi|Kanungu District,Kanungu District,Kigezi,2022-02,21.57,104.44,67.34,0.188,5704,1164,81,25,20,231100
Bugisu|Kapchorwa District,Kapchorwa District,Bugisu,2022-02,20.39,60.18,49.35,0.044,637,526,121,9,0,130600
Teso|Kapelebyong District,Kapelebyong District,Teso,2022-02,26.84,32.34,42.38,0.014,3090,206,5,14,0,109500
Karamoja|Karenga District,Karenga District,Karamoja,2022-02,24.98,11.61,36.66,0.013,2140,336,12,8,332,71400
Tooro|Kasese District,Kasese District,Tooro,2022-02,21.91,73.9,61.37,0.429,25725,4317,398,114,100,827200
North Buganda|Kassanda District,Kassanda District,North Buganda,2022-02,23.51,63.28,62.36,0.127,5443,253,12,15,1,327000
Teso|Katakwi District,Katakwi District,Teso,2022-02,26.4,31.91,46.48,0.175,10798,244,79,14,0,204600
North Buganda|Kayunga District,Kayunga District,North Buganda,2022-02,24.26,111.82,65.7,0.321,8449,1207,19,23,0,420800
Ankole|Kazo District,Kazo District,Ankole,2022-02,24,63.36,52.63,0.038,8956,179,31,,0,232600
Bunyoro|Kibaale District,Kibaale District,Bunyoro,2022-02,24.4,54.81,48.6,0.046,1598,375,41,8,10,222000
North Buganda|Kiboga District,Kiboga District,North Buganda,2022-02,25.1,89.93,54.15,0.032,4672,911,68,26,5,179300
Bukedi|Kibuku District,Kibuku District,Bukedi,2022-02,24.14,112.22,64.35,0.056,13937,313,38,6,0,268900
Bunyoro|Kikuube District,Kikuube District,Bunyoro,2022-02,25.55,34.62,55.48,1.085,12701,688,76,38,121,395200
Ankole|Kiruhura District,Kiruhura District,Ankole,2022-02,23.04,76.4,60.21,0.077,5481,217,36,3,1,198700
Bunyoro|Kiryandongo District,Kiryandongo District,Bunyoro,2022-02,26.9,42.61,44.6,0.039,5217,1335,195,23,79,330800
Kigezi|Kisoro District,Kisoro District,Kigezi,2022-02,17.05,212.58,77.62,0.149,755,1226,193,10,69,326700
Tooro|Kitagwenda District,Kitagwenda District,Tooro,2022-02,24.03,78.82,51.63,0.316,4222,226,24,2,3,191200
Acholi|Kitgum District,Kitgum District,Acholi,2022-02,26.31,14.63,35.9,0.018,6849,741,122,26,30,229800
West Nile|Koboko District,Koboko District,West Nile,2022-02,27.91,14.6,28.8,0.02,5679,315,24,45,146,277500
Lango|Kole District,Kole District,Lango,2022-02,26.58,43.15,46.57,0.023,3598,542,10,29,8,300600
Karamoja|Kotido District,Kotido District,Karamoja,2022-02,25.52,10.05,39.15,0.009,4594,328,182,18,1290,215300
Teso|Kumi District,Kumi District,Teso,2022-02,25.88,64.6,51.2,0.242,14964,517,28,32,3,301200
Lango|Kwania District,Kwania District,Lango,2022-02,25.91,59.05,56.6,0.486,4275,1239,28,26,0,228600
Bugisu|Kween District,Kween District,Bugisu,2022-02,23.9,45.71,40.89,0.023,693,377,17,,0,115200
North Buganda|Kyankwanzi District,Kyankwanzi District,North Buganda,2022-02,25.97,62.65,46.01,0.03,3991,428,13,4,29,309700
Tooro|Kyegegwa District,Kyegegwa District,Tooro,2022-02,24.04,61.56,50.16,0.043,5719,2525,120,30,139,512400
Tooro|Kyenjojo District,Kyenjojo District,Tooro,2022-02,23.46,50.48,52.93,0.046,8308,5424,109,52,54,564500
South Buganda|Kyotera District,Kyotera District,South Buganda,2022-02,22.89,120.21,74.49,0.969,9892,987,91,19,0,267900
Acholi|Lamwo District,Lamwo District,Acholi,2022-02,27.11,15.03,35.19,0.018,8556,975,53,13,83,146800
Lango|Lira City,Lira City,Lango,2022-02,26.53,44.06,46.6,0.132,2936,614,168,80,27,256000
Lango|Lira District,Lira District,Lango,2022-02,26.74,40.7,45.47,0.021,3232,216,13,20,46,247600
Busoga|Luuka District,Luuka District,Busoga,2022-02,23.59,137.76,71.87,0.038,12726,442,33,11,3,276800
North Buganda|Luwero District,Luwero District,North Buganda,2022-02,23.47,127.63,68.21,0.054,9218,2244,155,22,52,546700
South Buganda|Lwengo District,Lwengo District,South Buganda,2022-02,22.5,75.64,69.51,0.041,5353,605,82,4,0,295200
South Buganda|Lyantonde District,Lyantonde District,South Buganda,2022-02,23.35,67.22,60.97,0.031,2440,330,48,13,1,116500
West Nile|Madi-Okollo District,Madi-Okollo District,West Nile,2022-02,28.59,14.37,34.21,0.066,7161,274,73,16,56,172800
Bugisu|Manafwa District,Manafwa District,Bugisu,2022-02,19.75,121.38,73.9,0.041,3432,505,91,4,0,182700
West Nile|Maracha District,Maracha District,West Nile,2022-02,27.35,18.76,30.11,0.015,12002,565,41,27,8,215800
South Buganda|Masaka City,Masaka City,South Buganda,2022-02,22.51,78.5,74.5,0.143,2270,567,46,12,6,233000
South Buganda|Masaka District,Masaka District,South Buganda,2022-02,23.21,105.74,74.17,1.839,1849,235,14,2,3,125300
Bunyoro|Masindi District,Masindi District,Bunyoro,2022-02,26.53,52.8,46.23,0.029,4317,637,79,29,16,358100
Busoga|Mayuge District,Mayuge District,Busoga,2022-02,23.36,161.76,75.37,2.228,12673,675,104,19,15,598400
Bugisu|Mbale City,Mbale City,Bugisu,2022-02,21.64,95.78,66.36,0.066,5744,1057,50,39,4,339000
Bugisu|Mbale District,Mbale District,Bugisu,2022-02,20.69,106.64,70.4,0.045,6076,1042,17,6,0,282800
Ankole|Mbarara City,Mbarara City,Ankole,2022-02,22.56,87.96,57.72,0.119,877,1237,234,84,0,229800
Ankole|Mbarara District,Mbarara District,Ankole,2022-02,22.32,87.68,59.46,0.046,1636,461,25,4,2,176300
Ankole|Mitooma District,Mitooma District,Ankole,2022-02,21.47,113.26,62.55,0.043,2666,575,4,2,1,197500
North Buganda|Mityana District,Mityana District,North Buganda,2022-02,22.72,87.7,71.4,0.201,7433,1160,98,29,19,373600
Karamoja|Moroto District,Moroto District,Karamoja,2022-02,25.28,10.12,36.73,0.011,2784,302,49,7,397,123800
West Nile|Moyo District,Moyo District,West Nile,2022-02,28.39,9.78,31.64,0.101,6971,632,42,14,28,114100
South Buganda|Mpigi District,Mpigi District,South Buganda,2022-02,22.85,85.86,74.26,0.73,2542,1147,67,11,0,299100
North Buganda|Mubende District,Mubende District,North Buganda,2022-02,23.76,60.86,56.41,0.045,5900,549,132,56,12,611900
North Buganda|Mukono District,Mukono District,North Buganda,2022-02,23.28,145.48,74.93,1.804,10643,2912,231,21,9,738800
Karamoja|Nabilatuk District,Nabilatuk District,Karamoja,2022-02,26.12,20.74,40.3,0.013,1935,173,41,3,837,98200
Karamoja|Nakapiripirit District,Nakapiripirit District,Karamoja,2022-02,25.24,26.66,39.41,0.018,2902,185,0,6,540,123000
North Buganda|Nakaseke District,Nakaseke District,North Buganda,2022-02,25.13,102.28,54.56,0.031,2294,529,101,31,12,248200
North Buganda|Nakasongola District,Nakasongola District,North Buganda,2022-02,25.67,72.73,54.16,0.251,4375,1120,61,4,5,227300
Busoga|Namayingo District,Namayingo District,Busoga,2022-02,23.57,169.35,73.92,2.908,12936,366,49,12,50,244000
Bugisu|Namisindwa District,Namisindwa District,Bugisu,2022-02,17.4,122.65,72.09,0.046,2667,124,97,8,0,242500
Busoga|Namutumba District,Namutumba District,Busoga,2022-02,23.6,144.31,71.14,0.032,7932,1134,48,13,9,326300
Karamoja|Napak District,Napak District,Karamoja,2022-02,26.07,16.7,40.71,0.009,3958,338,217,25,450,163600
West Nile|Nebbi District,Nebbi District,West Nile,2022-02,27.09,16.67,40.37,0.013,10563,567,223,55,14,298300
Teso|Ngora District,Ngora District,Teso,2022-02,25.61,70.07,56.75,0.306,6205,176,76,21,1,174300
Tooro|Ntoroko District,Ntoroko District,Tooro,2022-02,26.97,28.12,46.98,0.443,1356,87,42,16,1,79200
Ankole|Ntungamo District,Ntungamo District,Ankole,2022-02,21.4,110.25,63.61,0.048,8654,1474,38,42,0,559900
Acholi|Nwoya District,Nwoya District,Acholi,2022-02,27.84,21.13,39.83,0.057,5921,612,25,43,36,285800
West Nile|Obongi District,Obongi District,West Nile,2022-02,29.26,11.19,32.53,0.218,6308,509,35,12,120,51300
Acholi|Omoro District,Omoro District,Acholi,2022-02,27.22,19.33,38.72,0.024,5136,460,14,19,12,209600
Lango|Otuke District,Otuke District,Lango,2022-02,27,26.49,40.3,0.016,5547,255,11,8,11,144700
Lango|Oyam District,Oyam District,Lango,2022-02,26.85,36.37,43.14,0.031,9184,908,77,89,98,479000
Acholi|Pader District,Pader District,Acholi,2022-02,27.36,18.11,37.97,0.02,9634,800,66,13,32,203700
West Nile|Pakwach District,Pakwach District,West Nile,2022-02,28.55,13.95,42.69,0.241,8036,255,50,26,5,211500
Bukedi|Pallisa District,Pallisa District,Bukedi,2022-02,24.76,101.87,63.31,0.332,10801,342,40,10,3,383700
South Buganda|Rakai District,Rakai District,South Buganda,2022-02,21.86,92.54,74.3,0.131,12330,1838,28,8,0,331900
Kigezi|Rubanda District,Rubanda District,Kigezi,2022-02,17.57,158.3,76.04,0.124,324,1026,17,11,0,211900
Ankole|Rubirizi District,Rubirizi District,Ankole,2022-02,24.9,82.22,56,0.839,2893,198,18,5,0,149100
Kigezi|Rukiga District,Rukiga District,Kigezi,2022-02,20.11,128.22,67.4,0.037,1044,548,8,6,0,106700
Kigezi|Rukungiri District,Rukungiri District,Kigezi,2022-02,22.44,96.73,63.61,0.228,4428,1660,120,26,1,339400
Ankole|Rwampara District,Rwampara District,Ankole,2022-02,21.51,119.63,62.89,0.043,480,668,7,5,0,150500
South Buganda|Sembabule District,Sembabule District,South Buganda,2022-02,23.68,68.76,59.76,0.032,5748,555,90,3,0,311700
Teso|Serere District,Serere District,Teso,2022-02,25.55,72.8,59.08,0.872,9222,407,23,24,0,387500
Ankole|Sheema District,Sheema District,Ankole,2022-02,20.96,113.01,68.52,0.052,671,1118,38,3,1,224500
Bugisu|Sironko District,Sironko District,Bugisu,2022-02,18.93,83.89,64.57,0.047,4251,565,26,11,0,285200
Teso|Soroti City,Soroti City,Teso,2022-02,25.71,82.88,53.77,0.098,5183,385,50,16,0,74800
Teso|Soroti District,Soroti District,Teso,2022-02,25.94,60.97,52.28,0.137,7633,199,16,13,1,313600
West Nile|Terego District,Terego District,West Nile,2022-02,28.9,16.61,29.22,0.011,12482,1500,123,47,107,245300
Bukedi|Tororo District,Tororo District,Bukedi,2022-02,22.25,161.7,70.26,0.035,15414,1824,118,126,25,625700
South Buganda|Wakiso District,Wakiso District,South Buganda,2022-02,22.77,111.6,76.17,1.137,16634,2540,575,55,20,3308000
West Nile|Yumbe District,Yumbe District,West Nile,2022-02,28.8,13.34,28.31,0.013,25631,1259,222,39,207,736400
West Nile|Zombo District,Zombo District,West Nile,2022-02,24.85,21.88,38.17,0.027,6333,1293,63,39,11,298500
Karamoja|Abim District,Abim District,Karamoja,2022-03,26.85,47.68,39.93,0.011,5841,168,45,11,186,172128.4
West Nile|Adjumani District,Adjumani District,West Nile,2022-03,28.88,61.78,44.81,0.052,21397,1357,115,56,137,238147.5
Acholi|Agago District,Agago District,Acholi,2022-03,27.06,61.48,42.03,0.016,10973,402,120,8,12,258092.9
Lango|Alebtong District,Alebtong District,Lango,2022-03,27.13,67.65,46.45,0.019,13967,372,53,25,8,278836.1
Lango|Amolatar District,Amolatar District,Lango,2022-03,26.11,58.18,62.27,1.555,9251,1058,21,5,0,177513.7
Karamoja|Amudat District,Amudat District,Karamoja,2022-03,25.99,36.89,37.87,0.015,1722,405,19,6,360,145700.8
Teso|Amuria District,Amuria District,Teso,2022-03,26.92,73.26,46.86,0.017,7829,417,37,32,0,239842.9
Acholi|Amuru District,Amuru District,Acholi,2022-03,28.35,67.59,44.99,0.019,12352,450,37,4,26,226679
Lango|Apac District,Apac District,Lango,2022-03,26.52,74.72,55.17,0.151,6654,1363,42,32,7,241239.1
West Nile|Arua City,Arua City,West Nile,2022-03,26.69,91.33,47.19,0.04,5634,320,112,17,27,379061.5
West Nile|Arua District,Arua District,West Nile,2022-03,27.19,96.24,47.05,0.02,2696,113,4,15,30,163950.8
Bukedi|Budaka District,Budaka District,Bukedi,2022-03,24.47,108.33,55.85,0.033,21150,282,44,22,0,269262.3
Bugisu|Bududa District,Bududa District,Bugisu,2022-03,15.53,112.38,64.29,0.054,2385,1247,209,,8,293994.5
Busoga|Bugiri District,Bugiri District,Busoga,2022-03,23.48,119.89,73.74,0.098,21991,1359,70,19,9,515986.3
Busoga|Bugweri District,Bugweri District,Busoga,2022-03,23.44,110.1,74.7,0.056,8171,244,39,1,0,200450.8
Ankole|Buhweju District,Buhweju District,Ankole,2022-03,20.97,79.08,67.1,0.059,286,392,12,2,5,152183.1
North Buganda|Buikwe District,Buikwe District,North Buganda,2022-03,23.27,90.5,78.34,0.57,14610,2025,105,54,4,490057.4
Teso|Bukedea District,Bukedea District,Teso,2022-03,25.13,94.38,49.33,0.024,7471,185,22,144,2,279933.1
South Buganda|Bukomansimbi District,Bukomansimbi District,South Buganda,2022-03,23.22,118.55,68.04,0.03,2408,791,22,11,1,157468.6
Bugisu|Bukwo District,Bukwo District,Bugisu,2022-03,21.8,70.27,40.53,0.038,1586,1719,24,3,0,130642.1
Bugisu|Bulambuli District,Bulambuli District,Bugisu,2022-03,22.24,88.16,46.1,0.033,2550,1075,41,9,8,252209
Bunyoro|Buliisa District,Buliisa District,Bunyoro,2022-03,27.56,96.88,60.06,1.404,6492,147,96,9,17,163252.7
Tooro|Bundibugyo District,Bundibugyo District,Tooro,2022-03,22.45,131.13,59.83,0.085,11399,1001,167,12,253,277140.7
Tooro|Bunyangabu District,Bunyangabu District,Tooro,2022-03,20.84,142.63,64.88,0.052,2743,481,43,6,0,203243.2
Ankole|Bushenyi District,Bushenyi District,Ankole,2022-03,21.6,83.54,67.41,0.067,2983,1547,52,28,4,242834.7
Bukedi|Busia District,Busia District,Bukedi,2022-03,23.07,150.03,73.47,0.164,22874,507,39,95,0,404691.3
Bukedi|Butaleja District,Butaleja District,Bukedi,2022-03,23.85,108.39,63.12,0.037,24656,803,239,44,0,320621.6
South Buganda|Butambala District,Butambala District,South Buganda,2022-03,23.29,117.48,69.67,0.041,2991,450,37,4,10,109699.5
Bukedi|Butebo District,Butebo District,Bukedi,2022-03,25.17,110.19,54.85,0.026,9322,418,25,12,0,123960.4
North Buganda|Buvuma District,Buvuma District,North Buganda,2022-03,24.6,121.37,71.36,3.172,3023,487,22,2,1,144903
Busoga|Buyende District,Buyende District,Busoga,2022-03,25.8,95.91,63.09,0.973,6317,395,39,28,3,448870.2
Lango|Dokolo District,Dokolo District,Lango,2022-03,26.13,67.28,57.41,0.295,13799,565,56,19,0,226479.5
Tooro|Fort Portal City,Fort Portal City,Tooro,2022-03,21.03,145.52,63.67,0.126,933,659,146,18,6,119572.4
South Buganda|Gomba District,Gomba District,South Buganda,2022-03,23.44,106.07,66.1,0.055,1801,148,32,4,2,177713.1
Acholi|Gulu City,Gulu City,Acholi,2022-03,27.37,70.91,45.81,0.133,3973,1412,267,49,41,219199.5
Acholi|Gulu District,Gulu District,Acholi,2022-03,28.01,70.15,44.01,0.015,6664,297,38,3,44,123362
Bunyoro|Hoima City,Hoima City,Bunyoro,2022-03,24.98,130.6,61.57,0.099,1508,535,74,16,0,130642.1
Bunyoro|Hoima District,Hoima District,Bunyoro,2022-03,26.29,111.34,62.22,1.429,2565,180,26,5,9,268265
Ankole|Ibanda District,Ibanda District,Ankole,2022-03,23.43,88.37,58.8,0.046,6745,544,40,25,2,285617.5
Busoga|Iganga District,Iganga District,Busoga,2022-03,23.85,112.83,72.09,0.076,18614,1532,97,34,13,424237.7
Ankole|Isingiro District,Isingiro District,Ankole,2022-03,22.52,94.51,64.88,0.074,12452,3881,94,66,211,635558.7
Busoga|Jinja City,Jinja City,Busoga,2022-03,23.22,96.76,79.41,0.825,6734,1073,107,80,0,276741.8
Busoga|Jinja District,Jinja District,Busoga,2022-03,23.35,94.78,77.26,0.125,10447,666,42,3,5,251012.3
Karamoja|Kaabong District,Kaabong District,Karamoja,2022-03,25.67,24.08,39.78,0.012,4606,591,49,25,932,131240.4
Kigezi|Kabale District,Kabale District,Kigezi,2022-03,18.97,114.76,70.82,0.166,570,1471,92,23,6,253605.2
Tooro|Kabarole District,Kabarole District,Tooro,2022-03,23.12,141.12,60.95,0.056,3625,417,48,13,0,230468.6
Teso|Kaberamaido District,Kaberamaido District,Teso,2022-03,26.11,70.98,60.56,0.816,8676,209,36,18,0,143008.2
Bunyoro|Kagadi District,Kagadi District,Bunyoro,2022-03,24.93,140.2,62.15,0.333,6778,263,68,53,7,458444
Bunyoro|Kakumiro District,Kakumiro District,Bunyoro,2022-03,24.78,128.03,56.33,0.039,6298,505,69,24,36,554480.9
Teso|Kalaki District,Kalaki District,Teso,2022-03,26.54,81.13,54.53,0.383,6125,82,3,56,0,149191.3
South Buganda|Kalangala District,Kalangala District,South Buganda,2022-03,24.56,164.6,70.34,3.069,1317,212,55,4,0,71803.3
Busoga|Kaliro District,Kaliro District,Busoga,2022-03,25.08,112.94,64.37,0.345,10715,1194,168,11,17,307158.5
South Buganda|Kalungu District,Kalungu District,South Buganda,2022-03,23.32,121.44,70.41,0.201,3144,702,56,15,0,187286.9
Kampala|Kampala District,Kampala District,Kampala,2022-03,22.79,126.58,77.07,2.367,16105,4712,1108,416,80,1733849.7
Busoga|Kamuli District,Kamuli District,Busoga,2022-03,24.44,107.4,69.14,0.091,27311,2795,123,45,64,582105.2
Tooro|Kamwenge District,Kamwenge District,Tooro,2022-03,23.6,127.37,58.88,0.052,9946,2735,33,50,444,358517.8
Kigezi|Kanungu District,Kanungu District,Kigezi,2022-03,21.69,85.7,71.12,0.191,4599,1440,126,22,17,230468.6
Bugisu|Kapchorwa District,Kapchorwa District,Bugisu,2022-03,21.26,88.28,45.72,0.044,983,734,100,3,0,130243.2
Teso|Kapelebyong District,Kapelebyong District,Teso,2022-03,27.44,60.05,42.01,0.01,2374,86,41,4,0,109200.8
Karamoja|Karenga District,Karenga District,Karamoja,2022-03,25.34,35.58,42.09,0.013,2262,193,128,4,464,71204.9
Tooro|Kasese District,Kasese District,Tooro,2022-03,22.17,95.51,63.78,0.43,19352,3542,314,112,137,824939.9
North Buganda|Kassanda District,Kassanda District,North Buganda,2022-03,23.49,103.49,65.82,0.13,5015,303,24,13,2,326106.6
Teso|Katakwi District,Katakwi District,Teso,2022-03,27.23,70.91,44.23,0.173,12900,359,28,20,0,204041
North Buganda|Kayunga District,Kayunga District,North Buganda,2022-03,24.62,100,67.44,0.326,8183,1243,27,42,2,419650.3
Ankole|Kazo District,Kazo District,Ankole,2022-03,23.83,101.03,58.72,0.04,6183,249,19,2,0,231964.5
Bunyoro|Kibaale District,Kibaale District,Bunyoro,2022-03,24.26,143.03,57.42,0.049,1597,359,54,13,7,221393.4
North Buganda|Kiboga District,Kiboga District,North Buganda,2022-03,24.91,120.57,59.59,0.038,4342,949,94,29,21,178810.1
Bukedi|Kibuku District,Kibuku District,Bukedi,2022-03,24.8,117.88,61.82,0.058,27647,499,162,6,0,268165.3
Bunyoro|Kikuube District,Kikuube District,Bunyoro,2022-03,25.72,127.75,62.9,1.089,10880,660,91,123,194,394120.2
Ankole|Kiruhura District,Kiruhura District,Ankole,2022-03,23.17,86.37,62.65,0.079,4090,260,26,6,1,198157.1
Bunyoro|Kiryandongo District,Kiryandongo District,Bunyoro,2022-03,26.91,92.59,52.06,0.04,5227,1714,191,34,182,329896.2
Kigezi|Kisoro District,Kisoro District,Kigezi,2022-03,17.58,115.17,77.2,0.154,701,1062,149,13,52,325807.4
Tooro|Kitagwenda District,Kitagwenda District,Tooro,2022-03,24.13,94.47,56.41,0.319,3909,158,5,14,0,190677.6
Acholi|Kitgum District,Kitgum District,Acholi,2022-03,26.54,53.56,42.63,0.017,9198,905,134,12,1,229172.1
West Nile|Koboko District,Koboko District,West Nile,2022-03,27.55,82.23,45.22,0.02,6686,222,41,42,80,276741.8
Lango|Kole District,Kole District,Lango,2022-03,26.73,75.42,51.08,0.021,8082,796,8,18,8,299778.7
Karamoja|Kotido District,Kotido District,Karamoja,2022-03,26.24,26.81,39.53,0.008,6163,624,274,128,1346,214711.7
Teso|Kumi District,Kumi District,Teso,2022-03,26.76,86.56,47.04,0.241,11367,442,75,20,18,300377
Lango|Kwania District,Kwania District,Lango,2022-03,26.2,68.61,59.08,0.484,7341,2083,15,21,0,227975.4
Bugisu|Kween District,Kween District,Bugisu,2022-03,24.64,69.22,37.68,0.022,1456,595,7,1,0,114885.2
North Buganda|Kyankwanzi District,Kyankwanzi District,North Buganda,2022-03,25.79,113.79,53.22,0.034,2943,446,26,15,7,308853.8
Tooro|Kyegegwa District,Kyegegwa District,Tooro,2022-03,23.81,127.6,57.98,0.046,6326,2203,126,38,295,511000
Tooro|Kyenjojo District,Kyenjojo District,Tooro,2022-03,23.64,145.92,60.31,0.051,7279,5574,130,50,36,562957.7
South Buganda|Kyotera District,Kyotera District,South Buganda,2022-03,23.53,141.18,72.86,0.972,9205,1135,74,5,0,267168
Acholi|Lamwo District,Lamwo District,Acholi,2022-03,27.44,52.05,42.84,0.018,10577,1155,53,10,92,146398.9
Lango|Lira City,Lira City,Lango,2022-03,26.68,80.49,50.71,0.13,4841,737,262,74,7,255300.5
Lango|Lira District,Lira District,Lango,2022-03,26.87,69.63,49.85,0.017,9762,445,42,22,31,246923.5
Busoga|Luuka District,Luuka District,Busoga,2022-03,24.19,107.88,70.73,0.042,14723,802,47,9,0,276043.7
North Buganda|Luwero District,Luwero District,North Buganda,2022-03,23.68,117.19,70.34,0.06,13432,3527,142,37,28,545206.3
South Buganda|Lwengo District,Lwengo District,South Buganda,2022-03,22.82,115.98,69.08,0.043,5025,706,57,11,0,294393.4
South Buganda|Lyantonde District,Lyantonde District,South Buganda,2022-03,23.35,101.72,63.54,0.033,1803,287,34,18,0,116181.7
West Nile|Madi-Okollo District,Madi-Okollo District,West Nile,2022-03,28.49,83.34,47.63,0.068,7147,536,29,10,103,172327.9
Bugisu|Manafwa District,Manafwa District,Bugisu,2022-03,20.33,122.72,71.55,0.041,6265,533,74,3,5,182200.8
West Nile|Maracha District,Maracha District,West Nile,2022-03,26.99,99.88,46.13,0.016,11961,649,27,22,18,215210.4
South Buganda|Masaka City,Masaka City,South Buganda,2022-03,23.06,127.35,71.98,0.145,2340,763,99,10,0,232363.4
South Buganda|Masaka District,Masaka District,South Buganda,2022-03,23.89,141.54,71.97,1.841,1916,319,8,,1,124957.7
Bunyoro|Masindi District,Masindi District,Bunyoro,2022-03,26.64,102.97,53.6,0.032,3908,659,75,23,20,357121.6
Busoga|Mayuge District,Mayuge District,Busoga,2022-03,24.19,101.99,73.45,2.229,17226,714,92,19,19,596765
Bugisu|Mbale City,Mbale City,Bugisu,2022-03,22.23,115.46,64.23,0.065,7854,914,94,105,3,338073.8
Bugisu|Mbale District,Mbale District,Bugisu,2022-03,21.21,120.32,68.66,0.044,8759,1380,45,19,22,282027.3
Ankole|Mbarara City,Mbarara City,Ankole,2022-03,22.6,77.7,60.83,0.12,1010,1747,52,83,0,229172.1
Ankole|Mbarara District,Mbarara District,Ankole,2022-03,22.51,71.25,61.54,0.048,1397,683,29,16,0,175818.3
Ankole|Mitooma District,Mitooma District,Ankole,2022-03,21.61,82.75,65.34,0.047,2679,1044,4,1,0,196960.4
North Buganda|Mityana District,Mityana District,North Buganda,2022-03,23.06,125.4,71.55,0.206,9608,1515,88,7,16,372579.2
Karamoja|Moroto District,Moroto District,Karamoja,2022-03,25.84,31.12,37.77,0.01,3498,364,34,4,438,123461.7
West Nile|Moyo District,Moyo District,West Nile,2022-03,28.63,61.39,43.77,0.101,7567,528,58,11,30,113788.3
South Buganda|Mpigi District,Mpigi District,South Buganda,2022-03,23.51,127.15,71.52,0.732,3022,1150,78,30,48,298282.8
North Buganda|Mubende District,Mubende District,North Buganda,2022-03,23.56,118.04,62.46,0.046,5629,460,135,36,23,610228.1
North Buganda|Mukono District,Mukono District,North Buganda,2022-03,23.95,129.63,73.59,1.806,13173,2762,149,20,2,736781.4
Karamoja|Nabilatuk District,Nabilatuk District,Karamoja,2022-03,26.77,52.35,39.23,0.011,3023,300,43,,611,97931.7
Karamoja|Nakapiripirit District,Nakapiripirit District,Karamoja,2022-03,25.85,53.99,38.06,0.016,4336,247,96,10,307,122663.9
North Buganda|Nakaseke District,Nakaseke District,North Buganda,2022-03,25.12,111.85,59.01,0.037,5019,825,141,29,8,247521.9
North Buganda|Nakasongola District,Nakasongola District,North Buganda,2022-03,25.96,79.87,56.83,0.254,4889,1299,68,3,0,226679
Busoga|Namayingo District,Namayingo District,Busoga,2022-03,24.43,103.93,71.97,2.909,14698,615,52,10,63,243333.3
Bugisu|Namisindwa District,Namisindwa District,Bugisu,2022-03,18.04,118.13,68.72,0.046,5254,296,21,22,0,241837.4
Busoga|Namutumba District,Namutumba District,Busoga,2022-03,24.22,115.9,69.17,0.035,15518,1975,21,9,7,325408.5
Karamoja|Napak District,Napak District,Karamoja,2022-03,26.9,41.23,38.81,0.008,3706,603,200,40,481,163153
West Nile|Nebbi District,Nebbi District,West Nile,2022-03,27.21,83.57,50.58,0.014,10422,426,202,163,10,297485
Teso|Ngora District,Ngora District,Teso,2022-03,26.4,86.14,54.1,0.305,5818,130,20,29,0,173823.8
Tooro|Ntoroko District,Ntoroko District,Tooro,2022-03,27.06,116.02,55.56,0.447,1261,42,23,2,0,78983.6
Ankole|Ntungamo District,Ntungamo District,Ankole,2022-03,21.76,84.77,62.84,0.05,4865,1558,75,26,9,558370.2
Acholi|Nwoya District,Nwoya District,Acholi,2022-03,27.62,80.63,50.32,0.059,7980,773,30,30,8,285019.1
West Nile|Obongi District,Obongi District,West Nile,2022-03,29.39,64.23,45.16,0.219,5308,664,37,20,128,51159.8
Acholi|Omoro District,Omoro District,Acholi,2022-03,27.25,72.08,46.53,0.023,7981,412,15,14,24,209027.3
Lango|Otuke District,Otuke District,Lango,2022-03,27.32,61.42,43.04,0.012,7420,307,26,5,30,144304.6
Lango|Oyam District,Oyam District,Lango,2022-03,26.86,75.42,49.86,0.03,17499,1088,69,104,161,477691.3
Acholi|Pader District,Pader District,Acholi,2022-03,27.7,72.82,43.53,0.017,15540,1228,94,15,41,203143.4
West Nile|Pakwach District,Pakwach District,West Nile,2022-03,28.54,77.39,52.75,0.243,7586,259,50,10,5,210922.1
Bukedi|Pallisa District,Pallisa District,Bukedi,2022-03,25.5,105.58,61.16,0.334,16462,264,68,36,4,382651.6
South Buganda|Rakai District,Rakai District,South Buganda,2022-03,22.33,117.73,72.74,0.132,10077,1611,32,14,14,330993.2
Kigezi|Rubanda District,Rubanda District,Kigezi,2022-03,18.08,109.83,74.45,0.126,241,1092,42,4,14,211321
Ankole|Rubirizi District,Rubirizi District,Ankole,2022-03,25.11,78.34,59.2,0.839,1996,201,9,6,0,148692.6
Kigezi|Rukiga District,Rukiga District,Kigezi,2022-03,20.53,104.23,65.97,0.041,878,729,12,,15,106408.5
Kigezi|Rukungiri District,Rukungiri District,Kigezi,2022-03,22.47,83.89,67.34,0.231,3690,1847,115,26,8,338472.7
Ankole|Rwampara District,Rwampara District,Ankole,2022-03,21.76,79.32,63.91,0.044,440,650,9,7,0,150088.8
South Buganda|Sembabule District,Sembabule District,South Buganda,2022-03,23.65,110.4,62.75,0.033,3640,283,70,3,8,310848.4
Teso|Serere District,Serere District,Teso,2022-03,26.2,87.64,58.6,0.873,10953,472,44,36,0,386441.3
Ankole|Sheema District,Sheema District,Ankole,2022-03,21.37,75.5,67.99,0.055,384,1007,43,6,0,223886.6
Bugisu|Sironko District,Sironko District,Bugisu,2022-03,19.61,108.2,62,0.047,5848,663,14,10,0,284420.8
Teso|Soroti City,Soroti City,Teso,2022-03,26.37,81.98,52.75,0.096,5049,311,50,17,8,74595.6
Teso|Soroti District,Soroti District,Teso,2022-03,26.51,82.33,51.84,0.136,7835,161,24,13,0,312743.2
West Nile|Terego District,Terego District,West Nile,2022-03,28.68,97.24,44.27,0.012,12427,1290,77,22,149,244629.8
Bukedi|Tororo District,Tororo District,Bukedi,2022-03,22.98,127.14,66.03,0.037,38702,1837,180,116,34,623990.4
South Buganda|Wakiso District,Wakiso District,South Buganda,2022-03,23.36,140.14,74.65,1.14,25795,3152,417,32,26,3298961.7
West Nile|Yumbe District,Yumbe District,West Nile,2022-03,28.6,73.21,43.92,0.013,23608,1520,230,46,137,734388
West Nile|Zombo District,Zombo District,West Nile,2022-03,24.69,107.45,52.04,0.03,10842,1632,66,66,9,297684.4
Karamoja|Abim District,Abim District,Karamoja,2022-04,24.64,102.8,59.36,0.02,3928,377,31,11,269,172128.4
West Nile|Adjumani District,Adjumani District,West Nile,2022-04,26.05,77.75,67.33,0.068,17439,1108,120,38,204,238147.5
Acholi|Agago District,Agago District,Acholi,2022-04,24.69,77.47,61.99,0.024,10550,224,82,14,6,258092.9
Lango|Alebtong District,Alebtong District,Lango,2022-04,24.6,123.04,65.15,0.027,9771,258,36,28,3,278836.1
Lango|Amolatar District,Amolatar District,Lango,2022-04,24.37,104.04,73.35,1.558,7139,766,20,6,0,177513.7
Karamoja|Amudat District,Amudat District,Karamoja,2022-04,24.22,103.01,55.53,0.017,1514,371,12,7,289,145700.8
Teso|Amuria District,Amuria District,Teso,2022-04,24.45,141.99,65.2,0.023,6357,231,17,14,0,239842.9
Acholi|Amuru District,Amuru District,Acholi,2022-04,25.48,74.39,67.45,0.034,14155,316,11,24,16,226679
Lango|Apac District,Apac District,Lango,2022-04,24.02,86.7,73,0.157,5552,664,21,29,3,241239.1
West Nile|Arua City,Arua City,West Nile,2022-04,23.92,80.75,68.82,0.045,7341,412,94,15,35,379061.5
West Nile|Arua District,Arua District,West Nile,2022-04,24.58,87.46,67.5,0.03,3374,74,2,21,30,163950.8
Bukedi|Budaka District,Budaka District,Bukedi,2022-04,22.33,158.81,74.41,0.03,10594,216,47,8,0,269262.3
Bugisu|Bududa District,Bududa District,Bugisu,2022-04,14.88,191.9,76.98,0.043,2985,907,115,6,7,293994.5
Busoga|Bugiri District,Bugiri District,Busoga,2022-04,22.44,167.29,80.78,0.095,12326,792,47,34,19,515986.3
Busoga|Bugweri District,Bugweri District,Busoga,2022-04,22.42,173.27,81.39,0.051,6920,183,25,1,2,200450.8
Ankole|Buhweju District,Buhweju District,Ankole,2022-04,19.61,183.32,78.85,0.052,381,334,9,5,0,152183.1
North Buganda|Buikwe District,Buikwe District,North Buganda,2022-04,22.33,206.38,82.7,0.559,10611,1364,70,44,0,490057.4
Teso|Bukedea District,Bukedea District,Teso,2022-04,23.12,157.46,67.87,0.028,6189,285,84,14,0,279933.1
South Buganda|Bukomansimbi District,Bukomansimbi District,South Buganda,2022-04,21.85,238.72,76.96,0.03,2853,770,8,,0,157468.6
Bugisu|Bukwo District,Bukwo District,Bugisu,2022-04,20.3,156.12,58.23,0.032,1416,1271,11,,0,130642.1
Bugisu|Bulambuli District,Bulambuli District,Bugisu,2022-04,20.62,169.21,64.49,0.03,2245,1271,38,13,0,252209
Bunyoro|Buliisa District,Buliisa District,Bunyoro,2022-04,25.28,89.49,74.43,1.407,5157,168,19,17,13,163252.7
Tooro|Bundibugyo District,Bundibugyo District,Tooro,2022-04,20.62,168.51,78.21,0.074,14757,986,282,14,208,277140.7
Tooro|Bunyangabu District,Bunyangabu District,Tooro,2022-04,19.41,170.24,79.13,0.045,2106,180,32,10,0,203243.2
Ankole|Bushenyi District,Bushenyi District,Ankole,2022-04,20.32,145.07,78.27,0.061,2159,655,26,21,7,242834.7
Bukedi|Busia District,Busia District,Bukedi,2022-04,22.05,192.68,80.08,0.158,16695,429,104,65,15,404691.3
Bukedi|Butaleja District,Butaleja District,Bukedi,2022-04,22.18,157.93,77.12,0.035,14459,770,172,41,6,320621.6
South Buganda|Butambala District,Butambala District,South Buganda,2022-04,21.93,250.62,78.8,0.038,3258,390,41,23,0,109699.5
Bukedi|Butebo District,Butebo District,Bukedi,2022-04,22.96,170.83,73.39,0.026,6954,348,25,4,0,123960.4
North Buganda|Buvuma District,Buvuma District,North Buganda,2022-04,23.85,268.91,74.07,3.172,2879,366,22,3,0,144903
Busoga|Buyende District,Buyende District,Busoga,2022-04,24.16,172.84,74.48,0.975,5362,407,39,31,10,448870.2
Lango|Dokolo District,Dokolo District,Lango,2022-04,23.89,109.51,73.07,0.303,11909,378,60,20,0,226479.5
Tooro|Fort Portal City,Fort Portal City,Tooro,2022-04,19.47,153.21,80.74,0.123,1036,592,133,63,0,119572.4
South Buganda|Gomba District,Gomba District,South Buganda,2022-04,21.84,235.76,77.39,0.053,2968,168,25,11,2,177713.1
Acholi|Gulu City,Gulu City,Acholi,2022-04,24.56,73.54,67.6,0.143,4223,1080,101,74,27,219199.5
Acholi|Gulu District,Gulu District,Acholi,2022-04,25.33,66.85,65.21,0.032,6553,274,10,8,3,123362
Bunyoro|Hoima City,Hoima City,Bunyoro,2022-04,22.84,113.21,78.46,0.101,1470,501,65,20,0,130642.1
Bunyoro|Hoima District,Hoima District,Bunyoro,2022-04,24.47,99.86,74.73,1.431,3030,170,41,1,32,268265
Ankole|Ibanda District,Ibanda District,Ankole,2022-04,21.41,176.57,74.76,0.045,8318,859,23,21,34,285617.5
Busoga|Iganga District,Iganga District,Busoga,2022-04,22.66,188.35,80.02,0.073,18547,1180,86,11,24,424237.7
Ankole|Isingiro District,Isingiro District,Ankole,2022-04,21.12,206.41,75.28,0.072,18193,3327,111,86,267,635558.7
Busoga|Jinja City,Jinja City,Busoga,2022-04,22.25,215.4,84.45,0.819,4611,537,97,122,1,276741.8
Busoga|Jinja District,Jinja District,Busoga,2022-04,22.33,201.42,83.14,0.117,9130,581,26,2,22,251012.3
Karamoja|Kaabong District,Kaabong District,Karamoja,2022-04,23.74,90.31,59.88,0.018,2608,443,24,21,861,131240.4
Kigezi|Kabale District,Kabale District,Kigezi,2022-04,18.08,121.2,79.26,0.161,461,888,52,46,7,253605.2
Tooro|Kabarole District,Kabarole District,Tooro,2022-04,21.2,157.04,78.35,0.05,2850,300,87,9,0,230468.6
Teso|Kaberamaido District,Kaberamaido District,Teso,2022-04,24.18,123.42,73.27,0.822,8163,154,34,11,0,143008.2
Bunyoro|Kagadi District,Kagadi District,Bunyoro,2022-04,22.89,150.73,77.52,0.334,7763,223,33,40,23,458444
Bunyoro|Kakumiro District,Kakumiro District,Bunyoro,2022-04,22.39,163.01,74.81,0.041,8521,406,32,16,22,554480.9
Teso|Kalaki District,Kalaki District,Teso,2022-04,24.22,136.29,71.02,0.39,5670,114,9,15,0,149191.3
South Buganda|Kalangala District,Kalangala District,South Buganda,2022-04,23.77,385.67,73.5,3.068,989,224,60,2,0,71803.3
Busoga|Kaliro District,Kaliro District,Busoga,2022-04,23.44,187.26,76.51,0.346,9118,1024,130,12,8,307158.5
South Buganda|Kalungu District,Kalungu District,South Buganda,2022-04,22.1,253.89,77.79,0.2,3333,763,24,14,0,187286.9
Kampala|Kampala District,Kampala District,Kampala,2022-04,21.82,216.44,82.86,2.366,15188,3859,833,474,47,1733849.7
Busoga|Kamuli District,Kamuli District,Busoga,2022-04,22.91,204.38,80.04,0.091,24527,2990,256,59,8,582105.2
Tooro|Kamwenge District,Kamwenge District,Tooro,2022-04,21.45,169.39,75.91,0.047,9019,2184,53,39,143,358517.8
Kigezi|Kanungu District,Kanungu District,Kigezi,2022-04,20.69,131.2,80.54,0.186,4782,1359,94,31,25,230468.6
Bugisu|Kapchorwa District,Kapchorwa District,Bugisu,2022-04,19.67,186.82,64.81,0.039,757,714,44,12,0,130243.2
Teso|Kapelebyong District,Kapelebyong District,Teso,2022-04,24.95,140.22,61.47,0.017,2269,233,11,4,0,109200.8
Karamoja|Karenga District,Karenga District,Karamoja,2022-04,23.51,77.11,61.49,0.017,1404,244,18,6,409,71204.9
Tooro|Kasese District,Kasese District,Tooro,2022-04,20.92,161.5,74.45,0.427,17961,2753,364,136,114,824939.9
North Buganda|Kassanda District,Kassanda District,North Buganda,2022-04,21.74,210.1,78.54,0.125,4734,159,8,16,12,326106.6
Teso|Katakwi District,Katakwi District,Teso,2022-04,24.88,135.74,62.8,0.18,9446,276,27,5,0,204041
North Buganda|Kayunga District,Kayunga District,North Buganda,2022-04,23.1,171.55,78.34,0.326,6445,777,64,44,0,419650.3
Ankole|Kazo District,Kazo District,Ankole,2022-04,21.7,176.83,75.2,0.039,4942,238,10,2,0,231964.5
Bunyoro|Kibaale District,Kibaale District,Bunyoro,2022-04,22.05,185.14,74.79,0.05,1479,136,18,68,24,221393.4
North Buganda|Kiboga District,Kiboga District,North Buganda,2022-04,22.64,189.71,76.09,0.036,3925,623,61,34,42,178810.1
Bukedi|Kibuku District,Kibuku District,Bukedi,2022-04,22.9,174.58,76.91,0.06,15981,329,70,1,0,268165.3
Bunyoro|Kikuube District,Kikuube District,Bunyoro,2022-04,23.88,115.83,76.13,1.09,11924,742,106,49,213,394120.2
Ankole|Kiruhura District,Kiruhura District,Ankole,2022-04,21.54,212.64,74.73,0.079,4256,227,21,9,0,198157.1
Bunyoro|Kiryandongo District,Kiryandongo District,Bunyoro,2022-04,24.01,88.28,73.18,0.049,6447,1213,123,54,131,329896.2
Kigezi|Kisoro District,Kisoro District,Kigezi,2022-04,17.14,128.51,82.2,0.148,711,743,229,26,62,325807.4
Tooro|Kitagwenda District,Kitagwenda District,Tooro,2022-04,22.08,183.21,71.95,0.317,2648,219,23,14,0,190677.6
Acholi|Kitgum District,Kitgum District,Acholi,2022-04,24.58,65.75,61.35,0.025,7843,828,60,13,36,229172.1
West Nile|Koboko District,Koboko District,West Nile,2022-04,24.66,84.35,68.29,0.031,7838,306,34,46,103,276741.8
Lango|Kole District,Kole District,Lango,2022-04,24.01,92.86,70.76,0.027,6310,581,2,29,11,299778.7
Karamoja|Kotido District,Kotido District,Karamoja,2022-04,24.29,84.13,58.4,0.014,5603,882,146,15,1592,214711.7
Teso|Kumi District,Kumi District,Teso,2022-04,24.45,148.74,65.68,0.244,9814,568,44,34,5,300377
Lango|Kwania District,Kwania District,Lango,2022-04,23.99,91.17,74.56,0.488,5043,1119,35,20,0,227975.4
Bugisu|Kween District,Kween District,Bugisu,2022-04,22.9,146.99,56.31,0.022,891,382,25,2,0,114885.2
North Buganda|Kyankwanzi District,Kyankwanzi District,North Buganda,2022-04,23.14,136.07,72.49,0.037,3195,208,26,12,14,308853.8
Tooro|Kyegegwa District,Kyegegwa District,Tooro,2022-04,21.61,192.93,75.21,0.045,5789,1754,39,19,188,511000
Tooro|Kyenjojo District,Kyenjojo District,Tooro,2022-04,21.56,164.15,77.4,0.047,7040,2751,81,67,56,562957.7
South Buganda|Kyotera District,Kyotera District,South Buganda,2022-04,22.52,379.26,77.67,0.969,9936,1170,109,4,5,267168
Acholi|Lamwo District,Lamwo District,Acholi,2022-04,25.03,64.92,63.83,0.03,8229,1071,33,24,106,146398.9
Lango|Lira City,Lira City,Lango,2022-04,24,97.33,70,0.134,3143,554,133,76,10,255300.5
Lango|Lira District,Lira District,Lango,2022-04,24.29,99.04,68.67,0.023,6233,220,22,15,28,246923.5
Busoga|Luuka District,Luuka District,Busoga,2022-04,22.88,202.27,79.54,0.039,11846,411,45,6,0,276043.7
North Buganda|Luwero District,Luwero District,North Buganda,2022-04,22.18,187.06,82,0.056,12048,1738,131,31,26,545206.3
South Buganda|Lwengo District,Lwengo District,South Buganda,2022-04,21.47,277.32,77.89,0.043,5501,505,49,10,0,294393.4
South Buganda|Lyantonde District,Lyantonde District,South Buganda,2022-04,21.68,225.24,75.48,0.032,2856,415,33,6,1,116181.7
West Nile|Madi-Okollo District,Madi-Okollo District,West Nile,2022-04,25.8,76.74,68.11,0.079,7312,362,19,13,87,172327.9
Bugisu|Manafwa District,Manafwa District,Bugisu,2022-04,19.62,168.84,81.02,0.037,5704,560,160,10,0,182200.8
West Nile|Maracha District,Maracha District,West Nile,2022-04,24.11,82.62,68.82,0.022,13098,655,49,31,11,215210.4
South Buganda|Masaka City,Masaka City,South Buganda,2022-04,21.81,284.11,79.14,0.147,2396,470,37,14,8,232363.4
South Buganda|Masaka District,Masaka District,South Buganda,2022-04,22.82,362.59,77.04,1.84,2372,172,13,2,0,124957.7
Bunyoro|Masindi District,Masindi District,Bunyoro,2022-04,23.98,100.09,72.83,0.041,4693,463,62,74,50,357121.6
Busoga|Mayuge District,Mayuge District,Busoga,2022-04,23.38,216.04,76.9,2.226,13358,694,110,23,20,596765
Bugisu|Mbale City,Mbale City,Bugisu,2022-04,20.9,185.31,78.55,0.061,7364,768,58,52,5,338073.8
Bugisu|Mbale District,Mbale District,Bugisu,2022-04,20.27,173.05,80.07,0.038,8427,769,6,10,0,282027.3
Ankole|Mbarara City,Mbarara City,Ankole,2022-04,20.82,155.14,74.35,0.117,682,796,53,82,3,229172.1
Ankole|Mbarara District,Mbarara District,Ankole,2022-04,20.82,153.94,74.59,0.044,1190,461,21,4,2,175818.3
Ankole|Mitooma District,Mitooma District,Ankole,2022-04,20.34,122.77,77.01,0.044,1916,279,2,3,0,196960.4
North Buganda|Mityana District,Mityana District,North Buganda,2022-04,21.64,246.56,81.83,0.202,9915,664,91,15,19,372579.2
Karamoja|Moroto District,Moroto District,Karamoja,2022-04,24.04,89.6,56.76,0.014,2489,451,84,12,494,123461.7
West Nile|Moyo District,Moyo District,West Nile,2022-04,26.17,68.83,65.39,0.112,7420,492,12,7,10,113788.3
South Buganda|Mpigi District,Mpigi District,South Buganda,2022-04,22.33,288.23,78.6,0.729,3521,942,89,10,0,298282.8
North Buganda|Mubende District,Mubende District,North Buganda,2022-04,21.57,201.4,77.57,0.044,5435,223,170,106,10,610228.1
North Buganda|Mukono District,Mukono District,North Buganda,2022-04,23.03,259.37,78.17,1.802,10994,2378,172,17,24,736781.4
Karamoja|Nabilatuk District,Nabilatuk District,Karamoja,2022-04,24.68,123.36,58.09,0.017,2153,286,32,2,693,97931.7
Karamoja|Nakapiripirit District,Nakapiripirit District,Karamoja,2022-04,23.85,123.31,56.82,0.021,3587,323,42,12,590,122663.9
North Buganda|Nakaseke District,Nakaseke District,North Buganda,2022-04,23,168.18,75.32,0.037,4226,381,63,17,3,247521.9
North Buganda|Nakasongola District,Nakasongola District,North Buganda,2022-04,24.01,126.98,71.45,0.258,3803,617,39,3,1,226679
Busoga|Namayingo District,Namayingo District,Busoga,2022-04,23.69,214.32,74.82,2.908,11233,444,97,17,12,243333.3
Bugisu|Namisindwa District,Namisindwa District,Bugisu,2022-04,17.44,174.2,78.99,0.041,4305,169,23,12,0,241837.4
Busoga|Namutumba District,Namutumba District,Busoga,2022-04,22.78,181.24,79.37,0.035,11552,2785,47,13,39,325408.5
Karamoja|Napak District,Napak District,Karamoja,2022-04,24.85,117.41,57.56,0.014,2570,535,109,37,485,163153
West Nile|Nebbi District,Nebbi District,West Nile,2022-04,24.68,77.76,70.08,0.022,12357,421,152,44,15,297485
Teso|Ngora District,Ngora District,Teso,2022-04,24.18,150.05,71.03,0.31,5283,256,28,60,0,173823.8
Tooro|Ntoroko District,Ntoroko District,Tooro,2022-04,24.89,125.52,72.6,0.451,1296,47,24,,3,78983.6
Ankole|Ntungamo District,Ntungamo District,Ankole,2022-04,20.37,108.19,74.48,0.046,5992,1500,40,38,8,558370.2
Acholi|Nwoya District,Nwoya District,Acholi,2022-04,24.6,78.14,72.89,0.074,10317,666,27,19,17,285019.1
West Nile|Obongi District,Obongi District,West Nile,2022-04,26.69,70,66.73,0.229,4552,585,19,7,139,51159.8
Acholi|Omoro District,Omoro District,Acholi,2022-04,24.45,78.07,68.06,0.036,11094,379,5,11,39,209027.3
Lango|Otuke District,Otuke District,Lango,2022-04,24.8,109.07,62.66,0.022,7264,200,8,11,8,144304.6
Lango|Oyam District,Oyam District,Lango,2022-04,24.01,83.83,71.18,0.036,16301,743,61,93,108,477691.3
Acholi|Pader District,Pader District,Acholi,2022-04,25.13,73.24,63.89,0.029,15571,890,53,18,236,203143.4
West Nile|Pakwach District,Pakwach District,West Nile,2022-04,25.76,71.42,72.36,0.253,6162,170,19,23,0,210922.1
Bukedi|Pallisa District,Pallisa District,Bukedi,2022-04,23.56,175.11,76,0.337,9532,293,31,10,3,382651.6
South Buganda|Rakai District,Rakai District,South Buganda,2022-04,21.32,305.35,79.29,0.129,12585,1847,54,9,2,330993.2
Kigezi|Rubanda District,Rubanda District,Kigezi,2022-04,17.48,122.99,80.84,0.12,325,989,26,2,2,211321
Ankole|Rubirizi District,Rubirizi District,Ankole,2022-04,23.17,144.09,74.05,0.839,2126,151,17,6,0,148692.6
Kigezi|Rukiga District,Rukiga District,Kigezi,2022-04,19.37,112.88,76.34,0.037,659,406,8,4,7,106408.5
Kigezi|Rukungiri District,Rukungiri District,Kigezi,2022-04,21.21,121.23,78.57,0.227,3323,1162,73,30,0,338472.7
Ankole|Rwampara District,Rwampara District,Ankole,2022-04,20.18,155.85,76.44,0.04,396,339,4,3,0,150088.8
South Buganda|Sembabule District,Sembabule District,South Buganda,2022-04,21.89,212.28,75.36,0.033,4599,235,51,2,8,310848.4
Teso|Serere District,Serere District,Teso,2022-04,24.25,160.29,72.23,0.877,7082,405,34,38,0,386441.3
Ankole|Sheema District,Sheema District,Ankole,2022-04,20.11,152.23,78.3,0.049,326,451,48,15,0,223886.6
Bugisu|Sironko District,Sironko District,Bugisu,2022-04,18.49,189.67,77.19,0.039,5902,659,14,8,0,284420.8
Teso|Soroti City,Soroti City,Teso,2022-04,24.05,156.84,69.87,0.102,4157,303,56,12,2,74595.6
Teso|Soroti District,Soroti District,Teso,2022-04,24.17,148.03,69.18,0.143,6818,146,25,10,0,312743.2
West Nile|Terego District,Terego District,West Nile,2022-04,25.98,70.96,65.4,0.025,11571,1150,65,21,124,244629.8
Bukedi|Tororo District,Tororo District,Bukedi,2022-04,21.76,169.97,77.25,0.034,33601,1918,132,86,35,623990.4
South Buganda|Wakiso District,Wakiso District,South Buganda,2022-04,22.31,276.72,80.63,1.135,21271,2084,366,134,13,3298961.7
West Nile|Yumbe District,Yumbe District,West Nile,2022-04,25.88,75.87,66.01,0.024,23661,1203,148,68,238,734388
West Nile|Zombo District,Zombo District,West Nile,2022-04,22,97.9,73.86,0.034,27129,1185,114,76,32,297684.4
Karamoja|Abim District,Abim District,Karamoja,2022-05,22.67,145.58,72.31,0.044,6482,378,24,9,205,172128.4
West Nile|Adjumani District,Adjumani District,West Nile,2022-05,25.35,128.65,71.64,0.092,37263,1509,101,33,219,238147.5
Acholi|Agago District,Agago District,Acholi,2022-05,22.95,125.33,73.8,0.044,28307,288,92,13,24,258092.9
Lango|Alebtong District,Alebtong District,Lango,2022-05,22.94,142.56,77.08,0.042,14669,257,18,38,0,278836.1
Lango|Amolatar District,Amolatar District,Lango,2022-05,23.85,122.88,76.1,1.564,6523,461,16,12,1,177513.7
Karamoja|Amudat District,Amudat District,Karamoja,2022-05,22.75,124.91,64.92,0.035,2292,474,12,6,251,145700.8
Teso|Amuria District,Amuria District,Teso,2022-05,22.65,148.14,78.32,0.04,8792,180,26,27,1,239842.9
Acholi|Amuru District,Amuru District,Acholi,2022-05,24.63,132.51,72.83,0.058,24927,339,38,20,19,226679
Lango|Apac District,Apac District,Lango,2022-05,23.51,124.14,76,0.173,14600,1043,20,23,1,241239.1
West Nile|Arua City,Arua City,West Nile,2022-05,23.81,110.25,68.72,0.055,8953,470,68,27,39,379061.5
West Nile|Arua District,Arua District,West Nile,2022-05,24.57,116.17,66.43,0.046,6162,121,7,23,32,163950.8
Bukedi|Budaka District,Budaka District,Bukedi,2022-05,21.44,195.6,79.09,0.037,10974,290,95,8,0,269262.3
Bugisu|Bududa District,Bududa District,Bugisu,2022-05,14.27,232.78,80.15,0.055,3930,956,103,4,13,293994.5
Busoga|Bugiri District,Bugiri District,Busoga,2022-05,21.8,183.46,84.39,0.1,9095,429,34,37,5,515986.3
Busoga|Bugweri District,Bugweri District,Busoga,2022-05,21.77,168.5,84.71,0.055,7661,183,23,4,4,200450.8
Ankole|Buhweju District,Buhweju District,Ankole,2022-05,19.37,104.14,78.19,0.06,568,396,11,6,12,152183.1
North Buganda|Buikwe District,Buikwe District,North Buganda,2022-05,21.86,181.81,84.22,0.561,12617,1285,68,52,18,490057.4
Teso|Bukedea District,Bukedea District,Teso,2022-05,21.81,191.83,76,0.042,8408,229,23,13,2,279933.1
South Buganda|Bukomansimbi District,Bukomansimbi District,South Buganda,2022-05,21.22,107.4,80.16,0.034,4350,874,7,17,0,157468.6
Bugisu|Bukwo District,Bukwo District,Bugisu,2022-05,19.2,191.09,64.76,0.05,1396,1309,29,9,0,130642.1
Bugisu|Bulambuli District,Bulambuli District,Bugisu,2022-05,19.36,197.63,72.64,0.046,3288,1396,60,9,2,252209
Bunyoro|Buliisa District,Buliisa District,Bunyoro,2022-05,25.1,96.74,74.81,1.414,10259,241,34,12,9,163252.7
Tooro|Bundibugyo District,Bundibugyo District,Tooro,2022-05,20.46,134.52,78.8,0.079,19689,674,246,25,196,277140.7
Tooro|Bunyangabu District,Bunyangabu District,Tooro,2022-05,19.29,135.19,78.74,0.054,4256,332,22,4,0,203243.2
Ankole|Bushenyi District,Bushenyi District,Ankole,2022-05,20.13,106.26,77.19,0.067,2417,462,44,23,16,242834.7
Bukedi|Busia District,Busia District,Bukedi,2022-05,21.44,212.81,83.74,0.163,16245,565,109,80,0,404691.3
Bukedi|Butaleja District,Butaleja District,Bukedi,2022-05,21.42,194.87,81.03,0.04,13476,463,179,26,9,320621.6
South Buganda|Butambala District,Butambala District,South Buganda,2022-05,21.08,113.8,83.93,0.041,5042,344,37,13,4,109699.5
Bukedi|Butebo District,Butebo District,Bukedi,2022-05,22.01,185.61,78.2,0.035,6669,339,18,5,0,123960.4
North Buganda|Buvuma District,Buvuma District,North Buganda,2022-05,23.41,201.18,75.12,3.172,3255,484,6,,0,144903
Busoga|Buyende District,Buyende District,Busoga,2022-05,23.3,146.32,79.02,0.982,7317,307,23,24,9,448870.2
Lango|Dokolo District,Dokolo District,Lango,2022-05,23.18,145.36,78.16,0.315,20388,562,50,22,0,226479.5
Tooro|Fort Portal City,Fort Portal City,Tooro,2022-05,19.36,122.27,80.07,0.129,1568,487,107,18,1,119572.4
South Buganda|Gomba District,Gomba District,South Buganda,2022-05,21.05,90.99,81.62,0.056,4049,115,14,9,0,177713.1
Acholi|Gulu City,Gulu City,Acholi,2022-05,23.53,161.73,74.51,0.158,9633,1286,148,53,60,219199.5
Acholi|Gulu District,Gulu District,Acholi,2022-05,24.19,140.97,72.77,0.054,13821,506,11,8,24,123362
Bunyoro|Hoima City,Hoima City,Bunyoro,2022-05,22.49,111.56,79.87,0.108,3158,934,65,29,0,130642.1
Bunyoro|Hoima District,Hoima District,Bunyoro,2022-05,24.37,100.44,74.77,1.437,6520,122,57,7,27,268265
Ankole|Ibanda District,Ibanda District,Ankole,2022-05,21.14,98.52,74.66,0.053,11558,667,18,30,25,285617.5
Busoga|Iganga District,Iganga District,Busoga,2022-05,21.91,181.28,84.05,0.076,21753,921,99,47,30,424237.7
Ankole|Isingiro District,Isingiro District,Ankole,2022-05,20.91,69.73,73.71,0.08,17295,2710,146,71,291,635558.7
Busoga|Jinja City,Jinja City,Busoga,2022-05,21.71,199.94,86.65,0.824,6170,493,129,59,1,276741.8
Busoga|Jinja District,Jinja District,Busoga,2022-05,21.71,190.18,86,0.121,9066,643,43,,0,251012.3
Karamoja|Kaabong District,Kaabong District,Karamoja,2022-05,22.87,114.66,62.01,0.038,4131,578,87,16,1687,131240.4
Kigezi|Kabale District,Kabale District,Kigezi,2022-05,17.86,163.24,77.32,0.165,567,785,48,25,5,253605.2
Tooro|Kabarole District,Kabarole District,Tooro,2022-05,21.17,116.34,77.07,0.056,5152,259,60,21,0,230468.6
Teso|Kaberamaido District,Kaberamaido District,Teso,2022-05,23.57,145.7,76.93,0.832,6189,94,18,11,0,143008.2
Bunyoro|Kagadi District,Kagadi District,Bunyoro,2022-05,22.74,99.14,77.15,0.343,15064,338,42,42,11,458444
Bunyoro|Kakumiro District,Kakumiro District,Bunyoro,2022-05,21.87,110.56,76.97,0.055,19032,432,190,13,18,554480.9
Teso|Kalaki District,Kalaki District,Teso,2022-05,23.24,156.46,77.83,0.401,5097,196,5,11,0,149191.3
South Buganda|Kalangala District,Kalangala District,South Buganda,2022-05,23.38,260.32,74.44,3.069,1069,132,59,2,0,71803.3
Busoga|Kaliro District,Kaliro District,Busoga,2022-05,22.51,164.47,81.36,0.351,9949,592,143,23,18,307158.5
South Buganda|Kalungu District,Kalungu District,South Buganda,2022-05,21.46,109.22,81.4,0.204,5558,287,31,19,3,187286.9
Kampala|Kampala District,Kampala District,Kampala,2022-05,21.37,139.24,84.74,2.366,17866,3251,784,403,47,1733849.7
Busoga|Kamuli District,Kamuli District,Busoga,2022-05,22.08,176.45,84.33,0.097,21708,1653,145,50,42,582105.2
Tooro|Kamwenge District,Kamwenge District,Tooro,2022-05,21.28,100.95,75,0.054,14565,1994,58,48,215,358517.8
Kigezi|Kanungu District,Kanungu District,Kigezi,2022-05,20.64,131,78.89,0.192,5772,787,79,45,12,230468.6
Bugisu|Kapchorwa District,Kapchorwa District,Bugisu,2022-05,18.56,224.81,71.19,0.053,854,715,24,15,0,130243.2
Teso|Kapelebyong District,Kapelebyong District,Teso,2022-05,22.71,142.53,76.77,0.037,3973,159,6,6,0,109200.8
Karamoja|Karenga District,Karenga District,Karamoja,2022-05,22.21,121.61,67.77,0.04,3398,171,16,5,440,71204.9
Tooro|Kasese District,Kasese District,Tooro,2022-05,20.73,118.57,74.38,0.435,26256,3552,252,165,98,824939.9
North Buganda|Kassanda District,Kassanda District,North Buganda,2022-05,21.19,92.52,80.92,0.133,8072,215,14,41,7,326106.6
Teso|Katakwi District,Katakwi District,Teso,2022-05,22.89,161.94,76.63,0.197,12443,258,21,10,0,204041
North Buganda|Kayunga District,Kayunga District,North Buganda,2022-05,22.29,142.31,82.97,0.332,10223,775,25,15,0,419650.3
Ankole|Kazo District,Kazo District,Ankole,2022-05,21.3,80.15,75.91,0.045,6151,382,33,6,0,231964.5
Bunyoro|Kibaale District,Kibaale District,Bunyoro,2022-05,21.56,107.89,76.49,0.059,3223,157,38,4,24,221393.4
North Buganda|Kiboga District,Kiboga District,North Buganda,2022-05,22.05,123.25,78.72,0.046,9653,528,95,19,55,178810.1
Bukedi|Kibuku District,Kibuku District,Bukedi,2022-05,22.09,171.15,80.91,0.068,15492,214,41,3,0,268165.3
Bunyoro|Kikuube District,Kikuube District,Bunyoro,2022-05,23.84,93.68,75.6,1.097,20836,906,103,38,280,394120.2
Ankole|Kiruhura District,Kiruhura District,Ankole,2022-05,21.28,74.86,73.92,0.085,4806,123,3,10,0,198157.1
Bunyoro|Kiryandongo District,Kiryandongo District,Bunyoro,2022-05,23.43,120.24,75.94,0.066,12707,1801,91,38,171,329896.2
Kigezi|Kisoro District,Kisoro District,Kigezi,2022-05,17.03,154.41,79.99,0.153,825,914,204,25,118,325807.4
Tooro|Kitagwenda District,Kitagwenda District,Tooro,2022-05,21.94,104.54,71.11,0.324,4815,108,17,15,5,190677.6
Acholi|Kitgum District,Kitgum District,Acholi,2022-05,23.21,113.66,70.44,0.047,19897,1000,165,26,63,229172.1
West Nile|Koboko District,Koboko District,West Nile,2022-05,24.39,116.8,69.49,0.048,14438,428,37,51,73,276741.8
Lango|Kole District,Kole District,Lango,2022-05,23.2,133.92,76.55,0.041,14169,1189,14,13,11,299778.7
Karamoja|Kotido District,Kotido District,Karamoja,2022-05,22.68,118.51,67.52,0.033,6883,925,275,22,2509,214711.7
Teso|Kumi District,Kumi District,Teso,2022-05,22.92,179.94,75.57,0.254,14040,379,55,46,166,300377
Lango|Kwania District,Kwania District,Lango,2022-05,23.5,134.03,77.61,0.499,11944,1520,2,33,0,227975.4
Bugisu|Kween District,Kween District,Bugisu,2022-05,21.5,187.22,64.33,0.039,1304,659,15,,0,114885.2
North Buganda|Kyankwanzi District,Kyankwanzi District,North Buganda,2022-05,22.54,119.77,75.26,0.049,9159,310,35,4,25,308853.8
Tooro|Kyegegwa District,Kyegegwa District,Tooro,2022-05,21.17,95.48,76.23,0.05,12474,2107,96,16,163,511000
Tooro|Kyenjojo District,Kyenjojo District,Tooro,2022-05,21.35,102.47,77.1,0.052,15587,3899,138,57,122,562957.7
South Buganda|Kyotera District,Kyotera District,South Buganda,2022-05,22.35,191.85,77.07,0.977,14158,1076,111,4,1,267168
Acholi|Lamwo District,Lamwo District,Acholi,2022-05,23.92,113.51,71.01,0.055,27658,1817,29,27,110,146398.9
Lango|Lira City,Lira City,Lango,2022-05,23.09,151.77,76.6,0.148,5313,427,112,70,26,255300.5
Lango|Lira District,Lira District,Lango,2022-05,23.23,142.79,76.45,0.038,6931,324,48,17,44,246923.5
Busoga|Luuka District,Luuka District,Busoga,2022-05,22.07,186.31,83.76,0.043,12775,304,41,7,1,276043.7
North Buganda|Luwero District,Luwero District,North Buganda,2022-05,21.5,136.27,85.51,0.062,20580,2195,96,40,28,545206.3
South Buganda|Lwengo District,Lwengo District,South Buganda,2022-05,21.16,105.98,78.05,0.051,9488,418,104,5,1,294393.4
South Buganda|Lyantonde District,Lyantonde District,South Buganda,2022-05,21.32,84.28,75.81,0.039,4302,314,52,12,0,116181.7
West Nile|Madi-Okollo District,Madi-Okollo District,West Nile,2022-05,25.83,111.78,66.9,0.096,16304,470,56,13,79,172327.9
Bugisu|Manafwa District,Manafwa District,Bugisu,2022-05,19.02,220.51,83.36,0.049,5540,473,131,2,0,182200.8
West Nile|Maracha District,Maracha District,West Nile,2022-05,23.95,105.12,68.98,0.035,17631,1066,24,42,21,215210.4
South Buganda|Masaka City,Masaka City,South Buganda,2022-05,21.44,155.27,80.64,0.152,3797,572,41,16,8,232363.4
South Buganda|Masaka District,Masaka District,South Buganda,2022-05,22.56,186.54,77.65,1.842,3250,325,5,,1,124957.7
Bunyoro|Masindi District,Masindi District,Bunyoro,2022-05,23.4,114.58,75.52,0.053,11087,871,45,29,18,357121.6
Busoga|Mayuge District,Mayuge District,Busoga,2022-05,22.89,178.61,78.45,2.228,13173,688,163,17,35,596765
Bugisu|Mbale City,Mbale City,Bugisu,2022-05,20.19,218.25,81.03,0.071,6974,656,69,34,4,338073.8
Bugisu|Mbale District,Mbale District,Bugisu,2022-05,19.62,219.85,82.35,0.048,7414,1063,19,11,11,282027.3
Ankole|Mbarara City,Mbarara City,Ankole,2022-05,20.7,65.1,72.76,0.123,981,793,51,75,0,229172.1
Ankole|Mbarara District,Mbarara District,Ankole,2022-05,20.67,80.32,73.08,0.05,1307,310,26,6,2,175818.3
Ankole|Mitooma District,Mitooma District,Ankole,2022-05,20.19,119.15,74.84,0.048,1954,390,10,5,0,196960.4
North Buganda|Mityana District,Mityana District,North Buganda,2022-05,21.06,110.71,84.36,0.207,18298,1178,92,6,2,372579.2
Karamoja|Moroto District,Moroto District,Karamoja,2022-05,22.61,108.65,63.87,0.027,4194,591,83,12,596,123461.7
West Nile|Moyo District,Moyo District,West Nile,2022-05,25.41,119.23,70.45,0.135,12669,792,15,7,6,113788.3
South Buganda|Mpigi District,Mpigi District,South Buganda,2022-05,21.69,133.9,82.05,0.733,5416,1153,128,31,0,298282.8
North Buganda|Mubende District,Mubende District,North Buganda,2022-05,21.06,98.4,79.46,0.053,9780,258,177,56,12,610228.1
North Buganda|Mukono District,Mukono District,North Buganda,2022-05,22.53,191.09,79.79,1.803,14666,1593,84,18,25,736781.4
Karamoja|Nabilatuk District,Nabilatuk District,Karamoja,2022-05,22.59,139.03,71.7,0.036,4407,694,52,10,671,97931.7
Karamoja|Nakapiripirit District,Nakapiripirit District,Karamoja,2022-05,21.89,166.19,70,0.039,5017,403,84,7,438,122663.9
North Buganda|Nakaseke District,Nakaseke District,North Buganda,2022-05,22.23,123.59,79.56,0.046,7778,355,107,88,43,247521.9
North Buganda|Nakasongola District,Nakasongola District,North Buganda,2022-05,23.15,108.55,76.43,0.27,10452,861,34,39,2,226679
Busoga|Namayingo District,Namayingo District,Busoga,2022-05,23.25,182.6,75.81,2.908,10989,155,39,28,9,243333.3
Bugisu|Namisindwa District,Namisindwa District,Bugisu,2022-05,16.79,224.18,82.24,0.053,4973,198,5,2,0,241837.4
Busoga|Namutumba District,Namutumba District,Busoga,2022-05,22.05,174.16,82.89,0.041,9093,1115,41,16,0,325408.5
Karamoja|Napak District,Napak District,Karamoja,2022-05,22.87,129.73,69.85,0.033,4680,1068,129,22,716,163153
West Nile|Nebbi District,Nebbi District,West Nile,2022-05,24.61,94.65,68.87,0.032,20145,741,152,122,13,297485
Teso|Ngora District,Ngora District,Teso,2022-05,23.04,176.71,78.35,0.32,5484,67,18,150,0,173823.8
Tooro|Ntoroko District,Ntoroko District,Tooro,2022-05,25.02,88.21,71.43,0.459,1396,45,20,25,0,78983.6
Ankole|Ntungamo District,Ntungamo District,Ankole,2022-05,20.18,83.64,72.56,0.048,4651,1066,51,38,15,558370.2
Acholi|Nwoya District,Nwoya District,Acholi,2022-05,24.1,126.04,75.43,0.091,12387,620,23,22,17,285019.1
West Nile|Obongi District,Obongi District,West Nile,2022-05,26.09,120.85,70.58,0.25,10188,676,39,17,120,51159.8
Acholi|Omoro District,Omoro District,Acholi,2022-05,23.44,152.63,74.93,0.054,22036,450,4,16,21,209027.3
Lango|Otuke District,Otuke District,Lango,2022-05,22.82,140.49,76.38,0.042,12908,174,13,26,3,144304.6
Lango|Oyam District,Oyam District,Lango,2022-05,23.24,134.8,76.19,0.053,29604,840,81,96,109,477691.3
Acholi|Pader District,Pader District,Acholi,2022-05,23.69,130.51,73.8,0.049,28253,1260,72,9,70,203143.4
West Nile|Pakwach District,Pakwach District,West Nile,2022-05,25.73,86.14,71.44,0.262,10073,245,52,50,6,210922.1
Bukedi|Pallisa District,Pallisa District,Bukedi,2022-05,22.69,165.63,80.25,0.344,9965,217,17,15,2,382651.6
South Buganda|Rakai District,Rakai District,South Buganda,2022-05,21.15,107.25,77.79,0.142,18523,1580,56,3,4,330993.2
Kigezi|Rubanda District,Rubanda District,Kigezi,2022-05,17.34,150.48,78.57,0.125,333,728,16,4,7,211321
Ankole|Rubirizi District,Rubirizi District,Ankole,2022-05,22.82,102.84,75.72,0.845,3546,142,6,1,0,148692.6
Kigezi|Rukiga District,Rukiga District,Kigezi,2022-05,19.18,125.88,74.45,0.041,916,423,12,1,3,106408.5
Kigezi|Rukungiri District,Rukungiri District,Kigezi,2022-05,21.17,110.09,76.61,0.231,3755,857,100,26,6,338472.7
Ankole|Rwampara District,Rwampara District,Ankole,2022-05,20.06,77.93,74.9,0.046,380,346,3,5,0,150088.8
South Buganda|Sembabule District,Sembabule District,South Buganda,2022-05,21.3,91.53,77.54,0.038,6980,255,72,5,8,310848.4
Teso|Serere District,Serere District,Teso,2022-05,23.4,165.28,77.06,0.884,6686,209,30,30,0,386441.3
Ankole|Sheema District,Sheema District,Ankole,2022-05,20.09,92.28,76,0.055,369,461,29,7,0,223886.6
Bugisu|Sironko District,Sironko District,Bugisu,2022-05,17.78,217.79,79.59,0.052,6826,559,33,11,2,284420.8
Teso|Soroti City,Soroti City,Teso,2022-05,22.87,172.38,78.38,0.113,4590,244,37,7,4,74595.6
Teso|Soroti District,Soroti District,Teso,2022-05,22.91,167.4,78.31,0.156,8638,143,3,37,0,312743.2
West Nile|Terego District,Terego District,West Nile,2022-05,25.83,116.56,65.66,0.043,29305,1855,74,30,182,244629.8
Bukedi|Tororo District,Tororo District,Bukedi,2022-05,20.98,200.04,81.09,0.04,35198,1394,52,88,17,623990.4
South Buganda|Wakiso District,Wakiso District,South Buganda,2022-05,21.86,162.92,82.37,1.136,28992,1967,483,47,15,3298961.7
West Nile|Yumbe District,Yumbe District,West Nile,2022-05,25.43,117.37,68.6,0.044,47204,1540,201,60,189,734388
West Nile|Zombo District,Zombo District,West Nile,2022-05,21.86,121.6,73.32,0.045,19480,1205,74,80,12,297684.4
Karamoja|Abim District,Abim District,Karamoja,2022-06,21.6,57.47,71.81,0.059,10993,210,63,20,329,172128.4
West Nile|Adjumani District,Adjumani District,West Nile,2022-06,24.45,102.21,69.55,0.099,45501,2812,133,49,409,238147.5
Acholi|Agago District,Agago District,Acholi,2022-06,21.93,70.09,73.08,0.056,27046,322,67,13,56,258092.9
Lango|Alebtong District,Alebtong District,Lango,2022-06,21.95,66.57,75.98,0.046,16250,261,17,28,5,278836.1
Lango|Amolatar District,Amolatar District,Lango,2022-06,23.25,69.33,72.63,1.564,14405,767,55,10,0,177513.7
Karamoja|Amudat District,Amudat District,Karamoja,2022-06,21.56,43.74,64.57,0.036,3957,455,10,11,228,145700.8
Teso|Amuria District,Amuria District,Teso,2022-06,21.69,70.84,77.37,0.046,15777,290,23,29,0,239842.9
Acholi|Amuru District,Amuru District,Acholi,2022-06,23.75,103.5,70.39,0.063,20129,399,20,25,2,226679
Lango|Apac District,Apac District,Lango,2022-06,22.82,58.21,72.19,0.176,17151,1039,14,15,0,241239.1
West Nile|Arua City,Arua City,West Nile,2022-06,22.85,72.83,67.23,0.061,7645,502,98,17,39,379061.5
West Nile|Arua District,Arua District,West Nile,2022-06,23.8,64.88,63.32,0.053,4022,58,1,56,37,163950.8
Bukedi|Budaka District,Budaka District,Bukedi,2022-06,20.65,91.72,77.08,0.04,21104,359,65,10,0,269262.3
Bugisu|Bududa District,Bududa District,Bugisu,2022-06,13.32,102.13,79.26,0.053,3358,1678,87,9,23,293994.5
Busoga|Bugiri District,Bugiri District,Busoga,2022-06,21.22,75.24,80.07,0.103,16625,945,30,27,12,515986.3
Busoga|Bugweri District,Bugweri District,Busoga,2022-06,21.21,75.2,80.33,0.058,9729,676,51,15,4,200450.8
Ankole|Buhweju District,Buhweju District,Ankole,2022-06,19.1,18.06,65.93,0.071,558,394,46,4,0,152183.1
North Buganda|Buikwe District,Buikwe District,North Buganda,2022-06,21.35,61.15,78.64,0.57,15305,1749,96,54,30,490057.4
Teso|Bukedea District,Bukedea District,Teso,2022-06,20.9,89.33,74.66,0.048,12055,291,17,5,4,279933.1
South Buganda|Bukomansimbi District,Bukomansimbi District,South Buganda,2022-06,21.1,21.35,67.65,0.041,4547,1438,12,9,0,157468.6
Bugisu|Bukwo District,Bukwo District,Bugisu,2022-06,17.97,78.36,64.54,0.053,1478,2668,35,,0,130642.1
Bugisu|Bulambuli District,Bulambuli District,Bugisu,2022-06,18.27,86.35,72.4,0.052,4116,1612,50,7,10,252209
Bunyoro|Buliisa District,Buliisa District,Bunyoro,2022-06,24.52,54.99,69.51,1.418,9008,377,62,5,11,163252.7
Tooro|Bundibugyo District,Bundibugyo District,Tooro,2022-06,20.2,47.89,70.27,0.089,14950,1172,180,34,170,277140.7
Tooro|Bunyangabu District,Bunyangabu District,Tooro,2022-06,19.02,32.98,69.26,0.062,3613,396,75,5,0,203243.2
Ankole|Bushenyi District,Bushenyi District,Ankole,2022-06,20,16.19,64.51,0.076,2928,611,40,20,10,242834.7
Bukedi|Busia District,Busia District,Bukedi,2022-06,20.8,84.69,79.51,0.165,23322,901,97,50,42,404691.3
Bukedi|Butaleja District,Butaleja District,Bukedi,2022-06,20.75,84.85,78.09,0.041,18448,1174,137,32,0,320621.6
South Buganda|Butambala District,Butambala District,South Buganda,2022-06,20.9,36.2,72.79,0.051,6024,341,21,6,9,109699.5
Bukedi|Butebo District,Butebo District,Bukedi,2022-06,21.19,93.82,76.61,0.039,9279,635,11,14,0,123960.4
North Buganda|Buvuma District,Buvuma District,North Buganda,2022-06,23.23,66.94,67.53,3.172,4083,550,36,2,0,144903
Busoga|Buyende District,Buyende District,Busoga,2022-06,22.86,72.85,74.65,0.985,13190,276,15,25,5,448870.2
Lango|Dokolo District,Dokolo District,Lango,2022-06,22.32,69.91,76.27,0.319,20652,382,47,22,0,226479.5
Tooro|Fort Portal City,Fort Portal City,Tooro,2022-06,18.87,37.03,71.99,0.139,1628,493,112,23,3,119572.4
South Buganda|Gomba District,Gomba District,South Buganda,2022-06,21.06,20.59,68.67,0.061,3844,71,4,10,0,177713.1
Acholi|Gulu City,Gulu City,Acholi,2022-06,22.66,116.78,72.18,0.16,10408,1130,77,72,49,219199.5
Acholi|Gulu District,Gulu District,Acholi,2022-06,23.21,102,71.53,0.057,10789,416,15,11,38,123362
Bunyoro|Hoima City,Hoima City,Bunyoro,2022-06,22,68.78,72.61,0.115,3601,392,37,16,0,130642.1
Bunyoro|Hoima District,Hoima District,Bunyoro,2022-06,23.78,54.52,69.33,1.44,6633,185,27,12,18,268265
Ankole|Ibanda District,Ibanda District,Ankole,2022-06,21.26,20.44,60.63,0.062,13637,647,30,22,39,285617.5
Busoga|Iganga District,Iganga District,Busoga,2022-06,21.38,81.91,79.39,0.08,27134,1464,114,64,39,424237.7
Ankole|Isingiro District,Isingiro District,Ankole,2022-06,20.86,7.3,58.79,0.084,19865,3149,94,73,315,635558.7
Busoga|Jinja City,Jinja City,Busoga,2022-06,21.13,74.71,81.99,0.825,7620,581,59,131,0,276741.8
Busoga|Jinja District,Jinja District,Busoga,2022-06,21.12,70.5,81.36,0.125,12552,586,25,,16,251012.3
Karamoja|Kaabong District,Kaabong District,Karamoja,2022-06,21.55,46.72,61.46,0.05,7554,727,42,4,2913,131240.4
Kigezi|Kabale District,Kabale District,Kigezi,2022-06,17.51,8.68,64.28,0.174,716,750,72,30,3,253605.2
Tooro|Kabarole District,Kabarole District,Tooro,2022-06,20.89,37.59,67.96,0.068,4674,256,29,10,0,230468.6
Teso|Kaberamaido District,Kaberamaido District,Teso,2022-06,22.88,72.63,73.84,0.837,13860,159,24,14,0,143008.2
Bunyoro|Kagadi District,Kagadi District,Bunyoro,2022-06,22.47,56.54,68.39,0.351,9615,198,34,45,60,458444
Bunyoro|Kakumiro District,Kakumiro District,Bunyoro,2022-06,21.7,64.84,65.68,0.064,12951,553,58,25,24,554480.9
Teso|Kalaki District,Kalaki District,Teso,2022-06,22.42,69.14,75.6,0.405,10645,96,5,7,0,149191.3
South Buganda|Kalangala District,Kalangala District,South Buganda,2022-06,23.22,95.93,66.56,3.07,1084,138,63,8,0,71803.3
Busoga|Kaliro District,Kaliro District,Busoga,2022-06,22.03,74.25,77.01,0.354,13821,1195,180,7,21,307158.5
South Buganda|Kalungu District,Kalungu District,South Buganda,2022-06,21.17,30.16,71,0.213,4942,559,29,9,0,187286.9
Kampala|Kampala District,Kampala District,Kampala,2022-06,20.85,45.42,78.2,2.368,18166,4161,1187,521,79,1733849.7
Busoga|Kamuli District,Kamuli District,Busoga,2022-06,21.57,79.46,79.63,0.102,38596,2346,141,35,100,582105.2
Tooro|Kamwenge District,Kamwenge District,Tooro,2022-06,21.27,29.32,62.41,0.065,20242,2577,64,34,221,358517.8
Kigezi|Kanungu District,Kanungu District,Kigezi,2022-06,20.3,21.23,69.2,0.2,6434,889,81,34,72,230468.6
Bugisu|Kapchorwa District,Kapchorwa District,Bugisu,2022-06,17.43,84.98,71.34,0.056,1172,848,11,7,0,130243.2
Teso|Kapelebyong District,Kapelebyong District,Teso,2022-06,21.77,68.62,75.6,0.05,6733,166,40,10,2,109200.8
Karamoja|Karenga District,Karenga District,Karamoja,2022-06,20.94,60.84,68.34,0.054,5117,429,3,9,368,71204.9
Tooro|Kasese District,Kasese District,Tooro,2022-06,20.65,25.78,62.97,0.439,25933,3459,288,162,91,824939.9
North Buganda|Kassanda District,Kassanda District,North Buganda,2022-06,21.03,31.52,70.01,0.139,7022,172,27,13,1,326106.6
Teso|Katakwi District,Katakwi District,Teso,2022-06,21.95,61.23,75.59,0.203,20471,428,29,12,2308,204041
North Buganda|Kayunga District,Kayunga District,North Buganda,2022-06,21.83,82.2,77.62,0.336,13163,954,26,42,1,419650.3
Ankole|Kazo District,Kazo District,Ankole,2022-06,21.46,16.89,61,0.055,7383,355,7,3,0,231964.5
Bunyoro|Kibaale District,Kibaale District,Bunyoro,2022-06,21.46,58.4,64.3,0.07,3650,72,19,8,26,221393.4
North Buganda|Kiboga District,Kiboga District,North Buganda,2022-06,22,55.35,67.69,0.05,10703,581,70,18,68,178810.1
Bukedi|Kibuku District,Kibuku District,Bukedi,2022-06,21.39,84.25,78.24,0.07,26706,290,133,3,0,268165.3
Bunyoro|Kikuube District,Kikuube District,Bunyoro,2022-06,23.3,57.1,69.81,1.102,25152,885,73,30,318,394120.2
Ankole|Kiruhura District,Kiruhura District,Ankole,2022-06,21.32,10.4,59.54,0.088,6653,168,3,4,0,198157.1
Bunyoro|Kiryandongo District,Kiryandongo District,Bunyoro,2022-06,22.82,70.67,70.75,0.074,14962,1740,50,37,126,329896.2
Kigezi|Kisoro District,Kisoro District,Kigezi,2022-06,16.45,23.19,69.32,0.162,1862,812,258,24,324,325807.4
Tooro|Kitagwenda District,Kitagwenda District,Tooro,2022-06,22,24.8,58.26,0.332,5784,143,7,7,0,190677.6
Acholi|Kitgum District,Kitgum District,Acholi,2022-06,22.18,75.47,69.45,0.061,18831,1361,69,18,79,229172.1
West Nile|Koboko District,Koboko District,West Nile,2022-06,23.16,120.04,70.15,0.055,14424,343,17,37,93,276741.8
Lango|Kole District,Kole District,Lango,2022-06,22.3,67.39,75.09,0.047,11767,835,9,26,15,299778.7
Karamoja|Kotido District,Kotido District,Karamoja,2022-06,21.51,44.49,66.92,0.049,8659,629,164,25,1706,214711.7
Teso|Kumi District,Kumi District,Teso,2022-06,22.12,81.58,73.5,0.258,17785,312,120,73,381,300377
Lango|Kwania District,Kwania District,Lango,2022-06,22.72,63.4,75.35,0.504,9835,1643,9,37,0,227975.4
Bugisu|Kween District,Kween District,Bugisu,2022-06,20.35,69.78,64.12,0.045,1583,954,28,1,0,114885.2
North Buganda|Kyankwanzi District,Kyankwanzi District,North Buganda,2022-06,22.55,57.2,63.51,0.055,8554,475,4,7,21,308853.8
Tooro|Kyegegwa District,Kyegegwa District,Tooro,2022-06,21.11,33.47,63.1,0.061,11805,1915,104,36,228,511000
Tooro|Kyenjojo District,Kyenjojo District,Tooro,2022-06,21.11,45.14,66.75,0.065,17693,3779,116,154,57,562957.7
South Buganda|Kyotera District,Kyotera District,South Buganda,2022-06,22.08,33.15,67.59,0.986,14333,1299,89,11,0,267168
Acholi|Lamwo District,Lamwo District,Acholi,2022-06,22.9,95.87,69.72,0.064,28556,1741,30,16,156,146398.9
Lango|Lira City,Lira City,Lango,2022-06,22.15,54.9,75.35,0.151,6047,574,106,110,9,255300.5
Lango|Lira District,Lira District,Lango,2022-06,22.28,62.52,75.25,0.043,7793,652,29,9,60,246923.5
Busoga|Luuka District,Luuka District,Busoga,2022-06,21.58,77.44,78.94,0.047,14996,545,65,3,0,276043.7
North Buganda|Luwero District,Luwero District,North Buganda,2022-06,21.02,78.49,78.93,0.068,22683,2423,112,40,52,545206.3
South Buganda|Lwengo District,Lwengo District,South Buganda,2022-06,20.98,16.44,65.33,0.058,9935,672,54,7,0,294393.4
South Buganda|Lyantonde District,Lyantonde District,South Buganda,2022-06,21.33,10.53,61.85,0.043,5609,610,36,7,0,116181.7
West Nile|Madi-Okollo District,Madi-Okollo District,West Nile,2022-06,25.27,63.95,62.07,0.107,13160,471,30,19,81,172327.9
Bugisu|Manafwa District,Manafwa District,Bugisu,2022-06,18.33,100.65,81.35,0.047,6445,628,256,5,0,182200.8
West Nile|Maracha District,Maracha District,West Nile,2022-06,22.86,85.71,68.63,0.041,16100,689,23,39,24,215210.4
South Buganda|Masaka City,Masaka City,South Buganda,2022-06,21.11,32.26,70.11,0.162,3648,686,70,13,10,232363.4
South Buganda|Masaka District,Masaka District,South Buganda,2022-06,22.26,54.83,69.35,1.848,2664,320,5,,0,124957.7
Bunyoro|Masindi District,Masindi District,Bunyoro,2022-06,23.03,67.93,67.73,0.06,9824,741,38,61,36,357121.6
Busoga|Mayuge District,Mayuge District,Busoga,2022-06,22.55,62.54,71.94,2.23,17869,1077,178,22,64,596765
Bugisu|Mbale City,Mbale City,Bugisu,2022-06,19.38,98.66,79.73,0.074,9849,1233,79,38,1,338073.8
Bugisu|Mbale District,Mbale District,Bugisu,2022-06,18.89,99.21,80.61,0.049,11683,1209,12,17,3,282027.3
Ankole|Mbarara City,Mbarara City,Ankole,2022-06,20.59,7.76,59.21,0.127,1239,708,185,87,0,229172.1
Ankole|Mbarara District,Mbarara District,Ankole,2022-06,20.72,11.57,58.71,0.055,1590,374,17,5,11,175818.3
Ankole|Mitooma District,Mitooma District,Ankole,2022-06,20.27,14.79,60.64,0.056,2205,294,14,1,0,196960.4
North Buganda|Mityana District,Mityana District,North Buganda,2022-06,20.81,39.98,74.47,0.216,19341,1074,56,16,15,372579.2
Karamoja|Moroto District,Moroto District,Karamoja,2022-06,21.38,35.33,63.01,0.035,5325,735,57,8,713,123461.7
West Nile|Moyo District,Moyo District,West Nile,2022-06,24.34,100.44,69.47,0.142,12852,661,31,4,23,113788.3
South Buganda|Mpigi District,Mpigi District,South Buganda,2022-06,21.45,48.73,72.57,0.741,4983,1463,89,10,0,298282.8
North Buganda|Mubende District,Mubende District,North Buganda,2022-06,21,35.25,66.9,0.064,8957,381,83,56,9,610228.1
North Buganda|Mukono District,Mukono District,North Buganda,2022-06,22.17,71.78,73.1,1.807,17592,2798,167,47,49,736781.4
Karamoja|Nabilatuk District,Nabilatuk District,Karamoja,2022-06,21.59,44.02,70.29,0.044,4764,303,40,18,604,97931.7
Karamoja|Nakapiripirit District,Nakapiripirit District,Karamoja,2022-06,20.79,56.42,69.28,0.044,6565,512,65,11,902,122663.9
North Buganda|Nakaseke District,Nakaseke District,North Buganda,2022-06,21.99,56.46,70.47,0.05,6493,591,155,32,37,247521.9
North Buganda|Nakasongola District,Nakasongola District,North Buganda,2022-06,22.78,55.64,70.06,0.274,16598,1590,34,7,2,226679
Busoga|Namayingo District,Namayingo District,Busoga,2022-06,23,71.01,68.81,2.909,15889,498,153,143,56,243333.3
Bugisu|Namisindwa District,Namisindwa District,Bugisu,2022-06,15.97,96.85,80.54,0.053,4300,153,40,19,0,241837.4
Busoga|Namutumba District,Namutumba District,Busoga,2022-06,21.49,85.77,79.07,0.042,14568,2036,25,19,35,325408.5
Karamoja|Napak District,Napak District,Karamoja,2022-06,21.72,47.17,69.47,0.046,10093,915,114,25,747,163153
West Nile|Nebbi District,Nebbi District,West Nile,2022-06,24.2,57.62,62,0.038,16657,682,127,78,41,297485
Teso|Ngora District,Ngora District,Teso,2022-06,22.26,76.09,76.63,0.322,10421,252,80,17,3,173823.8
Tooro|Ntoroko District,Ntoroko District,Tooro,2022-06,24.98,36.34,62.55,0.463,1885,27,13,26,0,78983.6
Ankole|Ntungamo District,Ntungamo District,Ankole,2022-06,20.14,7.09,57.85,0.054,4616,1165,70,38,4,558370.2
Acholi|Nwoya District,Nwoya District,Acholi,2022-06,23.46,80.91,70.55,0.097,13435,549,20,33,10,285019.1
West Nile|Obongi District,Obongi District,West Nile,2022-06,25.25,88.34,68.34,0.262,11955,997,17,19,98,51159.8
Acholi|Omoro District,Omoro District,Acholi,2022-06,22.56,103.97,73.02,0.06,20376,703,106,36,28,209027.3
Lango|Otuke District,Otuke District,Lango,2022-06,21.82,63.44,75.19,0.049,11237,167,9,9,9,144304.6
Lango|Oyam District,Oyam District,Lango,2022-06,22.39,74.82,73.66,0.059,25886,1325,66,104,116,477691.3
Acholi|Pader District,Pader District,Acholi,2022-06,22.73,87.84,72.92,0.057,25155,1014,74,36,13,203143.4
West Nile|Pakwach District,Pakwach District,West Nile,2022-06,25.42,48.85,64.24,0.268,9102,251,36,48,5,210922.1
Bukedi|Pallisa District,Pallisa District,Bukedi,2022-06,22.02,83.59,77.53,0.345,15348,304,28,11,17,382651.6
South Buganda|Rakai District,Rakai District,South Buganda,2022-06,20.95,10.84,64.43,0.15,23136,2100,37,7,5,330993.2
Kigezi|Rubanda District,Rubanda District,Kigezi,2022-06,16.82,14.26,67.04,0.133,457,834,21,3,3,211321
Ankole|Rubirizi District,Rubirizi District,Ankole,2022-06,22.75,21.01,64.5,0.852,3216,144,2,12,0,148692.6
Kigezi|Rukiga District,Rukiga District,Kigezi,2022-06,19.05,8.19,60.59,0.048,789,333,10,5,4,106408.5
Kigezi|Rukungiri District,Rukungiri District,Kigezi,2022-06,21.07,14.66,65.05,0.239,4649,1144,77,47,5,338472.7
Ankole|Rwampara District,Rwampara District,Ankole,2022-06,19.82,15.74,61.87,0.056,470,361,15,9,0,150088.8
South Buganda|Sembabule District,Sembabule District,South Buganda,2022-06,21.46,15.16,62.73,0.042,8241,316,38,14,0,310848.4
Teso|Serere District,Serere District,Teso,2022-06,22.8,71.99,73.43,0.887,11257,318,40,10,0,386441.3
Ankole|Sheema District,Sheema District,Ankole,2022-06,20.01,13.19,62.1,0.063,446,439,10,25,0,223886.6
Bugisu|Sironko District,Sironko District,Bugisu,2022-06,16.82,103.77,79.27,0.057,8449,657,32,26,0,284420.8
Teso|Soroti City,Soroti City,Teso,2022-06,22.02,78.64,76.81,0.116,7611,299,91,28,0,74595.6
Teso|Soroti District,Soroti District,Teso,2022-06,22.04,73.69,76.81,0.16,14875,314,7,28,0,312743.2
West Nile|Terego District,Terego District,West Nile,2022-06,24.97,76.89,63.15,0.048,25422,1767,61,31,147,244629.8
Bukedi|Tororo District,Tororo District,Bukedi,2022-06,20.31,92.86,77.93,0.041,29152,1795,94,70,38,623990.4
South Buganda|Wakiso District,Wakiso District,South Buganda,2022-06,21.44,64.93,75.38,1.143,30785,2372,374,49,116,3298961.7
West Nile|Yumbe District,Yumbe District,West Nile,2022-06,24.42,105.96,67.22,0.054,52793,1832,237,51,285,734388
West Nile|Zombo District,Zombo District,West Nile,2022-06,21.05,71.07,69.97,0.055,16201,1147,28,77,5,297684.4
Karamoja|Abim District,Abim District,Karamoja,2022-07,21.68,74.44,71,0.05,10340,150,34,17,255,172128.4
West Nile|Adjumani District,Adjumani District,West Nile,2022-07,24.02,111.77,71.88,0.094,33237,1868,260,65,297,238147.5
Acholi|Agago District,Agago District,Acholi,2022-07,21.94,80.05,73.14,0.05,33765,379,64,19,50,258092.9
Lango|Alebtong District,Alebtong District,Lango,2022-07,22.15,85.62,72.38,0.043,16951,270,14,29,21,278836.1
Lango|Amolatar District,Amolatar District,Lango,2022-07,23.14,35.17,69.26,1.561,12517,786,8,8,0,177513.7
Karamoja|Amudat District,Amudat District,Karamoja,2022-07,21.3,77.13,68.24,0.033,3389,253,11,16,382,145700.8
Teso|Amuria District,Amuria District,Teso,2022-07,21.89,80.19,73.61,0.043,12945,201,14,34,0,239842.9
Acholi|Amuru District,Amuru District,Acholi,2022-07,23.53,97.71,70.93,0.057,17187,548,18,25,21,226679
Lango|Apac District,Apac District,Lango,2022-07,23.04,35.15,66.7,0.164,14851,1025,7,36,10,241239.1
West Nile|Arua City,Arua City,West Nile,2022-07,22.28,131.42,71.64,0.059,7004,446,79,13,42,379061.5
West Nile|Arua District,Arua District,West Nile,2022-07,23.38,109.59,66.54,0.047,3221,44,2,22,28,163950.8
Bukedi|Budaka District,Budaka District,Bukedi,2022-07,21.22,75.19,72.4,0.037,16934,269,57,11,0,269262.3
Bugisu|Bududa District,Bududa District,Bugisu,2022-07,13.41,127.13,83.15,0.048,3468,1048,50,1,16,293994.5
Busoga|Bugiri District,Bugiri District,Busoga,2022-07,21.59,53.4,73.79,0.098,20557,1288,47,42,28,515986.3
Busoga|Bugweri District,Bugweri District,Busoga,2022-07,21.54,53.13,73.58,0.054,10306,246,81,3,5,200450.8
Ankole|Buhweju District,Buhweju District,Ankole,2022-07,19.78,8.05,56.44,0.062,438,277,42,2,5,152183.1
North Buganda|Buikwe District,Buikwe District,North Buganda,2022-07,21.37,40.15,74.39,0.569,12574,1354,56,44,13,490057.4
Teso|Bukedea District,Bukedea District,Teso,2022-07,21.33,94.94,70.6,0.043,10501,318,20,30,4,279933.1
South Buganda|Bukomansimbi District,Bukomansimbi District,South Buganda,2022-07,21.74,7.78,57.41,0.033,2844,785,7,,1,157468.6
Bugisu|Bukwo District,Bukwo District,Bugisu,2022-07,17.26,119.16,73.68,0.044,1699,730,19,,0,130642.1
Bugisu|Bulambuli District,Bulambuli District,Bugisu,2022-07,18.45,112.03,72.69,0.046,3682,888,27,12,2,252209
Bunyoro|Buliisa District,Buliisa District,Bunyoro,2022-07,24.86,47.33,65.23,1.412,8845,220,30,7,2,163252.7
Tooro|Bundibugyo District,Bundibugyo District,Tooro,2022-07,20.29,30.73,68.95,0.086,15834,978,99,36,201,277140.7
Tooro|Bunyangabu District,Bunyangabu District,Tooro,2022-07,19.52,15.96,62.61,0.054,3554,286,33,37,2,203243.2
Ankole|Bushenyi District,Bushenyi District,Ankole,2022-07,20.74,10.64,54.95,0.066,2699,563,24,23,15,242834.7
Bukedi|Busia District,Busia District,Bukedi,2022-07,21.11,57.17,75.33,0.161,20008,742,76,61,54,404691.3
Bukedi|Butaleja District,Butaleja District,Bukedi,2022-07,21.37,65.03,72.69,0.039,20252,1477,143,24,9,320621.6
South Buganda|Butambala District,Butambala District,South Buganda,2022-07,21.44,27.74,63.38,0.046,3898,285,11,22,2,109699.5
Bukedi|Butebo District,Butebo District,Bukedi,2022-07,21.61,81.62,72.66,0.036,8901,289,21,1,0,123960.4
North Buganda|Buvuma District,Buvuma District,North Buganda,2022-07,23.04,30.61,65.13,3.172,2953,446,16,3,1,144903
Busoga|Buyende District,Buyende District,Busoga,2022-07,22.96,39.35,70.36,0.982,12698,228,9,28,12,448870.2
Lango|Dokolo District,Dokolo District,Lango,2022-07,22.28,48.71,72.73,0.316,18606,497,36,28,0,226479.5
Tooro|Fort Portal City,Fort Portal City,Tooro,2022-07,19.18,13.02,67.73,0.133,1524,680,125,66,4,119572.4
South Buganda|Gomba District,Gomba District,South Buganda,2022-07,21.78,23.48,57.74,0.052,3516,106,19,41,0,177713.1
Acholi|Gulu City,Gulu City,Acholi,2022-07,22.59,99.88,70.69,0.156,7897,987,119,40,127,219199.5
Acholi|Gulu District,Gulu District,Acholi,2022-07,23.06,95.29,71.16,0.052,8826,173,12,12,20,123362
Bunyoro|Hoima City,Hoima City,Bunyoro,2022-07,22.67,39.02,65.68,0.107,2057,453,33,15,4,130642.1
Bunyoro|Hoima District,Hoima District,Bunyoro,2022-07,24.04,39.83,65.66,1.433,4630,122,67,17,14,268265
Ankole|Ibanda District,Ibanda District,Ankole,2022-07,22.24,7.04,49.6,0.049,14656,377,21,20,76,285617.5
Busoga|Iganga District,Iganga District,Busoga,2022-07,21.76,52.92,72.75,0.076,26085,1407,89,52,16,424237.7
Ankole|Isingiro District,Isingiro District,Ankole,2022-07,21.51,6.08,48.96,0.07,18637,3161,120,59,394,635558.7
Busoga|Jinja City,Jinja City,Busoga,2022-07,21.27,46.66,76.36,0.825,7097,962,61,74,0,276741.8
Busoga|Jinja District,Jinja District,Busoga,2022-07,21.34,47.78,75.08,0.123,12322,548,128,,17,251012.3
Karamoja|Kaabong District,Kaabong District,Karamoja,2022-07,21.48,44.55,62.58,0.044,6123,569,12,11,2159,131240.4
Kigezi|Kabale District,Kabale District,Kigezi,2022-07,18.69,10.21,52.8,0.162,676,898,110,27,6,253605.2
Tooro|Kabarole District,Kabarole District,Tooro,2022-07,21.48,12.66,60.92,0.063,4410,302,63,7,0,230468.6
Teso|Kaberamaido District,Kaberamaido District,Teso,2022-07,22.86,42.27,69.95,0.831,9281,174,11,21,0,143008.2
Bunyoro|Kagadi District,Kagadi District,Bunyoro,2022-07,23.29,22.8,60.15,0.341,10624,204,59,67,23,458444
Bunyoro|Kakumiro District,Kakumiro District,Bunyoro,2022-07,22.86,36.59,53.29,0.05,10212,505,26,23,44,554480.9
Teso|Kalaki District,Kalaki District,Teso,2022-07,22.59,49.96,70.96,0.4,7157,43,2,16,0,149191.3
South Buganda|Kalangala District,Kalangala District,South Buganda,2022-07,22.87,25.36,65.44,3.07,737,158,62,4,0,71803.3
Busoga|Kaliro District,Kaliro District,Busoga,2022-07,22.36,45.78,71.59,0.351,13989,772,129,13,8,307158.5
South Buganda|Kalungu District,Kalungu District,South Buganda,2022-07,21.69,14.35,61.84,0.208,3407,413,36,17,0,187286.9
Kampala|Kampala District,Kampala District,Kampala,2022-07,20.98,31.25,72.13,2.367,16327,3578,948,461,80,1733849.7
Busoga|Kamuli District,Kamuli District,Busoga,2022-07,21.83,48.79,74.16,0.098,40456,2744,115,54,27,582105.2
Tooro|Kamwenge District,Kamwenge District,Tooro,2022-07,22.41,10.43,49.88,0.052,16703,3388,48,46,241,358517.8
Kigezi|Kanungu District,Kanungu District,Kigezi,2022-07,20.88,14.48,62.01,0.188,6739,952,83,13,13,230468.6
Bugisu|Kapchorwa District,Kapchorwa District,Bugisu,2022-07,17.44,124.55,74.13,0.05,851,657,15,5,0,130243.2
Teso|Kapelebyong District,Kapelebyong District,Teso,2022-07,22.02,102.34,72.24,0.047,5458,156,3,9,0,109200.8
Karamoja|Karenga District,Karenga District,Karamoja,2022-07,21.01,76.65,69.99,0.047,4413,285,34,5,744,71204.9
Tooro|Kasese District,Kasese District,Tooro,2022-07,21.02,18.37,56.1,0.43,25982,2983,291,142,81,824939.9
North Buganda|Kassanda District,Kassanda District,North Buganda,2022-07,21.75,31.8,58.51,0.129,5773,184,21,5,0,326106.6
Teso|Katakwi District,Katakwi District,Teso,2022-07,22.15,86.91,72.66,0.199,17146,171,56,23,131,204041
North Buganda|Kayunga District,Kayunga District,North Buganda,2022-07,22.14,44.34,70.84,0.332,10714,940,64,30,10,419650.3
Ankole|Kazo District,Kazo District,Ankole,2022-07,22.68,6.88,48,0.038,8694,435,27,3,0,231964.5
Bunyoro|Kibaale District,Kibaale District,Bunyoro,2022-07,22.59,27.39,52.05,0.059,2982,184,13,4,3,221393.4
North Buganda|Kiboga District,Kiboga District,North Buganda,2022-07,22.85,51.2,56.2,0.04,6407,532,35,35,35,178810.1
Bukedi|Kibuku District,Kibuku District,Bukedi,2022-07,21.8,66.17,73.83,0.066,22958,236,74,4,0,268165.3
Bunyoro|Kikuube District,Kikuube District,Bunyoro,2022-07,23.8,31.6,64.16,1.095,16556,1234,72,22,235,394120.2
Ankole|Kiruhura District,Kiruhura District,Ankole,2022-07,22.11,4.84,48.6,0.073,5262,92,6,5,0,198157.1
Bunyoro|Kiryandongo District,Kiryandongo District,Bunyoro,2022-07,23.38,50.86,63.54,0.066,11061,1575,84,75,178,329896.2
Kigezi|Kisoro District,Kisoro District,Kigezi,2022-07,17.28,13.63,60.57,0.149,1541,675,390,71,215,325807.4
Tooro|Kitagwenda District,Kitagwenda District,Tooro,2022-07,22.71,8.88,49.12,0.32,6040,185,3,6,0,190677.6
Acholi|Kitgum District,Kitgum District,Acholi,2022-07,22.09,93.71,70.95,0.053,18348,707,80,55,56,229172.1
West Nile|Koboko District,Koboko District,West Nile,2022-07,22.3,166.59,76.2,0.054,11019,350,49,26,73,276741.8
Lango|Kole District,Kole District,Lango,2022-07,22.34,55.62,71.38,0.04,10042,998,2,22,31,299778.7
Karamoja|Kotido District,Kotido District,Karamoja,2022-07,21.6,51.38,67.06,0.044,10181,567,165,26,4241,214711.7
Teso|Kumi District,Kumi District,Teso,2022-07,22.58,77.19,68.23,0.254,14553,309,51,27,388,300377
Lango|Kwania District,Kwania District,Lango,2022-07,22.63,39.48,71.49,0.496,11800,1641,7,28,1,227975.4
Bugisu|Kween District,Kween District,Bugisu,2022-07,20.07,110.12,69.27,0.041,2047,549,62,1,0,114885.2
North Buganda|Kyankwanzi District,Kyankwanzi District,North Buganda,2022-07,23.59,44.79,52.18,0.046,5595,361,19,6,32,308853.8
Tooro|Kyegegwa District,Kyegegwa District,Tooro,2022-07,22.24,16.61,50.32,0.047,12259,1534,96,39,129,511000
Tooro|Kyenjojo District,Kyenjojo District,Tooro,2022-07,22.01,15.04,56.62,0.054,14281,3933,86,73,53,562957.7
South Buganda|Kyotera District,Kyotera District,South Buganda,2022-07,22.15,11.22,61.92,0.98,12146,1188,60,2,0,267168
Acholi|Lamwo District,Lamwo District,Acholi,2022-07,22.52,112.65,72.25,0.055,26674,1434,17,30,142,146398.9
Lango|Lira City,Lira City,Lango,2022-07,22.17,52.19,71.98,0.147,6455,475,96,47,8,255300.5
Lango|Lira District,Lira District,Lango,2022-07,22.31,65.37,72.35,0.038,7759,487,46,16,74,246923.5
Busoga|Luuka District,Luuka District,Busoga,2022-07,21.92,50.71,72.57,0.043,17051,463,36,13,3,276043.7
North Buganda|Luwero District,Luwero District,North Buganda,2022-07,21.48,42.54,69.89,0.063,15560,1981,128,40,25,545206.3
South Buganda|Lwengo District,Lwengo District,South Buganda,2022-07,21.7,2.07,54.65,0.045,6745,529,37,133,0,294393.4
South Buganda|Lyantonde District,Lyantonde District,South Buganda,2022-07,22.18,5.47,50.37,0.028,4319,260,37,11,0,116181.7
West Nile|Madi-Okollo District,Madi-Okollo District,West Nile,2022-07,24.99,95.95,63.33,0.1,13756,340,35,14,89,172327.9
Bugisu|Manafwa District,Manafwa District,Bugisu,2022-07,18.88,92.14,78.45,0.039,6100,817,386,11,0,182200.8
West Nile|Maracha District,Maracha District,West Nile,2022-07,22.15,155.53,73.78,0.039,11280,662,16,28,18,215210.4
South Buganda|Masaka City,Masaka City,South Buganda,2022-07,21.58,8.48,61.2,0.154,2803,527,86,52,6,232363.4
South Buganda|Masaka District,Masaka District,South Buganda,2022-07,22.27,15.38,64.7,1.847,1933,373,7,1,2,124957.7
Bunyoro|Masindi District,Masindi District,Bunyoro,2022-07,23.8,50.03,59.51,0.052,9383,524,63,29,17,357121.6
Busoga|Mayuge District,Mayuge District,Busoga,2022-07,22.51,35.33,68.45,2.228,21809,635,154,35,49,596765
Bugisu|Mbale City,Mbale City,Bugisu,2022-07,20.02,108.29,75.88,0.067,8973,848,68,80,8,338073.8
Bugisu|Mbale District,Mbale District,Bugisu,2022-07,19.55,99.39,76.86,0.042,9344,1155,15,5,4,282027.3
Ankole|Mbarara City,Mbarara City,Ankole,2022-07,21.34,8.1,48.77,0.115,911,942,46,87,0,229172.1
Ankole|Mbarara District,Mbarara District,Ankole,2022-07,21.41,9.35,48.95,0.044,1599,332,15,6,15,175818.3
Ankole|Mitooma District,Mitooma District,Ankole,2022-07,21,13.03,51.95,0.04,2251,369,3,2,0,196960.4
North Buganda|Mityana District,Mityana District,North Buganda,2022-07,21.31,31.47,64.61,0.208,12345,810,60,27,4,372579.2
Karamoja|Moroto District,Moroto District,Karamoja,2022-07,21.72,38.13,60.36,0.031,5670,492,69,12,885,123461.7
West Nile|Moyo District,Moyo District,West Nile,2022-07,23.82,147.22,72.5,0.138,8854,590,50,8,9,113788.3
South Buganda|Mpigi District,Mpigi District,South Buganda,2022-07,21.74,26.43,65.5,0.738,3907,1074,136,7,0,298282.8
North Buganda|Mubende District,Mubende District,North Buganda,2022-07,21.9,24.68,54.68,0.05,8595,234,87,37,17,610228.1
North Buganda|Mukono District,Mukono District,North Buganda,2022-07,22.15,33.43,69.33,1.806,14950,1980,126,21,27,736781.4
Karamoja|Nabilatuk District,Nabilatuk District,Karamoja,2022-07,21.85,82.14,68.45,0.04,2882,200,29,15,638,97931.7
Karamoja|Nakapiripirit District,Nakapiripirit District,Karamoja,2022-07,20.8,86.47,69.82,0.041,4570,482,82,14,875,122663.9
North Buganda|Nakaseke District,Nakaseke District,North Buganda,2022-07,22.85,46.71,59.23,0.042,5182,268,68,29,34,247521.9
North Buganda|Nakasongola District,Nakasongola District,North Buganda,2022-07,23.29,35.95,62.25,0.268,12150,1106,35,3,4,226679
Busoga|Namayingo District,Namayingo District,Busoga,2022-07,22.85,32.78,66.43,2.908,14192,361,61,12,28,243333.3
Bugisu|Namisindwa District,Namisindwa District,Bugisu,2022-07,16.14,113.1,82.25,0.045,5837,170,12,4,0,241837.4
Busoga|Namutumba District,Namutumba District,Busoga,2022-07,21.89,55.91,73.52,0.039,18272,1926,28,11,20,325408.5
Karamoja|Napak District,Napak District,Karamoja,2022-07,22,73.17,67.48,0.041,8887,964,104,23,906,163153
West Nile|Nebbi District,Nebbi District,West Nile,2022-07,24.61,70.95,57.98,0.032,18447,580,160,140,38,297485
Teso|Ngora District,Ngora District,Teso,2022-07,22.51,57.05,72.65,0.319,8262,127,87,23,1,173823.8
Tooro|Ntoroko District,Ntoroko District,Tooro,2022-07,25.23,22.14,58.98,0.456,1833,59,14,26,4,78983.6
Ankole|Ntungamo District,Ntungamo District,Ankole,2022-07,21.12,14.64,47.46,0.04,4667,1574,86,36,13,558370.2
Acholi|Nwoya District,Nwoya District,Acholi,2022-07,23.77,73.88,65.89,0.089,13461,582,23,50,28,285019.1
West Nile|Obongi District,Obongi District,West Nile,2022-07,24.62,135.06,71.48,0.257,12182,541,23,18,3288,51159.8
Acholi|Omoro District,Omoro District,Acholi,2022-07,22.58,85.12,70.61,0.052,17402,417,28,27,38,209027.3
Lango|Otuke District,Otuke District,Lango,2022-07,22.1,88.55,72.06,0.044,11767,239,3,7,20,144304.6
Lango|Oyam District,Oyam District,Lango,2022-07,22.61,65.1,69.05,0.05,18872,1041,50,103,84,477691.3
Acholi|Pader District,Pader District,Acholi,2022-07,22.64,92.9,72.54,0.051,25262,887,30,17,22,203143.4
West Nile|Pakwach District,Pakwach District,West Nile,2022-07,25.73,63.69,60.38,0.26,12826,236,32,44,13,210922.1
Bukedi|Pallisa District,Pallisa District,Bukedi,2022-07,22.27,61.02,73.57,0.342,17004,301,34,10,1,382651.6
South Buganda|Rakai District,Rakai District,South Buganda,2022-07,21.52,4.98,54.52,0.137,22014,2064,45,12,1,330993.2
Kigezi|Rubanda District,Rubanda District,Kigezi,2022-07,17.75,12.02,57.87,0.122,339,846,81,7,2,211321
Ankole|Rubirizi District,Rubirizi District,Ankole,2022-07,23.29,14.54,56.2,0.843,4083,185,9,3,0,148692.6
Kigezi|Rukiga District,Rukiga District,Kigezi,2022-07,20.22,11.08,49.46,0.035,631,516,16,9,10,106408.5
Kigezi|Rukungiri District,Rukungiri District,Kigezi,2022-07,21.74,13.06,56.9,0.225,4118,1247,113,34,5,338472.7
Ankole|Rwampara District,Rwampara District,Ankole,2022-07,20.59,22.92,51.44,0.042,508,398,5,6,0,150088.8
South Buganda|Sembabule District,Sembabule District,South Buganda,2022-07,22.3,7.44,51.59,0.03,6153,321,52,18,0,310848.4
Teso|Serere District,Serere District,Teso,2022-07,23.01,44.43,68.46,0.883,10979,243,94,22,0,386441.3
Ankole|Sheema District,Sheema District,Ankole,2022-07,20.72,13.29,52.6,0.051,398,650,14,13,0,223886.6
Bugisu|Sironko District,Sironko District,Bugisu,2022-07,17.13,121.36,79.38,0.048,8342,626,20,32,0,284420.8
Teso|Soroti City,Soroti City,Teso,2022-07,22.2,48.1,72.5,0.115,8905,247,55,14,9,74595.6
Teso|Soroti District,Soroti District,Teso,2022-07,22.22,53.96,72.52,0.157,11792,247,5,18,0,312743.2
West Nile|Terego District,Terego District,West Nile,2022-07,24.33,132.54,67.04,0.042,21313,1399,66,46,139,244629.8
Bukedi|Tororo District,Tororo District,Bukedi,2022-07,20.88,69.47,73.69,0.038,48382,2107,100,42,35,623990.4
South Buganda|Wakiso District,Wakiso District,South Buganda,2022-07,21.58,32.03,69.54,1.141,22134,2126,380,61,40,3298961.7
West Nile|Yumbe District,Yumbe District,West Nile,2022-07,23.66,153.98,71.72,0.05,44996,1528,198,48,252,734388
West Nile|Zombo District,Zombo District,West Nile,2022-07,21.1,95.13,69.96,0.048,13399,1244,22,66,15,297684.4
Karamoja|Abim District,Abim District,Karamoja,2022-08,21.22,215.45,77.01,0.054,6967,202,11,10,582,172128.4
West Nile|Adjumani District,Adjumani District,West Nile,2022-08,23.26,156.26,79.13,0.087,35089,2476,213,34,239,238147.5
Acholi|Agago District,Agago District,Acholi,2022-08,21.49,228.91,79.01,0.057,30815,330,58,45,68,258092.9
Lango|Alebtong District,Alebtong District,Lango,2022-08,21.67,278.38,78.34,0.044,13465,379,15,21,17,278836.1
Lango|Amolatar District,Amolatar District,Lango,2022-08,22.62,155.34,75.44,1.562,9966,464,19,13,2,177513.7
Karamoja|Amudat District,Amudat District,Karamoja,2022-08,20.38,171.93,76.97,0.04,1604,212,4,11,446,145700.8
Teso|Amuria District,Amuria District,Teso,2022-08,21.58,300.94,78.05,0.045,10479,178,24,34,0,239842.9
Acholi|Amuru District,Amuru District,Acholi,2022-08,22.73,165.18,79.14,0.051,15999,395,21,37,3,226679
Lango|Apac District,Apac District,Lango,2022-08,22.21,153.4,76.13,0.164,13099,935,7,11,0,241239.1
West Nile|Arua City,Arua City,West Nile,2022-08,21.3,158.33,80.46,0.054,6764,417,81,12,31,379061.5
West Nile|Arua District,Arua District,West Nile,2022-08,22.07,149.17,77.89,0.038,3341,78,8,20,30,163950.8
Bukedi|Budaka District,Budaka District,Bukedi,2022-08,20.96,249.11,76.7,0.034,15120,293,59,42,0,269262.3
Bugisu|Bududa District,Bududa District,Bugisu,2022-08,13.4,306.76,84.89,0.049,3133,802,43,110,19,293994.5
Busoga|Bugiri District,Bugiri District,Busoga,2022-08,21.15,164.65,79.71,0.098,18524,998,29,37,25,515986.3
Busoga|Bugweri District,Bugweri District,Busoga,2022-08,21.1,167.88,80.21,0.053,8651,176,39,3,4,200450.8
Ankole|Buhweju District,Buhweju District,Ankole,2022-08,18.95,135.03,73.72,0.056,382,207,2,3,1,152183.1
North Buganda|Buikwe District,Buikwe District,North Buganda,2022-08,20.94,135.03,80.53,0.564,9472,1079,83,48,10,490057.4
Teso|Bukedea District,Bukedea District,Teso,2022-08,20.89,253.87,76.52,0.042,9415,162,10,6,2,279933.1
South Buganda|Bukomansimbi District,Bukomansimbi District,South Buganda,2022-08,21.06,104.02,70.33,0.032,1897,421,2,3,0,157468.6
Bugisu|Bukwo District,Bukwo District,Bugisu,2022-08,16.58,291.25,81.49,0.048,1551,595,32,1,0,130642.1
Bugisu|Bulambuli District,Bulambuli District,Bugisu,2022-08,17.98,288.22,78.92,0.047,3375,953,24,4,0,252209
Bunyoro|Buliisa District,Buliisa District,Bunyoro,2022-08,23.9,93.5,75.69,1.412,4721,193,12,15,6,163252.7
Tooro|Bundibugyo District,Bundibugyo District,Tooro,2022-08,19.11,124.74,82.69,0.075,11699,708,62,106,205,277140.7
Tooro|Bunyangabu District,Bunyangabu District,Tooro,2022-08,18.51,112.97,77.58,0.046,2505,317,37,5,5,203243.2
Ankole|Bushenyi District,Bushenyi District,Ankole,2022-08,19.75,114.8,72.57,0.063,2457,488,41,55,8,242834.7
Bukedi|Busia District,Busia District,Bukedi,2022-08,20.77,187.12,79.54,0.16,15844,737,40,81,20,404691.3
Bukedi|Butaleja District,Butaleja District,Bukedi,2022-08,21.02,225.22,77.55,0.038,18996,680,126,25,0,320621.6
South Buganda|Butambala District,Butambala District,South Buganda,2022-08,20.84,130.43,74,0.039,2794,261,7,,0,109699.5
Bukedi|Butebo District,Butebo District,Bukedi,2022-08,21.33,267.43,76.77,0.035,7215,269,30,5,0,123960.4
North Buganda|Buvuma District,Buvuma District,North Buganda,2022-08,22.64,141.11,71.2,3.172,1638,337,9,2,0,144903
Busoga|Buyende District,Buyende District,Busoga,2022-08,22.55,179.29,75.96,0.981,9434,190,37,37,1,448870.2
Lango|Dokolo District,Dokolo District,Lango,2022-08,21.76,242.01,78.2,0.314,16481,647,63,15,1,226479.5
Tooro|Fort Portal City,Fort Portal City,Tooro,2022-08,18.28,101.52,82.36,0.123,1310,294,116,71,11,119572.4
South Buganda|Gomba District,Gomba District,South Buganda,2022-08,20.98,113.8,71.63,0.052,1210,36,4,6,0,177713.1
Acholi|Gulu City,Gulu City,Acholi,2022-08,21.84,190.87,79.01,0.155,7039,1019,117,47,178,219199.5
Acholi|Gulu District,Gulu District,Acholi,2022-08,22.41,168.13,78.35,0.05,11415,242,18,12,36,123362
Bunyoro|Hoima City,Hoima City,Bunyoro,2022-08,21.76,118.37,78.45,0.104,1712,347,89,19,0,130642.1
Bunyoro|Hoima District,Hoima District,Bunyoro,2022-08,23.18,94.77,75.67,1.434,3652,81,23,13,24,268265
Ankole|Ibanda District,Ibanda District,Ankole,2022-08,20.73,129.85,70.33,0.044,10668,495,41,20,24,285617.5
Busoga|Iganga District,Iganga District,Busoga,2022-08,21.29,188.19,79.53,0.075,19267,933,68,54,60,424237.7
Ankole|Isingiro District,Isingiro District,Ankole,2022-08,20.7,55.7,65.18,0.068,8141,2143,95,73,358,635558.7
Busoga|Jinja City,Jinja City,Busoga,2022-08,20.82,162.68,82.79,0.821,5599,914,82,167,0,276741.8
Busoga|Jinja District,Jinja District,Busoga,2022-08,20.93,185.58,81.57,0.119,9783,620,18,,7,251012.3
Karamoja|Kaabong District,Kaabong District,Karamoja,2022-08,20.55,103.47,72.65,0.049,7119,635,22,12,1584,131240.4
Kigezi|Kabale District,Kabale District,Kigezi,2022-08,18.03,69.05,67.61,0.161,546,723,108,21,8,253605.2
Tooro|Kabarole District,Kabarole District,Tooro,2022-08,20.2,100.2,77.81,0.051,3393,280,39,12,0,230468.6
Teso|Kaberamaido District,Kaberamaido District,Teso,2022-08,22.31,215.72,75.81,0.831,6357,105,6,31,0,143008.2
Bunyoro|Kagadi District,Kagadi District,Bunyoro,2022-08,21.76,91.61,77.73,0.332,6090,196,49,60,48,458444
Bunyoro|Kakumiro District,Kakumiro District,Bunyoro,2022-08,21.13,113.45,74.85,0.041,8172,516,48,29,25,554480.9
Teso|Kalaki District,Kalaki District,Teso,2022-08,22.02,271.93,76.91,0.401,5332,57,5,9,0,149191.3
South Buganda|Kalangala District,Kalangala District,South Buganda,2022-08,22.65,124.57,70.78,3.069,637,103,50,8,0,71803.3
Busoga|Kaliro District,Kaliro District,Busoga,2022-08,21.97,242.4,77.25,0.35,10489,657,80,15,10,307158.5
South Buganda|Kalungu District,Kalungu District,South Buganda,2022-08,21.15,91.71,72.49,0.202,2975,503,25,16,0,187286.9
Kampala|Kampala District,Kampala District,Kampala,2022-08,20.64,142.78,78.83,2.367,13924,3616,902,615,72,1733849.7
Busoga|Kamuli District,Kamuli District,Busoga,2022-08,21.48,178.05,80.38,0.095,21863,1565,106,29,81,582105.2
Tooro|Kamwenge District,Kamwenge District,Tooro,2022-08,20.82,111.11,70.58,0.046,9814,2092,34,56,205,358517.8
Kigezi|Kanungu District,Kanungu District,Kigezi,2022-08,20.15,103.79,76.01,0.188,4575,584,88,29,15,230468.6
Bugisu|Kapchorwa District,Kapchorwa District,Bugisu,2022-08,16.97,337.04,80.5,0.052,666,694,7,22,0,130243.2
Teso|Kapelebyong District,Kapelebyong District,Teso,2022-08,21.75,275.53,76.55,0.049,6372,196,7,23,0,109200.8
Karamoja|Karenga District,Karenga District,Karamoja,2022-08,20.19,139.29,77.8,0.052,3474,267,11,4,522,71204.9
Tooro|Kasese District,Kasese District,Tooro,2022-08,20.09,102.3,70.76,0.427,18594,2691,270,179,101,824939.9
North Buganda|Kassanda District,Kassanda District,North Buganda,2022-08,20.81,114.3,73.95,0.127,3844,90,51,25,1,326106.6
Teso|Katakwi District,Katakwi District,Teso,2022-08,21.78,269.01,77.47,0.199,12749,250,38,17,203,204041
North Buganda|Kayunga District,Kayunga District,North Buganda,2022-08,21.66,158.92,78.69,0.33,7188,1069,32,24,0,419650.3
Ankole|Kazo District,Kazo District,Ankole,2022-08,21.01,115.93,69.54,0.04,4503,164,16,3,0,231964.5
Bunyoro|Kibaale District,Kibaale District,Bunyoro,2022-08,20.71,126.79,75.33,0.048,2558,157,4,,16,221393.4
North Buganda|Kiboga District,Kiboga District,North Buganda,2022-08,21.6,130.12,72.99,0.04,4727,460,43,32,18,178810.1
Bukedi|Kibuku District,Kibuku District,Bukedi,2022-08,21.54,263.21,78.06,0.065,19006,350,59,4,0,268165.3
Bunyoro|Kikuube District,Kikuube District,Bunyoro,2022-08,22.77,90.11,75.81,1.09,12096,1172,83,40,197,394120.2
Ankole|Kiruhura District,Kiruhura District,Ankole,2022-08,21.04,95.57,66.23,0.076,2159,61,7,,0,198157.1
Bunyoro|Kiryandongo District,Kiryandongo District,Bunyoro,2022-08,22.23,152.49,76.63,0.062,7293,1165,131,71,131,329896.2
Kigezi|Kisoro District,Kisoro District,Kigezi,2022-08,16.6,119.58,75.95,0.148,847,758,244,52,252,325807.4
Tooro|Kitagwenda District,Kitagwenda District,Tooro,2022-08,21.26,122,68.51,0.316,3014,125,1,10,0,190677.6
Acholi|Kitgum District,Kitgum District,Acholi,2022-08,21.4,192.45,77.78,0.058,20516,1014,45,33,42,229172.1
West Nile|Koboko District,Koboko District,West Nile,2022-08,21.67,171.92,81.94,0.046,14028,530,71,33,85,276741.8
Lango|Kole District,Kole District,Lango,2022-08,21.85,223.58,77.26,0.04,11161,1439,2,18,29,299778.7
Karamoja|Kotido District,Kotido District,Karamoja,2022-08,20.92,141.72,74.73,0.047,11893,491,213,19,3726,214711.7
Teso|Kumi District,Kumi District,Teso,2022-08,21.91,254.11,75.95,0.254,15534,312,26,21,233,300377
Lango|Kwania District,Kwania District,Lango,2022-08,22.14,192.29,77.25,0.494,7550,1303,29,37,0,227975.4
Bugisu|Kween District,Kween District,Bugisu,2022-08,19.01,280.69,79.53,0.042,1585,413,19,2,1,114885.2
North Buganda|Kyankwanzi District,Kyankwanzi District,North Buganda,2022-08,21.91,119.94,71.89,0.042,2236,269,27,7,35,308853.8
Tooro|Kyegegwa District,Kyegegwa District,Tooro,2022-08,20.6,126.76,72.17,0.04,9102,1736,104,20,145,511000
Tooro|Kyenjojo District,Kyenjojo District,Tooro,2022-08,20.48,113.16,76.44,0.043,9216,3019,68,58,21,562957.7
South Buganda|Kyotera District,Kyotera District,South Buganda,2022-08,21.94,61.83,69.99,0.974,6917,644,66,6,0,267168
Acholi|Lamwo District,Lamwo District,Acholi,2022-08,21.76,154.51,79.5,0.057,25328,1487,22,33,157,146398.9
Lango|Lira City,Lira City,Lango,2022-08,21.7,248.34,77.57,0.148,6617,667,160,37,21,255300.5
Lango|Lira District,Lira District,Lango,2022-08,21.82,242.66,77.95,0.039,7218,555,0,18,58,246923.5
Busoga|Luuka District,Luuka District,Busoga,2022-08,21.47,192.54,79.28,0.041,13585,233,57,8,6,276043.7
North Buganda|Luwero District,Luwero District,North Buganda,2022-08,20.92,156.15,80.21,0.06,12060,1719,94,32,23,545206.3
South Buganda|Lwengo District,Lwengo District,South Buganda,2022-08,21.08,78.56,68.04,0.04,2971,246,35,9,0,294393.4
South Buganda|Lyantonde District,Lyantonde District,South Buganda,2022-08,21.16,93.22,67.12,0.03,1140,433,37,1,3,116181.7
West Nile|Madi-Okollo District,Madi-Okollo District,West Nile,2022-08,23.64,139.42,75.35,0.095,14593,349,45,17,102,172327.9
Bugisu|Manafwa District,Manafwa District,Bugisu,2022-08,18.61,247.35,81.74,0.041,5304,697,375,10,0,182200.8
West Nile|Maracha District,Maracha District,West Nile,2022-08,21.35,161.55,81.25,0.034,12674,696,30,22,22,215210.4
South Buganda|Masaka City,Masaka City,South Buganda,2022-08,21.19,84.02,70.96,0.146,1719,323,63,33,2,232363.4
South Buganda|Masaka District,Masaka District,South Buganda,2022-08,21.97,67.01,71.73,1.843,1202,495,4,1,0,124957.7
Bunyoro|Masindi District,Masindi District,Bunyoro,2022-08,22.44,124.21,75.22,0.048,6203,386,117,15,55,357121.6
Busoga|Mayuge District,Mayuge District,Busoga,2022-08,22.03,127.58,74.8,2.227,17775,616,123,32,28,596765
Bugisu|Mbale City,Mbale City,Bugisu,2022-08,19.81,288.62,79.19,0.067,7044,958,72,109,5,338073.8
Bugisu|Mbale District,Mbale District,Bugisu,2022-08,19.28,275.59,80.29,0.042,6562,1003,28,11,5,282027.3
Ankole|Mbarara City,Mbarara City,Ankole,2022-08,20.45,86.28,65.17,0.115,742,656,64,89,0,229172.1
Ankole|Mbarara District,Mbarara District,Ankole,2022-08,20.36,106.22,66.66,0.044,723,198,22,4,9,175818.3
Ankole|Mitooma District,Mitooma District,Ankole,2022-08,19.82,99.5,70.72,0.041,1980,313,18,2,0,196960.4
North Buganda|Mityana District,Mityana District,North Buganda,2022-08,20.69,130.64,76.33,0.205,7790,645,107,6,12,372579.2
Karamoja|Moroto District,Moroto District,Karamoja,2022-08,20.91,82.14,69.86,0.036,4609,563,45,10,469,123461.7
West Nile|Moyo District,Moyo District,West Nile,2022-08,23.03,142.8,79.55,0.132,7373,542,34,10,15,113788.3
South Buganda|Mpigi District,Mpigi District,South Buganda,2022-08,21.23,124.91,74.33,0.733,2659,552,38,3,10,298282.8
North Buganda|Mubende District,Mubende District,North Buganda,2022-08,20.73,123.79,72.73,0.044,6977,201,104,38,5,610228.1
North Buganda|Mukono District,Mukono District,North Buganda,2022-08,21.78,146.3,75.4,1.804,9163,1426,205,25,33,736781.4
Karamoja|Nabilatuk District,Nabilatuk District,Karamoja,2022-08,21.1,166.16,76.41,0.041,2367,183,40,16,453,97931.7
Karamoja|Nakapiripirit District,Nakapiripirit District,Karamoja,2022-08,20.02,203.36,78.25,0.042,3919,444,68,9,760,122663.9
North Buganda|Nakaseke District,Nakaseke District,North Buganda,2022-08,21.6,148.93,75.13,0.041,5262,314,39,14,20,247521.9
North Buganda|Nakasongola District,Nakasongola District,North Buganda,2022-08,22.22,144.29,75.33,0.266,7075,505,22,2,0,226679
Busoga|Namayingo District,Namayingo District,Busoga,2022-08,22.37,112.61,72.64,2.908,13205,542,54,14,17,243333.3
Bugisu|Namisindwa District,Namisindwa District,Bugisu,2022-08,16.03,267.21,84.46,0.047,4705,198,19,4,0,241837.4
Busoga|Namutumba District,Namutumba District,Busoga,2022-08,21.52,232.34,78.95,0.039,12162,1515,20,19,13,325408.5
Karamoja|Napak District,Napak District,Karamoja,2022-08,21.41,176,74.37,0.045,6931,682,55,17,882,163153
West Nile|Nebbi District,Nebbi District,West Nile,2022-08,22.95,115,73.96,0.032,17351,828,239,161,29,297485
Teso|Ngora District,Ngora District,Teso,2022-08,22.05,276.82,77.9,0.318,7081,81,52,16,0,173823.8
Tooro|Ntoroko District,Ntoroko District,Tooro,2022-08,23.56,98.73,74.69,0.453,1980,63,7,2,1,78983.6
Ankole|Ntungamo District,Ntungamo District,Ankole,2022-08,20.01,74.07,65.6,0.041,3392,1026,73,38,9,558370.2
Acholi|Nwoya District,Nwoya District,Acholi,2022-08,22.72,152.64,77.44,0.085,12128,685,32,14,40,285019.1
West Nile|Obongi District,Obongi District,West Nile,2022-08,23.81,136.92,78.72,0.252,12921,559,16,8,75,51159.8
Acholi|Omoro District,Omoro District,Acholi,2022-08,21.94,195.08,78.04,0.05,13975,333,5,14,19,209027.3
Lango|Otuke District,Otuke District,Lango,2022-08,21.67,251.15,77.99,0.048,8473,269,3,4,38,144304.6
Lango|Oyam District,Oyam District,Lango,2022-08,21.93,209.25,76.99,0.049,19217,1045,59,53,115,477691.3
Acholi|Pader District,Pader District,Acholi,2022-08,22.15,183.87,78.55,0.055,22180,740,21,9,43,203143.4
West Nile|Pakwach District,Pakwach District,West Nile,2022-08,24.34,100.03,73.91,0.26,8916,242,24,24,0,210922.1
Bukedi|Pallisa District,Pallisa District,Bukedi,2022-08,21.97,268.63,77.83,0.341,14880,359,31,24,0,382651.6
South Buganda|Rakai District,Rakai District,South Buganda,2022-08,21.02,56.19,67.98,0.129,10053,1207,45,11,5,330993.2
Kigezi|Rubanda District,Rubanda District,Kigezi,2022-08,17.02,91.53,73.49,0.121,325,494,22,17,9,211321
Ankole|Rubirizi District,Rubirizi District,Ankole,2022-08,22.4,109.03,70.31,0.841,2493,158,8,8,0,148692.6
Kigezi|Rukiga District,Rukiga District,Kigezi,2022-08,19.19,65.48,66.72,0.035,457,373,20,8,1,106408.5
Kigezi|Rukungiri District,Rukungiri District,Kigezi,2022-08,20.76,91.66,72.56,0.226,3945,984,84,30,3,338472.7
Ankole|Rwampara District,Rwampara District,Ankole,2022-08,19.77,96.39,67.72,0.039,456,271,7,3,0,150088.8
South Buganda|Sembabule District,Sembabule District,South Buganda,2022-08,21.23,97,68.31,0.032,4265,310,47,,0,310848.4
Teso|Serere District,Serere District,Teso,2022-08,22.5,234.08,74.07,0.882,10123,272,96,34,0,386441.3
Ankole|Sheema District,Sheema District,Ankole,2022-08,19.7,100.27,70.24,0.049,342,781,40,9,0,223886.6
Bugisu|Sironko District,Sironko District,Bugisu,2022-08,16.99,326.2,82.1,0.049,5341,517,21,15,16,284420.8
Teso|Soroti City,Soroti City,Teso,2022-08,21.82,249.44,77.1,0.116,6600,176,27,12,7,74595.6
Teso|Soroti District,Soroti District,Teso,2022-08,21.81,273.13,77.45,0.157,9229,186,18,18,0,312743.2
West Nile|Terego District,Terego District,West Nile,2022-08,23.17,156.66,77.14,0.04,21146,1350,38,26,203,244629.8
Bukedi|Tororo District,Tororo District,Bukedi,2022-08,20.55,202.58,77.76,0.037,43589,1556,118,122,27,623990.4
South Buganda|Wakiso District,Wakiso District,South Buganda,2022-08,21.14,127.11,77.04,1.139,21479,1263,345,169,44,3298961.7
West Nile|Yumbe District,Yumbe District,West Nile,2022-08,22.85,157.34,79.39,0.044,40648,1264,191,74,247,734388
West Nile|Zombo District,Zombo District,West Nile,2022-08,19.95,147.12,81.16,0.039,13058,2459,63,47,18,297684.4
Karamoja|Abim District,Abim District,Karamoja,2022-09,22.5,124.49,66.29,0.054,8316,174,31,16,268,172128.4
West Nile|Adjumani District,Adjumani District,West Nile,2022-09,23.96,138.18,77.74,0.101,41101,2299,170,96,193,238147.5
Acholi|Agago District,Agago District,Acholi,2022-09,22.6,132.49,70.75,0.061,36091,330,31,13,60,258092.9
Lango|Alebtong District,Alebtong District,Lango,2022-09,22.44,148.67,74.13,0.052,11484,337,17,21,18,278836.1
Lango|Amolatar District,Amolatar District,Lango,2022-09,23.35,137.38,75.38,1.568,14356,771,38,10,21,177513.7
Karamoja|Amudat District,Amudat District,Karamoja,2022-09,21.9,92.52,63.59,0.04,2980,372,11,8,318,145700.8
Teso|Amuria District,Amuria District,Teso,2022-09,22.44,156.87,72.98,0.05,13978,178,17,34,8,239842.9
Acholi|Amuru District,Amuru District,Acholi,2022-09,23.37,141.77,77.79,0.062,9582,327,13,41,10,226679
Lango|Apac District,Apac District,Lango,2022-09,22.7,149.79,76.66,0.179,10542,849,10,20,4,241239.1
West Nile|Arua City,Arua City,West Nile,2022-09,21.98,183.63,77.44,0.062,7106,530,88,9,30,379061.5
West Nile|Arua District,Arua District,West Nile,2022-09,22.75,180.68,75.26,0.048,2956,69,4,7,36,163950.8
Bukedi|Budaka District,Budaka District,Bukedi,2022-09,21.53,151.89,75.77,0.041,16402,341,17,14,4,269262.3
Bugisu|Bududa District,Bududa District,Bugisu,2022-09,13.43,175.61,79.75,0.061,2845,731,67,6,5,293994.5
Busoga|Bugiri District,Bugiri District,Busoga,2022-09,21.6,182.1,82.02,0.105,19000,802,90,51,31,515986.3
Busoga|Bugweri District,Bugweri District,Busoga,2022-09,21.6,166.68,82.41,0.06,8831,155,36,1,4,200450.8
Ankole|Buhweju District,Buhweju District,Ankole,2022-09,18.7,87.4,80.73,0.057,370,257,4,,0,152183.1
North Buganda|Buikwe District,Buikwe District,North Buganda,2022-09,21.46,141.12,83.43,0.567,10096,755,77,46,9,490057.4
Teso|Bukedea District,Bukedea District,Teso,2022-09,21.87,132.76,72.46,0.05,13093,246,13,14,1,279933.1
South Buganda|Bukomansimbi District,Bukomansimbi District,South Buganda,2022-09,21.1,96.67,76.93,0.039,2694,291,7,,0,157468.6
Bugisu|Bukwo District,Bukwo District,Bugisu,2022-09,17.76,134.98,68.96,0.059,1366,1559,27,,0,130642.1
Bugisu|Bulambuli District,Bulambuli District,Bugisu,2022-09,18.83,134.89,71.93,0.055,4289,941,36,10,0,252209
Bunyoro|Buliisa District,Buliisa District,Bunyoro,2022-09,24.42,137.67,76.08,1.416,4987,253,18,23,4,163252.7
Tooro|Bundibugyo District,Bundibugyo District,Tooro,2022-09,19.14,96.3,84.47,0.074,11425,630,61,37,173,277140.7
Tooro|Bunyangabu District,Bunyangabu District,Tooro,2022-09,18.16,111.61,81.7,0.047,2047,173,30,6,1,203243.2
Ankole|Bushenyi District,Bushenyi District,Ankole,2022-09,19.33,90.63,80.43,0.062,2793,404,26,34,5,242834.7
Bukedi|Busia District,Busia District,Bukedi,2022-09,21.13,184.36,81.19,0.166,17677,346,33,93,18,404691.3
Bukedi|Butaleja District,Butaleja District,Bukedi,2022-09,21.47,161.88,77.82,0.044,15102,555,96,30,10,320621.6
South Buganda|Butambala District,Butambala District,South Buganda,2022-09,21.1,110.89,79.11,0.048,3136,190,6,24,0,109699.5
Bukedi|Butebo District,Butebo District,Bukedi,2022-09,21.99,141.01,75.2,0.042,8135,357,21,,0,123960.4
North Buganda|Buvuma District,Buvuma District,North Buganda,2022-09,23.1,118.17,73.83,3.172,2177,399,14,,0,144903
Busoga|Buyende District,Buyende District,Busoga,2022-09,23.24,125.88,76.25,0.985,10344,243,4,21,21,448870.2
Lango|Dokolo District,Dokolo District,Lango,2022-09,22.49,153.52,76.75,0.322,12303,543,47,22,3,226479.5
Tooro|Fort Portal City,Fort Portal City,Tooro,2022-09,18.06,115.21,85.89,0.121,1393,273,77,72,3,119572.4
South Buganda|Gomba District,Gomba District,South Buganda,2022-09,21.02,103.33,78.06,0.063,2040,54,8,4,1,177713.1
Acholi|Gulu City,Gulu City,Acholi,2022-09,22.4,157.06,77.49,0.165,7270,871,120,47,163,219199.5
Acholi|Gulu District,Gulu District,Acholi,2022-09,23.08,135.83,76.03,0.06,9116,205,22,12,47,123362
Bunyoro|Hoima City,Hoima City,Bunyoro,2022-09,21.7,152.14,82.19,0.107,1836,289,22,15,0,130642.1
Bunyoro|Hoima District,Hoima District,Bunyoro,2022-09,23.47,122.5,77.61,1.437,3189,88,28,14,23,268265
Ankole|Ibanda District,Ibanda District,Ankole,2022-09,20.33,78.72,77.6,0.05,10792,463,51,23,55,285617.5
Busoga|Iganga District,Iganga District,Busoga,2022-09,21.77,159.99,81.44,0.08,19470,931,86,57,28,424237.7
Ankole|Isingiro District,Isingiro District,Ankole,2022-09,20.49,58.23,74.08,0.07,5240,1321,137,57,227,635558.7
Busoga|Jinja City,Jinja City,Busoga,2022-09,21.34,163.8,85.27,0.825,5187,539,136,188,0,276741.8
Busoga|Jinja District,Jinja District,Busoga,2022-09,21.43,158.57,84.03,0.124,9053,511,38,,5,251012.3
Karamoja|Kaabong District,Kaabong District,Karamoja,2022-09,22.04,101.31,58.14,0.043,7242,487,19,11,933,131240.4
Kigezi|Kabale District,Kabale District,Kigezi,2022-09,17.76,86.21,74.87,0.161,479,556,67,25,12,253605.2
Tooro|Kabarole District,Kabarole District,Tooro,2022-09,20,113.3,81.54,0.05,2508,187,53,14,0,230468.6
Teso|Kaberamaido District,Kaberamaido District,Teso,2022-09,23.06,152.05,75.22,0.839,8211,155,10,13,2,143008.2
Bunyoro|Kagadi District,Kagadi District,Bunyoro,2022-09,21.66,110.05,81.33,0.335,3302,175,42,65,40,458444
Bunyoro|Kakumiro District,Kakumiro District,Bunyoro,2022-09,21.03,132.24,80.86,0.046,5547,314,39,26,10,554480.9
Teso|Kalaki District,Kalaki District,Teso,2022-09,22.71,161.02,75.54,0.41,6396,129,13,11,0,149191.3
South Buganda|Kalangala District,Kalangala District,South Buganda,2022-09,23.07,117.61,73.89,3.069,492,77,45,,0,71803.3
Busoga|Kaliro District,Kaliro District,Busoga,2022-09,22.51,148.56,78.41,0.356,12247,1028,101,9,11,307158.5
South Buganda|Kalungu District,Kalungu District,South Buganda,2022-09,21.44,92.87,77.32,0.21,3485,249,26,6,1,187286.9
Kampala|Kampala District,Kampala District,Kampala,2022-09,20.94,152.62,83.92,2.368,13801,2665,980,253,57,1733849.7
Busoga|Kamuli District,Kamuli District,Busoga,2022-09,22.02,145.44,81.83,0.101,23764,1981,141,42,48,582105.2
Tooro|Kamwenge District,Kamwenge District,Tooro,2022-09,20.52,93.17,77.02,0.05,10394,1453,53,54,192,358517.8
Kigezi|Kanungu District,Kanungu District,Kigezi,2022-09,20.02,95.73,80.08,0.187,5131,514,32,38,9,230468.6
Bugisu|Kapchorwa District,Kapchorwa District,Bugisu,2022-09,17.83,140.49,72.15,0.062,890,705,22,15,0,130243.2
Teso|Kapelebyong District,Kapelebyong District,Teso,2022-09,22.81,130.38,68.74,0.05,7719,234,12,9,0,109200.8
Karamoja|Karenga District,Karenga District,Karamoja,2022-09,21.58,94.98,63.91,0.053,3443,184,11,3,398,71204.9
Tooro|Kasese District,Kasese District,Tooro,2022-09,19.95,74.07,76.11,0.432,14964,2313,292,151,51,824939.9
North Buganda|Kassanda District,Kassanda District,North Buganda,2022-09,20.83,116.66,80.13,0.133,4152,100,56,18,1,326106.6
Teso|Katakwi District,Katakwi District,Teso,2022-09,22.74,128.26,71.01,0.201,19579,295,21,26,0,204041
North Buganda|Kayunga District,Kayunga District,North Buganda,2022-09,22.22,134.14,80.64,0.334,8027,895,18,58,4,419650.3
Ankole|Kazo District,Kazo District,Ankole,2022-09,20.52,80.68,78.22,0.048,5061,186,54,,0,231964.5
Bunyoro|Kibaale District,Kibaale District,Bunyoro,2022-09,20.51,137.36,81.69,0.053,2843,144,10,9,8,221393.4
North Buganda|Kiboga District,Kiboga District,North Buganda,2022-09,21.63,133.08,78.48,0.045,4361,463,46,25,13,178810.1
Bukedi|Kibuku District,Kibuku District,Bukedi,2022-09,22.01,158.84,78.13,0.072,19427,360,49,10,0,268165.3
Bunyoro|Kikuube District,Kikuube District,Bunyoro,2022-09,22.91,118.11,78.25,1.093,11556,1448,79,39,241,394120.2
Ankole|Kiruhura District,Kiruhura District,Ankole,2022-09,20.62,71.84,75.54,0.086,2500,96,10,3,0,198157.1
Bunyoro|Kiryandongo District,Kiryandongo District,Bunyoro,2022-09,22.63,148.92,78.01,0.071,7953,1376,137,39,145,329896.2
Kigezi|Kisoro District,Kisoro District,Kigezi,2022-09,16.44,130.83,81.19,0.145,758,661,222,23,108,325807.4
Tooro|Kitagwenda District,Kitagwenda District,Tooro,2022-09,21.36,78.69,73.17,0.321,2798,134,4,5,0,190677.6
Acholi|Kitgum District,Kitgum District,Acholi,2022-09,22.64,100.24,68.51,0.064,13126,1134,64,18,10,229172.1
West Nile|Koboko District,Koboko District,West Nile,2022-09,22.33,194.57,79.55,0.056,13269,359,29,40,46,276741.8
Lango|Kole District,Kole District,Lango,2022-09,22.44,161.68,75.78,0.051,8790,1137,11,23,22,299778.7
Karamoja|Kotido District,Kotido District,Karamoja,2022-09,22.47,106.76,61.15,0.043,12959,455,609,23,1718,214711.7
Teso|Kumi District,Kumi District,Teso,2022-09,22.84,117.77,71.61,0.261,17672,324,33,40,161,300377
Lango|Kwania District,Kwania District,Lango,2022-09,22.76,157.5,77.02,0.506,5253,665,14,25,1,227975.4
Bugisu|Kween District,Kween District,Bugisu,2022-09,20.2,123.36,68.81,0.05,1613,476,34,2,0,114885.2
North Buganda|Kyankwanzi District,Kyankwanzi District,North Buganda,2022-09,21.8,144.86,77.7,0.047,2885,273,8,14,46,308853.8
Tooro|Kyegegwa District,Kyegegwa District,Tooro,2022-09,20.27,119.48,79.72,0.049,9047,1175,53,32,184,511000
Tooro|Kyenjojo District,Kyenjojo District,Tooro,2022-09,20.21,121.03,81.87,0.045,9453,2241,85,61,58,562957.7
South Buganda|Kyotera District,Kyotera District,South Buganda,2022-09,22.22,69.44,75.14,0.972,6580,535,51,1,0,267168
Acholi|Lamwo District,Lamwo District,Acholi,2022-09,22.72,106.95,73.93,0.066,23729,1549,13,29,158,146398.9
Lango|Lira City,Lira City,Lango,2022-09,22.39,154.33,75.06,0.158,4262,789,134,31,31,255300.5
Lango|Lira District,Lira District,Lango,2022-09,22.54,147.22,74.87,0.049,4119,336,25,8,88,246923.5
Busoga|Luuka District,Luuka District,Busoga,2022-09,21.96,155.38,81.12,0.047,14083,285,41,7,5,276043.7
North Buganda|Luwero District,Luwero District,North Buganda,2022-09,21.33,134.24,83.93,0.063,11094,1139,80,38,46,545206.3
South Buganda|Lwengo District,Lwengo District,South Buganda,2022-09,20.98,73.08,75.94,0.047,3391,177,19,9,1,294393.4
South Buganda|Lyantonde District,Lyantonde District,South Buganda,2022-09,20.67,70.52,77.17,0.04,1567,275,43,14,0,116181.7
West Nile|Madi-Okollo District,Madi-Okollo District,West Nile,2022-09,24.24,159.54,74.1,0.107,16324,429,29,30,51,172327.9
Bugisu|Manafwa District,Manafwa District,Bugisu,2022-09,18.83,168.68,81.4,0.052,4870,823,305,4,0,182200.8
West Nile|Maracha District,Maracha District,West Nile,2022-09,22.04,213.25,78.31,0.041,13164,747,24,30,13,215210.4
South Buganda|Masaka City,Masaka City,South Buganda,2022-09,21.44,91.73,76.3,0.148,2019,359,68,22,3,232363.4
South Buganda|Masaka District,Masaka District,South Buganda,2022-09,22.35,77.63,75.66,1.842,947,144,1,2,0,124957.7
Bunyoro|Masindi District,Masindi District,Bunyoro,2022-09,22.61,159.43,78.24,0.055,5286,413,49,39,49,357121.6
Busoga|Mayuge District,Mayuge District,Busoga,2022-09,22.61,124.46,76.82,2.229,14712,649,152,35,29,596765
Bugisu|Mbale City,Mbale City,Bugisu,2022-09,20.23,174.53,78.11,0.077,10879,920,83,596,0,338073.8
Bugisu|Mbale District,Mbale District,Bugisu,2022-09,19.55,177.82,79.83,0.054,8709,1105,23,13,0,282027.3
Ankole|Mbarara City,Mbarara City,Ankole,2022-09,20.05,76.69,74.42,0.122,658,677,32,62,0,229172.1
Ankole|Mbarara District,Mbarara District,Ankole,2022-09,19.86,80.38,76.1,0.052,837,159,11,2,0,175818.3
Ankole|Mitooma District,Mitooma District,Ankole,2022-09,19.42,86.97,78.85,0.041,2577,271,10,,0,196960.4
North Buganda|Mityana District,Mityana District,North Buganda,2022-09,20.82,118.4,82.23,0.209,7356,391,47,28,31,372579.2
Karamoja|Moroto District,Moroto District,Karamoja,2022-09,22.4,90.42,56.72,0.03,6286,422,59,14,509,123461.7
West Nile|Moyo District,Moyo District,West Nile,2022-09,23.67,144.33,78.35,0.145,7953,685,20,4,7,113788.3
South Buganda|Mpigi District,Mpigi District,South Buganda,2022-09,21.6,105.78,78.55,0.737,3418,540,15,10,0,298282.8
North Buganda|Mubende District,Mubende District,North Buganda,2022-09,20.55,127.06,79.76,0.05,5229,160,99,18,8,610228.1
North Buganda|Mukono District,Mukono District,North Buganda,2022-09,22.2,134.84,78.64,1.805,10848,1437,164,24,43,736781.4
Karamoja|Nabilatuk District,Nabilatuk District,Karamoja,2022-09,22.36,118.75,66.17,0.041,3432,259,21,12,683,97931.7
Karamoja|Nakapiripirit District,Nakapiripirit District,Karamoja,2022-09,21.33,121.08,67.96,0.046,4833,680,94,9,859,122663.9
North Buganda|Nakaseke District,Nakaseke District,North Buganda,2022-09,21.76,150.19,79.7,0.048,4436,237,57,26,13,247521.9
North Buganda|Nakasongola District,Nakasongola District,North Buganda,2022-09,22.71,137.98,76.79,0.274,7418,525,21,4,3,226679
Busoga|Namayingo District,Namayingo District,Busoga,2022-09,22.99,99.17,74.18,2.909,12345,377,31,13,29,243333.3
Bugisu|Namisindwa District,Namisindwa District,Bugisu,2022-09,16.21,171.1,81.4,0.058,3364,207,174,4,0,241837.4
Busoga|Namutumba District,Namutumba District,Busoga,2022-09,21.95,164.36,80.36,0.046,15020,2019,94,5,6,325408.5
Karamoja|Napak District,Napak District,Karamoja,2022-09,22.76,109.23,62.98,0.042,6953,784,66,20,834,163153
West Nile|Nebbi District,Nebbi District,West Nile,2022-09,23.39,161.94,73.61,0.042,16700,633,228,117,33,297485
Teso|Ngora District,Ngora District,Teso,2022-09,22.84,128.65,75.37,0.325,8871,136,88,13,2,173823.8
Tooro|Ntoroko District,Ntoroko District,Tooro,2022-09,23.67,93.31,75.93,0.458,1418,48,13,16,0,78983.6
Ankole|Ntungamo District,Ntungamo District,Ankole,2022-09,19.69,71.12,74.05,0.045,3879,821,43,32,0,558370.2
Acholi|Nwoya District,Nwoya District,Acholi,2022-09,23.16,163.72,78.17,0.094,11576,602,40,17,5,285019.1
West Nile|Obongi District,Obongi District,West Nile,2022-09,24.53,147,77.33,0.268,14355,593,12,16,67,51159.8
Acholi|Omoro District,Omoro District,Acholi,2022-09,22.51,150.26,76.31,0.062,12225,346,10,11,22,209027.3
Lango|Otuke District,Otuke District,Lango,2022-09,22.58,132.92,71.55,0.054,9819,174,5,1,45,144304.6
Lango|Oyam District,Oyam District,Lango,2022-09,22.42,150.65,76.73,0.063,13661,842,84,87,112,477691.3
Acholi|Pader District,Pader District,Acholi,2022-09,23.04,132.76,73.51,0.062,22759,1052,32,12,21,203143.4
West Nile|Pakwach District,Pakwach District,West Nile,2022-09,24.8,139.53,74.31,0.271,12515,335,24,34,11,210922.1
Bukedi|Pallisa District,Pallisa District,Bukedi,2022-09,22.56,140.81,77.66,0.348,13457,718,14,10,0,382651.6
South Buganda|Rakai District,Rakai District,South Buganda,2022-09,21,51.75,76.32,0.133,6367,779,38,6,0,330993.2
Kigezi|Rubanda District,Rubanda District,Kigezi,2022-09,16.78,102.92,79.5,0.121,269,536,35,5,2,211321
Ankole|Rubirizi District,Rubirizi District,Ankole,2022-09,22.34,71.34,76.22,0.842,2439,259,4,8,0,148692.6
Kigezi|Rukiga District,Rukiga District,Kigezi,2022-09,18.85,82.57,74.33,0.036,354,327,6,1,0,106408.5
Kigezi|Rukungiri District,Rukungiri District,Kigezi,2022-09,20.48,83,78.68,0.227,5654,791,85,21,2,338472.7
Ankole|Rwampara District,Rwampara District,Ankole,2022-09,19.38,82.02,76.59,0.041,444,199,38,1,0,150088.8
South Buganda|Sembabule District,Sembabule District,South Buganda,2022-09,20.88,85.87,77.13,0.042,4307,194,60,1,0,310848.4
Teso|Serere District,Serere District,Teso,2022-09,23.22,139.07,74.01,0.889,13163,313,99,24,0,386441.3
Ankole|Sheema District,Sheema District,Ankole,2022-09,19.19,87.64,79.57,0.052,311,421,18,8,0,223886.6
Bugisu|Sironko District,Sironko District,Bugisu,2022-09,17.3,178.61,77.94,0.062,6889,477,28,19,0,284420.8
Teso|Soroti City,Soroti City,Teso,2022-09,22.6,170.32,75,0.122,6880,202,35,17,7,74595.6
Teso|Soroti District,Soroti District,Teso,2022-09,22.57,159.16,74.96,0.164,10695,210,24,36,0,312743.2
West Nile|Terego District,Terego District,West Nile,2022-09,23.92,179.79,74.72,0.053,25566,1382,42,46,136,244629.8
Bukedi|Tororo District,Tororo District,Bukedi,2022-09,20.98,163.96,78.09,0.043,36902,1494,77,47,11,623990.4
South Buganda|Wakiso District,Wakiso District,South Buganda,2022-09,21.51,117.45,81.42,1.141,19011,1420,672,48,36,3298961.7
West Nile|Yumbe District,Yumbe District,West Nile,2022-09,23.54,170.47,77.54,0.056,45111,1500,214,90,195,734388
West Nile|Zombo District,Zombo District,West Nile,2022-09,20.41,225.79,79.19,0.045,6825,1338,49,45,8,297684.4
Karamoja|Abim District,Abim District,Karamoja,2022-10,25.02,125.82,49.14,0.037,6540,208,22,7,142,172128.4
West Nile|Adjumani District,Adjumani District,West Nile,2022-10,25.04,118.09,72.14,0.096,43189,2740,181,39,170,238147.5
Acholi|Agago District,Agago District,Acholi,2022-10,24.56,142.36,57.06,0.048,42839,418,89,32,32,258092.9
Lango|Alebtong District,Alebtong District,Lango,2022-10,24.23,121.01,61.6,0.049,14381,578,19,41,26,278836.1
Lango|Amolatar District,Amolatar District,Lango,2022-10,24.41,120.96,69.68,1.569,14024,810,20,12,23,177513.7
Karamoja|Amudat District,Amudat District,Karamoja,2022-10,24.16,78.97,47.84,0.027,2269,266,10,5,270,145700.8
Teso|Amuria District,Amuria District,Teso,2022-10,24.4,110.19,58.91,0.044,11408,173,11,45,0,239842.9
Acholi|Amuru District,Amuru District,Acholi,2022-10,24.55,127.55,71.3,0.06,21803,403,25,28,9,226679
Lango|Apac District,Apac District,Lango,2022-10,23.86,124.71,69.32,0.183,15380,1191,16,10,12,241239.1
West Nile|Arua City,Arua City,West Nile,2022-10,22.92,129.39,72.83,0.062,6326,370,77,51,10,379061.5
West Nile|Arua District,Arua District,West Nile,2022-10,23.84,118.31,69.41,0.047,2868,66,7,21,29,163950.8
Bukedi|Budaka District,Budaka District,Bukedi,2022-10,22.57,100.34,70.02,0.039,17126,531,22,16,13,269262.3
Bugisu|Bududa District,Bududa District,Bugisu,2022-10,14.03,181.57,75.75,0.061,1459,658,31,6,2,293994.5
Busoga|Bugiri District,Bugiri District,Busoga,2022-10,22.41,96.38,79.03,0.104,16943,713,59,34,5,515986.3
Busoga|Bugweri District,Bugweri District,Busoga,2022-10,22.44,96.37,79.22,0.06,7715,241,12,2,5,200450.8
Ankole|Buhweju District,Buhweju District,Ankole,2022-10,19.46,193.14,76.38,0.056,373,218,2,5,0,152183.1
North Buganda|Buikwe District,Buikwe District,North Buganda,2022-10,22.28,93.85,80.47,0.566,9632,911,97,62,4,490057.4
Teso|Bukedea District,Bukedea District,Teso,2022-10,23.28,115.92,63.75,0.045,11535,252,16,17,2,279933.1
South Buganda|Bukomansimbi District,Bukomansimbi District,South Buganda,2022-10,22.28,110.7,69.88,0.036,4583,486,12,,0,157468.6
Bugisu|Bukwo District,Bukwo District,Bugisu,2022-10,19.45,153.36,57.64,0.054,904,556,15,,0,130642.1
Bugisu|Bulambuli District,Bulambuli District,Bugisu,2022-10,20.08,160.29,63.06,0.054,3457,807,23,2,9,252209
Bunyoro|Buliisa District,Buliisa District,Bunyoro,2022-10,25.18,116.41,73.09,1.415,10151,262,33,15,7,163252.7
Tooro|Bundibugyo District,Bundibugyo District,Tooro,2022-10,19.89,171.62,80.57,0.074,16275,712,57,49,134,277140.7
Tooro|Bunyangabu District,Bunyangabu District,Tooro,2022-10,18.81,223.14,78.24,0.049,3733,335,62,8,0,203243.2
Ankole|Bushenyi District,Bushenyi District,Ankole,2022-10,20.26,187.54,74.83,0.061,3197,372,15,24,13,242834.7
Bukedi|Busia District,Busia District,Bukedi,2022-10,21.95,100.19,78.01,0.166,13250,266,51,34,28,404691.3
Bukedi|Butaleja District,Butaleja District,Bukedi,2022-10,22.37,94.56,73.39,0.04,15557,649,130,18,15,320621.6
South Buganda|Butambala District,Butambala District,South Buganda,2022-10,22.16,117,72.83,0.044,5694,183,8,27,10,109699.5
Bukedi|Butebo District,Butebo District,Bukedi,2022-10,23.16,96.47,68.9,0.039,6671,374,34,2,0,123960.4
North Buganda|Buvuma District,Buvuma District,North Buganda,2022-10,23.99,95.66,71.25,3.172,2162,326,15,4,1,144903
Busoga|Buyende District,Buyende District,Busoga,2022-10,24.37,102.25,70.79,0.985,10083,249,15,21,18,448870.2
Lango|Dokolo District,Dokolo District,Lango,2022-10,23.68,119.8,69.32,0.322,16430,446,29,22,3,226479.5
Tooro|Fort Portal City,Fort Portal City,Tooro,2022-10,18.65,214.07,83.82,0.12,1806,831,97,12,23,119572.4
South Buganda|Gomba District,Gomba District,South Buganda,2022-10,21.98,129.2,73.04,0.061,3887,40,14,9,0,177713.1
Acholi|Gulu City,Gulu City,Acholi,2022-10,23.69,138.46,70.11,0.164,8995,817,104,43,115,219199.5
Acholi|Gulu District,Gulu District,Acholi,2022-10,24.47,131.25,68.04,0.056,11733,164,11,3,62,123362
Bunyoro|Hoima City,Hoima City,Bunyoro,2022-10,22.3,157.47,80.19,0.105,2089,263,26,16,0,130642.1
Bunyoro|Hoima District,Hoima District,Bunyoro,2022-10,24.12,117.82,75.47,1.436,5180,149,29,17,32,268265
Ankole|Ibanda District,Ibanda District,Ankole,2022-10,21.15,148.74,73.39,0.048,12989,591,53,18,0,285617.5
Busoga|Iganga District,Iganga District,Busoga,2022-10,22.7,100.57,77.2,0.079,18657,940,61,61,39,424237.7
Ankole|Isingiro District,Isingiro District,Ankole,2022-10,21.35,123.98,69.31,0.073,8519,1496,84,49,366,635558.7
Busoga|Jinja City,Jinja City,Busoga,2022-10,22.2,97.51,81.95,0.825,4806,535,207,160,1,276741.8
Busoga|Jinja District,Jinja District,Busoga,2022-10,22.32,88.76,80.27,0.122,7678,498,28,6,21,251012.3
Karamoja|Kaabong District,Kaabong District,Karamoja,2022-10,24.08,64.22,46.04,0.025,5470,247,17,12,5664,131240.4
Kigezi|Kabale District,Kabale District,Kigezi,2022-10,18.52,111.23,69.48,0.16,484,698,107,21,10,253605.2
Tooro|Kabarole District,Kabarole District,Tooro,2022-10,20.65,194.23,79.33,0.05,5148,191,33,13,0,230468.6
Teso|Kaberamaido District,Kaberamaido District,Teso,2022-10,24.2,126.86,68.59,0.839,12433,256,20,22,2,143008.2
Bunyoro|Kagadi District,Kagadi District,Bunyoro,2022-10,22.23,139.8,80.59,0.337,10445,334,36,59,48,458444
Bunyoro|Kakumiro District,Kakumiro District,Bunyoro,2022-10,21.9,167.85,77.16,0.045,10223,310,34,22,29,554480.9
Teso|Kalaki District,Kalaki District,Teso,2022-10,24.1,121.92,66.44,0.407,9539,74,14,16,0,149191.3
South Buganda|Kalangala District,Kalangala District,South Buganda,2022-10,23.88,112.98,71.49,3.069,500,77,75,1,1,71803.3
Busoga|Kaliro District,Kaliro District,Busoga,2022-10,23.57,101.89,73.02,0.353,9757,977,129,7,23,307158.5
South Buganda|Kalungu District,Kalungu District,South Buganda,2022-10,22.54,113.87,71.25,0.206,6092,315,38,9,6,187286.9
Kampala|Kampala District,Kampala District,Kampala,2022-10,21.63,83.97,81.33,2.367,14947,3297,943,527,48,1733849.7
Busoga|Kamuli District,Kamuli District,Busoga,2022-10,23,95.89,77.56,0.098,18604,1667,177,34,77,582105.2
Tooro|Kamwenge District,Kamwenge District,Tooro,2022-10,21.25,166.08,74.03,0.05,17738,2066,42,49,237,358517.8
Kigezi|Kanungu District,Kanungu District,Kigezi,2022-10,20.86,165.57,74.95,0.188,7502,643,68,31,25,230468.6
Bugisu|Kapchorwa District,Kapchorwa District,Bugisu,2022-10,18.95,197.7,64.45,0.058,671,483,14,14,0,130243.2
Teso|Kapelebyong District,Kapelebyong District,Teso,2022-10,25.39,106.78,51.08,0.039,5539,161,12,6,13,109200.8
Karamoja|Karenga District,Karenga District,Karamoja,2022-10,23.69,82.22,50.92,0.035,3542,94,11,6,335,71204.9
Tooro|Kasese District,Kasese District,Tooro,2022-10,21,173.69,69.46,0.432,22279,2875,160,122,78,824939.9
North Buganda|Kassanda District,Kassanda District,North Buganda,2022-10,21.69,134.31,76.26,0.131,7484,116,26,25,0,326106.6
Teso|Katakwi District,Katakwi District,Teso,2022-10,24.75,99.41,56.48,0.194,16896,262,7,12,222,204041
North Buganda|Kayunga District,Kayunga District,North Buganda,2022-10,23.3,98.75,75.26,0.332,8060,715,20,51,22,419650.3
Ankole|Kazo District,Kazo District,Ankole,2022-10,21.36,123.96,74.08,0.047,7378,222,64,,0,231964.5
Bunyoro|Kibaale District,Kibaale District,Bunyoro,2022-10,21.35,166.12,78.45,0.053,4197,194,11,10,7,221393.4
North Buganda|Kiboga District,Kiboga District,North Buganda,2022-10,22.72,131.89,72.57,0.041,8516,515,37,33,16,178810.1
Bukedi|Kibuku District,Kibuku District,Bukedi,2022-10,23.03,115.94,73.17,0.069,26943,385,96,2,0,268165.3
Bunyoro|Kikuube District,Kikuube District,Bunyoro,2022-10,23.44,128.71,77.14,1.093,16978,1418,83,21,352,394120.2
Ankole|Kiruhura District,Kiruhura District,Ankole,2022-10,21.43,134.37,71.51,0.086,4932,107,13,1,1,198157.1
Bunyoro|Kiryandongo District,Kiryandongo District,Bunyoro,2022-10,23.63,139.31,72.27,0.071,9788,1618,115,78,189,329896.2
Kigezi|Kisoro District,Kisoro District,Kigezi,2022-10,17.3,174.51,74.39,0.147,1075,675,198,26,53,325807.4
Tooro|Kitagwenda District,Kitagwenda District,Tooro,2022-10,22.42,169.99,67.03,0.319,5768,135,4,3,0,190677.6
Acholi|Kitgum District,Kitgum District,Acholi,2022-10,24.47,102.31,56.77,0.049,21526,1184,54,16,54,229172.1
West Nile|Koboko District,Koboko District,West Nile,2022-10,23.24,129.38,75.62,0.055,13705,453,46,23,64,276741.8
Lango|Kole District,Kole District,Lango,2022-10,23.76,131.09,67.52,0.054,11313,1128,13,25,70,299778.7
Karamoja|Kotido District,Kotido District,Karamoja,2022-10,24.89,83.71,45.6,0.025,10717,601,222,21,1253,214711.7
Teso|Kumi District,Kumi District,Teso,2022-10,24.53,101.33,60.44,0.257,17112,398,19,21,61,300377
Lango|Kwania District,Kwania District,Lango,2022-10,23.89,119.59,70.25,0.511,10658,937,5,40,0,227975.4
Bugisu|Kween District,Kween District,Bugisu,2022-10,21.84,120,57.15,0.045,1451,398,61,1,0,114885.2
North Buganda|Kyankwanzi District,Kyankwanzi District,North Buganda,2022-10,22.99,142.43,71.2,0.044,5334,262,14,7,39,308853.8
Tooro|Kyegegwa District,Kyegegwa District,Tooro,2022-10,21.16,148.44,75.56,0.048,16361,1247,65,21,134,511000
Tooro|Kyenjojo District,Kyenjojo District,Tooro,2022-10,20.88,171.14,79.85,0.048,15405,3376,89,69,50,562957.7
South Buganda|Kyotera District,Kyotera District,South Buganda,2022-10,22.96,98.04,72.75,0.973,10421,641,131,10,3,267168
Acholi|Lamwo District,Lamwo District,Acholi,2022-10,24.15,113.79,66.13,0.056,26013,1394,27,19,117,146398.9
Lango|Lira City,Lira City,Lango,2022-10,23.79,133.85,66.03,0.159,5211,623,76,41,35,255300.5
Lango|Lira District,Lira District,Lango,2022-10,24.01,127.97,65.43,0.05,7601,355,38,16,34,246923.5
Busoga|Luuka District,Luuka District,Busoga,2022-10,22.95,98.17,76.4,0.043,12737,284,28,2,9,276043.7
North Buganda|Luwero District,Luwero District,North Buganda,2022-10,22.25,106.06,79.86,0.062,12244,1295,110,24,39,545206.3
South Buganda|Lwengo District,Lwengo District,South Buganda,2022-10,21.94,122.89,70.92,0.051,6257,366,40,12,3,294393.4
South Buganda|Lyantonde District,Lyantonde District,South Buganda,2022-10,21.62,128.46,72.06,0.044,4126,267,43,15,0,116181.7
West Nile|Madi-Okollo District,Madi-Okollo District,West Nile,2022-10,25.43,101.65,67.48,0.104,17168,553,45,8,81,172327.9
Bugisu|Manafwa District,Manafwa District,Bugisu,2022-10,19.44,124.74,78.69,0.049,2830,621,346,9,10,182200.8
West Nile|Maracha District,Maracha District,West Nile,2022-10,22.94,142.43,73.97,0.042,13717,620,34,13,10,215210.4
South Buganda|Masaka City,Masaka City,South Buganda,2022-10,22.45,106.03,70.86,0.149,2624,288,66,27,6,232363.4
South Buganda|Masaka District,Masaka District,South Buganda,2022-10,23.23,107.76,72.27,1.841,1751,278,8,1,0,124957.7
Bunyoro|Masindi District,Masindi District,Bunyoro,2022-10,23.57,149.36,73.08,0.053,6856,667,171,26,6,357121.6
Busoga|Mayuge District,Mayuge District,Busoga,2022-10,23.51,77.37,74.04,2.229,11744,364,76,32,62,596765
Bugisu|Mbale City,Mbale City,Bugisu,2022-10,20.94,136.76,75.15,0.072,7263,810,50,165,12,338073.8
Bugisu|Mbale District,Mbale District,Bugisu,2022-10,20.13,134.48,77.33,0.051,5821,917,15,4,4,282027.3
Ankole|Mbarara City,Mbarara City,Ankole,2022-10,20.86,132.46,69.83,0.121,625,537,36,68,0,229172.1
Ankole|Mbarara District,Mbarara District,Ankole,2022-10,20.62,140.07,71.86,0.049,1528,276,22,4,3,175818.3
Ankole|Mitooma District,Mitooma District,Ankole,2022-10,20.42,176.54,72.11,0.04,3549,453,17,2,0,196960.4
North Buganda|Mityana District,Mityana District,North Buganda,2022-10,21.66,137.39,78.42,0.206,16257,551,83,24,28,372579.2
Karamoja|Moroto District,Moroto District,Karamoja,2022-10,24.66,68.84,41.61,0.017,5233,427,116,9,383,123461.7
West Nile|Moyo District,Moyo District,West Nile,2022-10,24.63,121.54,73.34,0.142,14269,888,20,4,13,113788.3
South Buganda|Mpigi District,Mpigi District,South Buganda,2022-10,22.59,110.62,73.4,0.734,4862,666,24,14,2,298282.8
North Buganda|Mubende District,Mubende District,North Buganda,2022-10,21.34,146.97,76.65,0.05,8608,128,98,22,2,610228.1
North Buganda|Mukono District,Mukono District,North Buganda,2022-10,23.07,96.99,75.76,1.805,11746,1290,192,19,64,736781.4
Karamoja|Nabilatuk District,Nabilatuk District,Karamoja,2022-10,24.91,79.27,47.86,0.029,3269,219,8,11,764,97931.7
Karamoja|Nakapiripirit District,Nakapiripirit District,Karamoja,2022-10,23.54,85.58,51.59,0.036,4823,1192,77,9,669,122663.9
North Buganda|Nakaseke District,Nakaseke District,North Buganda,2022-10,22.99,117.12,72.46,0.045,4547,295,67,23,17,247521.9
North Buganda|Nakasongola District,Nakasongola District,North Buganda,2022-10,24.13,117.9,67.96,0.273,9048,550,24,1,2,226679
Busoga|Namayingo District,Namayingo District,Busoga,2022-10,23.89,66.91,71.87,2.908,10441,441,35,8,28,243333.3
Bugisu|Namisindwa District,Namisindwa District,Bugisu,2022-10,16.87,134.75,77.4,0.058,1878,108,51,3,0,241837.4
Busoga|Namutumba District,Namutumba District,Busoga,2022-10,22.86,109.74,76.52,0.043,12117,1167,13,13,14,325408.5
Karamoja|Napak District,Napak District,Karamoja,2022-10,25.39,84.28,45.54,0.027,5447,644,79,14,503,163153
West Nile|Nebbi District,Nebbi District,West Nile,2022-10,24.66,101.1,65.63,0.041,15872,963,187,110,39,297485
Teso|Ngora District,Ngora District,Teso,2022-10,24.19,101.18,66.71,0.322,8722,145,69,21,4,173823.8
Tooro|Ntoroko District,Ntoroko District,Tooro,2022-10,24.44,122.49,72.54,0.457,1665,76,11,21,0,78983.6
Ankole|Ntungamo District,Ntungamo District,Ankole,2022-10,20.6,132.59,68.06,0.045,6104,1072,62,25,0,558370.2
Acholi|Nwoya District,Nwoya District,Acholi,2022-10,24.26,134.63,72.19,0.093,12592,709,43,14,18,285019.1
West Nile|Obongi District,Obongi District,West Nile,2022-10,25.45,113.96,72.36,0.264,14741,902,18,24,208,51159.8
Acholi|Omoro District,Omoro District,Acholi,2022-10,23.87,137.46,68.39,0.062,18406,497,14,10,29,209027.3
Lango|Otuke District,Otuke District,Lango,2022-10,24.72,139.36,56.58,0.045,11397,313,9,3,113,144304.6
Lango|Oyam District,Oyam District,Lango,2022-10,23.64,142.03,69.22,0.065,15323,899,56,68,115,477691.3
Acholi|Pader District,Pader District,Acholi,2022-10,24.63,121.76,63.57,0.053,33112,1480,47,10,21,203143.4
West Nile|Pakwach District,Pakwach District,West Nile,2022-10,25.89,93.49,68.33,0.271,14383,326,33,33,10,210922.1
Bukedi|Pallisa District,Pallisa District,Bukedi,2022-10,23.65,99.95,72.11,0.346,11854,926,42,13,13,382651.6
South Buganda|Rakai District,Rakai District,South Buganda,2022-10,21.78,115.33,72.47,0.138,10183,1067,49,7,3,330993.2
Kigezi|Rubanda District,Rubanda District,Kigezi,2022-10,17.59,147.96,73,0.12,270,544,31,6,3,211321
Ankole|Rubirizi District,Rubirizi District,Ankole,2022-10,23.38,168.63,70.54,0.841,3718,94,9,13,0,148692.6
Kigezi|Rukiga District,Rukiga District,Kigezi,2022-10,19.73,128.18,68.23,0.034,465,415,21,4,17,106408.5
Kigezi|Rukungiri District,Rukungiri District,Kigezi,2022-10,21.42,159.58,73.03,0.226,6059,841,79,37,3,338472.7
Ankole|Rwampara District,Rwampara District,Ankole,2022-10,20.17,148.65,71.6,0.039,433,301,12,2,0,150088.8
South Buganda|Sembabule District,Sembabule District,South Buganda,2022-10,21.99,124.17,70.91,0.041,7653,192,63,,0,310848.4
Teso|Serere District,Serere District,Teso,2022-10,24.47,118.07,66.59,0.887,14903,308,124,54,2,386441.3
Ankole|Sheema District,Sheema District,Ankole,2022-10,20.04,155.73,74.25,0.05,383,496,14,19,0,223886.6
Bugisu|Sironko District,Sironko District,Bugisu,2022-10,17.98,184.91,74.84,0.059,4888,503,16,16,0,284420.8
Teso|Soroti City,Soroti City,Teso,2022-10,24.05,155.8,64.18,0.119,8518,221,60,22,2,74595.6
Teso|Soroti District,Soroti District,Teso,2022-10,24.1,127.14,63.89,0.159,10870,195,19,23,0,312743.2
West Nile|Terego District,Terego District,West Nile,2022-10,25,121.26,68.75,0.051,30099,2228,37,26,127,244629.8
Bukedi|Tororo District,Tororo District,Bukedi,2022-10,21.85,98.31,73.75,0.041,20952,1602,193,40,18,623990.4
South Buganda|Wakiso District,Wakiso District,South Buganda,2022-10,22.31,95.33,78.31,1.14,24451,1628,516,42,23,3298961.7
West Nile|Yumbe District,Yumbe District,West Nile,2022-10,24.47,120.65,72.73,0.054,48689,2105,281,83,279,734388
West Nile|Zombo District,Zombo District,West Nile,2022-10,21.31,123.16,74.56,0.046,6432,1252,34,56,26,297684.4
Karamoja|Abim District,Abim District,Karamoja,2022-11,24.93,76.58,49.09,0.03,5016,174,14,4,133,172128.4
West Nile|Adjumani District,Adjumani District,West Nile,2022-11,24.66,109.03,73.19,0.092,30426,2404,134,27,254,238147.5
Acholi|Agago District,Agago District,Acholi,2022-11,24.77,114.84,54.62,0.047,22618,323,72,30,38,258092.9
Lango|Alebtong District,Alebtong District,Lango,2022-11,24.2,107.37,62.71,0.049,13903,753,20,20,81,278836.1
Lango|Amolatar District,Amolatar District,Lango,2022-11,23.39,78.91,76.35,1.568,7289,626,23,10,16,177513.7
Karamoja|Amudat District,Amudat District,Karamoja,2022-11,24.56,47.67,45.23,0.022,1897,250,20,5,286,145700.8
Teso|Amuria District,Amuria District,Teso,2022-11,24.14,89.74,61.92,0.043,8558,208,15,30,6,239842.9
Acholi|Amuru District,Amuru District,Acholi,2022-11,24.19,140.02,72.5,0.057,14790,303,8,18,28,226679
Lango|Apac District,Apac District,Lango,2022-11,23.14,106.97,75.41,0.182,19228,1310,18,27,10,241239.1
West Nile|Arua City,Arua City,West Nile,2022-11,22.61,119.5,73.26,0.062,6926,368,91,35,60,379061.5
West Nile|Arua District,Arua District,West Nile,2022-11,23.43,117.66,70.98,0.046,2886,54,6,25,34,163950.8
Bukedi|Budaka District,Budaka District,Bukedi,2022-11,21.58,111.29,76.79,0.036,18369,250,26,26,48,269262.3
Bugisu|Bududa District,Bududa District,Bugisu,2022-11,13.6,193.52,79.83,0.058,1597,686,69,90,7,293994.5
Busoga|Bugiri District,Bugiri District,Busoga,2022-11,21.49,167.61,84.37,0.098,18232,881,134,40,27,515986.3
Busoga|Bugweri District,Bugweri District,Busoga,2022-11,21.48,154.48,84.57,0.056,8682,213,10,6,8,200450.8
Ankole|Buhweju District,Buhweju District,Ankole,2022-11,18.36,177.16,85.54,0.05,427,240,5,14,0,152183.1
North Buganda|Buikwe District,Buikwe District,North Buganda,2022-11,21.27,157.83,85.27,0.566,9965,915,43,51,10,490057.4
Teso|Bukedea District,Bukedea District,Teso,2022-11,22.79,89,67.43,0.044,8017,222,11,17,5,279933.1
South Buganda|Bukomansimbi District,Bukomansimbi District,South Buganda,2022-11,20.7,108.37,81.7,0.038,4173,585,8,3,0,157468.6
Bugisu|Bukwo District,Bukwo District,Bugisu,2022-11,19.68,136.79,54.89,0.051,1310,796,20,,0,130642.1
Bugisu|Bulambuli District,Bulambuli District,Bugisu,2022-11,20.26,127.61,61.67,0.054,4115,834,24,10,9,252209
Bunyoro|Buliisa District,Buliisa District,Bunyoro,2022-11,24.11,126.49,79.62,1.414,6292,177,13,15,5,163252.7
Tooro|Bundibugyo District,Bundibugyo District,Tooro,2022-11,19.09,163.87,87.33,0.067,9447,430,41,46,109,277140.7
Tooro|Bunyangabu District,Bunyangabu District,Tooro,2022-11,17.75,184.43,87.55,0.042,2016,244,44,6,4,203243.2
Ankole|Bushenyi District,Bushenyi District,Ankole,2022-11,18.98,186.82,85.05,0.054,3960,458,76,13,15,242834.7
Bukedi|Busia District,Busia District,Bukedi,2022-11,21.07,188.2,83.81,0.161,15575,683,74,36,37,404691.3
Bukedi|Butaleja District,Butaleja District,Bukedi,2022-11,21.36,124.62,80.07,0.036,21629,704,50,37,13,320621.6
South Buganda|Butambala District,Butambala District,South Buganda,2022-11,20.71,125.89,83.83,0.044,6460,238,0,30,0,109699.5
Bukedi|Butebo District,Butebo District,Bukedi,2022-11,22.19,92.09,75.3,0.037,7489,231,31,,0,123960.4
North Buganda|Buvuma District,Buvuma District,North Buganda,2022-11,22.74,171.05,76.6,3.172,2084,339,43,2,0,144903
Busoga|Buyende District,Buyende District,Busoga,2022-11,23.12,96.88,77.83,0.986,8346,234,15,29,68,448870.2
Lango|Dokolo District,Dokolo District,Lango,2022-11,22.91,94.74,76.56,0.321,17174,603,15,24,0,226479.5
Tooro|Fort Portal City,Fort Portal City,Tooro,2022-11,17.93,149.03,89.48,0.116,2426,830,65,19,5,119572.4
South Buganda|Gomba District,Gomba District,South Buganda,2022-11,20.53,101.56,83.72,0.063,2541,26,18,7,0,177713.1
Acholi|Gulu City,Gulu City,Acholi,2022-11,23.36,167.02,72.08,0.163,7676,915,119,33,104,219199.5
Acholi|Gulu District,Gulu District,Acholi,2022-11,24.29,149.85,68.33,0.053,10207,250,25,3,114,123362
Bunyoro|Hoima City,Hoima City,Bunyoro,2022-11,21.37,149.34,85.33,0.108,1968,320,21,11,0,130642.1
Bunyoro|Hoima District,Hoima District,Bunyoro,2022-11,23.18,128.63,80.54,1.437,4937,107,33,12,28,268265
Ankole|Ibanda District,Ibanda District,Ankole,2022-11,19.79,153.94,83.47,0.042,12998,213,59,28,45,285617.5
Busoga|Iganga District,Iganga District,Busoga,2022-11,21.69,136.2,82.92,0.078,20653,964,46,38,25,424237.7
Ankole|Isingiro District,Isingiro District,Ankole,2022-11,20.09,118.49,79.7,0.071,11659,1793,103,57,378,635558.7
Busoga|Jinja City,Jinja City,Busoga,2022-11,21.25,161.25,86.65,0.825,4758,408,96,178,9,276741.8
Busoga|Jinja District,Jinja District,Busoga,2022-11,21.35,137.32,85.32,0.122,7694,480,45,1,18,251012.3
Karamoja|Kaabong District,Kaabong District,Karamoja,2022-11,23.62,32.64,50.29,0.022,4559,293,6,20,704,131240.4
Kigezi|Kabale District,Kabale District,Kigezi,2022-11,17.23,143.51,81.69,0.154,493,786,125,15,15,253605.2
Tooro|Kabarole District,Kabarole District,Tooro,2022-11,19.71,158.07,85.99,0.046,3570,566,36,7,0,230468.6
Teso|Kaberamaido District,Kaberamaido District,Teso,2022-11,23.19,99.49,76.89,0.836,9657,171,25,18,0,143008.2
Bunyoro|Kagadi District,Kagadi District,Bunyoro,2022-11,21.34,144.58,85.06,0.34,5139,224,34,47,39,458444
Bunyoro|Kakumiro District,Kakumiro District,Bunyoro,2022-11,20.69,147.77,85.11,0.049,9506,275,21,14,30,554480.9
Teso|Kalaki District,Kalaki District,Teso,2022-11,23.36,100.35,73.7,0.406,6806,77,10,11,3,149191.3
South Buganda|Kalangala District,Kalangala District,South Buganda,2022-11,22.65,162.93,76.46,3.068,816,88,55,5,2,71803.3
Busoga|Kaliro District,Kaliro District,Busoga,2022-11,22.49,99.57,79.33,0.352,9009,771,53,13,47,307158.5
South Buganda|Kalungu District,Kalungu District,South Buganda,2022-11,21.03,110.4,81.81,0.207,8099,288,16,8,0,187286.9
Kampala|Kampala District,Kampala District,Kampala,2022-11,20.7,114.66,86.54,2.367,15710,3398,841,174,23,1733849.7
Busoga|Kamuli District,Kamuli District,Busoga,2022-11,21.88,119.31,83.31,0.101,24348,1588,79,54,113,582105.2
Tooro|Kamwenge District,Kamwenge District,Tooro,2022-11,19.94,150.81,83.42,0.048,18041,1874,45,58,249,358517.8
Kigezi|Kanungu District,Kanungu District,Kigezi,2022-11,19.76,158.27,83.38,0.182,6534,521,50,21,7,230468.6
Bugisu|Kapchorwa District,Kapchorwa District,Bugisu,2022-11,19.21,152.02,61.98,0.059,636,527,16,11,0,130243.2
Teso|Kapelebyong District,Kapelebyong District,Teso,2022-11,25.29,83.69,51.96,0.039,4377,138,18,19,6,109200.8
Karamoja|Karenga District,Karenga District,Karamoja,2022-11,23.53,55.69,51.89,0.028,2542,111,18,7,483,71204.9
Tooro|Kasese District,Kasese District,Tooro,2022-11,19.42,165.84,82,0.428,14684,2285,136,158,67,824939.9
North Buganda|Kassanda District,Kassanda District,North Buganda,2022-11,20.51,121.95,83.92,0.136,6627,200,16,16,4,326106.6
Teso|Katakwi District,Katakwi District,Teso,2022-11,24.91,77.36,56.47,0.192,10704,167,28,16,60,204041
North Buganda|Kayunga District,Kayunga District,North Buganda,2022-11,22.11,115.23,81.8,0.333,7347,749,14,25,0,419650.3
Ankole|Kazo District,Kazo District,Ankole,2022-11,19.96,120.93,84.82,0.043,8643,142,52,1,0,231964.5
Bunyoro|Kibaale District,Kibaale District,Bunyoro,2022-11,20.2,150.75,85.98,0.057,4831,246,14,8,11,221393.4
North Buganda|Kiboga District,Kiboga District,North Buganda,2022-11,21.52,136.89,80.56,0.042,7711,625,70,28,24,178810.1
Bukedi|Kibuku District,Kibuku District,Bukedi,2022-11,21.96,118.12,79.69,0.066,24392,329,53,1,0,268165.3
Bunyoro|Kikuube District,Kikuube District,Bunyoro,2022-11,22.52,141.28,81.9,1.096,14912,1278,58,14,246,394120.2
Ankole|Kiruhura District,Kiruhura District,Ankole,2022-11,20.03,125.28,82.35,0.084,5481,157,11,6,0,198157.1
Bunyoro|Kiryandongo District,Kiryandongo District,Bunyoro,2022-11,22.89,152.61,78.06,0.07,9811,1217,198,50,141,329896.2
Kigezi|Kisoro District,Kisoro District,Kigezi,2022-11,16.33,190.59,84.73,0.141,1678,638,169,24,221,325807.4
Tooro|Kitagwenda District,Kitagwenda District,Tooro,2022-11,20.82,164.57,78.65,0.313,4435,169,2,7,1,190677.6
Acholi|Kitgum District,Kitgum District,Acholi,2022-11,24.45,116.39,55.3,0.046,14675,1244,28,28,11,229172.1
West Nile|Koboko District,Koboko District,West Nile,2022-11,23.22,106.58,73.08,0.054,11933,463,22,25,156,276741.8
Lango|Kole District,Kole District,Lango,2022-11,23.38,119.14,70.97,0.053,11007,1023,4,22,14,299778.7
Karamoja|Kotido District,Kotido District,Karamoja,2022-11,24.56,41.24,47.88,0.016,8828,645,218,16,1350,214711.7
Teso|Kumi District,Kumi District,Teso,2022-11,24,78.11,64.55,0.256,15927,381,34,18,59,300377
Lango|Kwania District,Kwania District,Lango,2022-11,23.13,92.39,76.65,0.511,9849,741,11,23,0,227975.4
Bugisu|Kween District,Kween District,Bugisu,2022-11,22.91,112.1,49.49,0.042,1454,362,41,,0,114885.2
North Buganda|Kyankwanzi District,Kyankwanzi District,North Buganda,2022-11,21.68,141.68,80.1,0.047,4903,292,55,9,19,308853.8
Tooro|Kyegegwa District,Kyegegwa District,Tooro,2022-11,19.85,148.12,85.09,0.05,18404,1708,69,16,71,511000
Tooro|Kyenjojo District,Kyenjojo District,Tooro,2022-11,19.88,154.23,86.06,0.049,14425,3546,125,54,72,562957.7
South Buganda|Kyotera District,Kyotera District,South Buganda,2022-11,21.81,118.79,78.99,0.973,10778,717,69,5,0,267168
Acholi|Lamwo District,Lamwo District,Acholi,2022-11,24.04,146.4,65.03,0.051,17720,1451,28,30,101,146398.9
Lango|Lira City,Lira City,Lango,2022-11,23.45,112.13,69.43,0.157,5596,561,96,29,36,255300.5
Lango|Lira District,Lira District,Lango,2022-11,23.79,112.58,67.53,0.049,7491,400,24,6,166,246923.5
Busoga|Luuka District,Luuka District,Busoga,2022-11,21.9,127.49,82.19,0.046,14952,354,25,3,4,276043.7
North Buganda|Luwero District,Luwero District,North Buganda,2022-11,21.22,115.98,85.61,0.063,12535,1312,101,33,36,545206.3
South Buganda|Lwengo District,Lwengo District,South Buganda,2022-11,20.53,107.94,81.13,0.052,7645,389,35,9,0,294393.4
South Buganda|Lyantonde District,Lyantonde District,South Buganda,2022-11,20.19,119.39,82.88,0.042,4434,317,40,8,0,116181.7
West Nile|Madi-Okollo District,Madi-Okollo District,West Nile,2022-11,24.89,102.27,70.28,0.101,12131,385,27,22,71,172327.9
Bugisu|Manafwa District,Manafwa District,Bugisu,2022-11,18.71,146.88,84.79,0.046,4640,432,206,13,0,182200.8
West Nile|Maracha District,Maracha District,West Nile,2022-11,22.73,126.12,73.28,0.041,11815,575,21,42,16,215210.4
South Buganda|Masaka City,Masaka City,South Buganda,2022-11,21.05,106.81,80.69,0.149,2554,287,54,77,0,232363.4
South Buganda|Masaka District,Masaka District,South Buganda,2022-11,21.96,126.82,78.84,1.841,1802,236,15,2,0,124957.7
Bunyoro|Masindi District,Masindi District,Bunyoro,2022-11,22.6,156.59,79.67,0.053,6642,464,59,40,51,357121.6
Busoga|Mayuge District,Mayuge District,Busoga,2022-11,22.32,170.76,79.55,2.228,15077,456,77,28,9,596765
Bugisu|Mbale City,Mbale City,Bugisu,2022-11,20.24,123.06,80.69,0.071,6998,1099,63,81,35,338073.8
Bugisu|Mbale District,Mbale District,Bugisu,2022-11,19.4,147.25,83.15,0.048,5664,843,11,1,0,282027.3
Ankole|Mbarara City,Mbarara City,Ankole,2022-11,19.59,125.27,80.13,0.117,906,558,79,59,0,229172.1
Ankole|Mbarara District,Mbarara District,Ankole,2022-11,19.35,132.09,82.31,0.047,2120,180,30,8,0,175818.3
Ankole|Mitooma District,Mitooma District,Ankole,2022-11,19.05,173.21,83.88,0.035,3587,470,9,7,0,196960.4
North Buganda|Mityana District,Mityana District,North Buganda,2022-11,20.57,125.19,85.94,0.208,14994,561,44,22,28,372579.2
Karamoja|Moroto District,Moroto District,Karamoja,2022-11,24.14,22.09,46.02,0.015,3627,371,91,10,367,123461.7
West Nile|Moyo District,Moyo District,West Nile,2022-11,24.5,106.06,72.64,0.137,9810,622,59,3,25,113788.3
South Buganda|Mpigi District,Mpigi District,South Buganda,2022-11,21.22,124.02,82.47,0.734,5022,652,42,11,0,298282.8
North Buganda|Mubende District,Mubende District,North Buganda,2022-11,20.07,134.01,85.22,0.056,9565,115,48,29,4,610228.1
North Buganda|Mukono District,Mukono District,North Buganda,2022-11,21.94,151.97,80.78,1.804,9967,1498,209,17,34,736781.4
Karamoja|Nabilatuk District,Nabilatuk District,Karamoja,2022-11,25.14,54.66,47.14,0.021,3715,160,39,14,613,97931.7
Karamoja|Nakapiripirit District,Nakapiripirit District,Karamoja,2022-11,24.33,66.47,46,0.03,3922,393,122,10,367,122663.9
North Buganda|Nakaseke District,Nakaseke District,North Buganda,2022-11,21.94,125.99,79.39,0.044,6658,444,83,17,9,247521.9
North Buganda|Nakasongola District,Nakasongola District,North Buganda,2022-11,23.03,107.48,74.87,0.272,12351,831,26,3,0,226679
Busoga|Namayingo District,Namayingo District,Busoga,2022-11,22.64,166.95,77.54,2.908,11968,500,68,2,26,243333.3
Bugisu|Namisindwa District,Namisindwa District,Bugisu,2022-11,16.33,166.59,82.52,0.052,2457,148,3,3,0,241837.4
Busoga|Namutumba District,Namutumba District,Busoga,2022-11,21.82,125.67,82.37,0.04,12346,827,19,6,10,325408.5
Karamoja|Napak District,Napak District,Karamoja,2022-11,25.23,46.22,46.54,0.019,4235,485,101,26,632,163153
West Nile|Nebbi District,Nebbi District,West Nile,2022-11,23.91,109.62,70.74,0.042,13973,694,122,111,46,297485
Teso|Ngora District,Ngora District,Teso,2022-11,23.46,81.79,72.46,0.321,6575,210,27,13,0,173823.8
Tooro|Ntoroko District,Ntoroko District,Tooro,2022-11,23.34,106.81,79.56,0.456,1156,80,6,,3,78983.6
Ankole|Ntungamo District,Ntungamo District,Ankole,2022-11,19.13,138.83,80.58,0.041,8425,1594,63,34,3,558370.2
Acholi|Nwoya District,Nwoya District,Acholi,2022-11,23.53,167.08,77.1,0.091,11649,645,50,14,23,285019.1
West Nile|Obongi District,Obongi District,West Nile,2022-11,25.21,84.91,72.74,0.259,11115,716,19,13,96,51159.8
Acholi|Omoro District,Omoro District,Acholi,2022-11,23.6,161.18,69.95,0.061,14612,448,9,4,40,209027.3
Lango|Otuke District,Otuke District,Lango,2022-11,24.96,118.13,55.14,0.044,8687,242,3,4,32,144304.6
Lango|Oyam District,Oyam District,Lango,2022-11,23.23,143.57,72.76,0.063,21703,1089,70,31,114,477691.3
Acholi|Pader District,Pader District,Acholi,2022-11,24.78,159.9,61.35,0.051,20914,1255,33,13,9,203143.4
West Nile|Pakwach District,Pakwach District,West Nile,2022-11,24.9,107.62,74.84,0.27,9973,299,33,42,2,210922.1
Bukedi|Pallisa District,Pallisa District,Bukedi,2022-11,22.62,98.26,78.57,0.342,17651,390,13,12,43,382651.6
South Buganda|Rakai District,Rakai District,South Buganda,2022-11,20.54,115,82.02,0.139,13415,809,68,9,2,330993.2
Kigezi|Rubanda District,Rubanda District,Kigezi,2022-11,16.53,162.65,84.05,0.115,278,561,27,2,15,211321
Ankole|Rubirizi District,Rubirizi District,Ankole,2022-11,21.89,165.27,79.79,0.835,3286,182,7,7,0,148692.6
Kigezi|Rukiga District,Rukiga District,Kigezi,2022-11,18.26,149.26,80.91,0.031,454,307,19,,0,106408.5
Kigezi|Rukungiri District,Rukungiri District,Kigezi,2022-11,20.1,155.7,82.74,0.222,5868,981,126,22,0,338472.7
Ankole|Rwampara District,Rwampara District,Ankole,2022-11,19.02,140.52,81.33,0.034,456,218,2,10,0,150088.8
South Buganda|Sembabule District,Sembabule District,South Buganda,2022-11,20.44,109.5,82.65,0.042,9142,187,77,2,0,310848.4
Teso|Serere District,Serere District,Teso,2022-11,23.45,98.35,74.38,0.886,11652,352,9,15,0,386441.3
Ankole|Sheema District,Sheema District,Ankole,2022-11,18.8,157.71,84.62,0.044,581,433,33,16,5,223886.6
Bugisu|Sironko District,Sironko District,Bugisu,2022-11,17.54,149.11,78.76,0.057,4469,472,17,15,1,284420.8
Teso|Soroti City,Soroti City,Teso,2022-11,23.52,81.98,70.38,0.118,7291,163,19,13,0,74595.6
Teso|Soroti District,Soroti District,Teso,2022-11,23.57,86.4,69.73,0.16,8184,164,8,33,0,312743.2
West Nile|Terego District,Terego District,West Nile,2022-11,24.68,112.96,69.44,0.047,24030,1333,18,12,126,244629.8
Bukedi|Tororo District,Tororo District,Bukedi,2022-11,20.9,144.85,81.05,0.038,38308,1775,163,39,50,623990.4
South Buganda|Wakiso District,Wakiso District,South Buganda,2022-11,21.26,125.63,83.86,1.139,26467,1963,462,46,16,3298961.7
West Nile|Yumbe District,Yumbe District,West Nile,2022-11,24.38,99.27,71.31,0.05,38088,1307,151,74,239,734388
West Nile|Zombo District,Zombo District,West Nile,2022-11,20.99,138.64,75.79,0.047,6647,843,28,77,22,297684.4
Karamoja|Abim District,Abim District,Karamoja,2022-12,25.03,31.44,44.62,0.018,5836,137,10,3,112,172128.4
West Nile|Adjumani District,Adjumani District,West Nile,2022-12,25.72,45.87,57.83,0.083,19781,1816,184,30,99,238147.5
Acholi|Agago District,Agago District,Acholi,2022-12,25.2,49.11,46.99,0.034,16634,242,62,29,29,258092.9
Lango|Alebtong District,Alebtong District,Lango,2022-12,24.79,56.56,53.52,0.038,7930,347,10,30,128,278836.1
Lango|Amolatar District,Amolatar District,Lango,2022-12,23.96,70.47,70.08,1.565,12249,893,21,3,44,177513.7
Karamoja|Amudat District,Amudat District,Karamoja,2022-12,24.31,28.49,43.38,0.017,1525,267,25,8,211,145700.8
Teso|Amuria District,Amuria District,Teso,2022-12,24.44,56.55,55.72,0.034,11160,275,26,35,4,239842.9
Acholi|Amuru District,Amuru District,Acholi,2022-12,25.27,48.73,57.07,0.047,5111,383,10,16,6,226679
Lango|Apac District,Apac District,Lango,2022-12,23.62,77.98,67.62,0.175,13924,1087,87,21,10,241239.1
West Nile|Arua City,Arua City,West Nile,2022-12,23.42,63.65,58.79,0.057,5521,353,96,7,30,379061.5
West Nile|Arua District,Arua District,West Nile,2022-12,24.25,58.97,56.59,0.041,2102,37,2,24,22,163950.8
Bukedi|Budaka District,Budaka District,Bukedi,2022-12,21.53,89.32,72.81,0.036,10158,180,25,9,36,269262.3
Bugisu|Bududa District,Bududa District,Bugisu,2022-12,13.54,60.8,74.84,0.058,1656,832,29,9,13,293994.5
Busoga|Bugiri District,Bugiri District,Busoga,2022-12,21.46,158.48,81.86,0.099,16415,714,55,40,0,515986.3
Busoga|Bugweri District,Bugweri District,Busoga,2022-12,21.52,140.56,81.94,0.056,7693,315,12,,5,200450.8
Ankole|Buhweju District,Buhweju District,Ankole,2022-12,18.5,135.04,80.96,0.05,396,170,3,6,0,152183.1
North Buganda|Buikwe District,Buikwe District,North Buganda,2022-12,21.43,200.96,83.1,0.564,9363,797,58,50,3,490057.4
Teso|Bukedea District,Bukedea District,Teso,2022-12,22.84,63.38,61.98,0.039,13469,297,9,38,0,279933.1
South Buganda|Bukomansimbi District,Bukomansimbi District,South Buganda,2022-12,20.59,137.61,80.47,0.035,4395,417,8,2,0,157468.6
Bugisu|Bukwo District,Bukwo District,Bugisu,2022-12,19.65,37.24,50.55,0.045,1695,865,21,,2,130642.1
Bugisu|Bulambuli District,Bulambuli District,Bugisu,2022-12,20.23,47.76,56.6,0.044,3864,799,16,10,6,252209
Bunyoro|Buliisa District,Buliisa District,Bunyoro,2022-12,24.93,68.23,71.51,1.413,3392,123,17,19,9,163252.7
Tooro|Bundibugyo District,Bundibugyo District,Tooro,2022-12,19.48,117.9,78.46,0.069,5235,500,37,12,124,277140.7
Tooro|Bunyangabu District,Bunyangabu District,Tooro,2022-12,18.06,133.77,80.27,0.045,1365,118,53,3,4,203243.2
Ankole|Bushenyi District,Bushenyi District,Ankole,2022-12,19.02,148,81.52,0.057,2753,433,146,35,17,242834.7
Bukedi|Busia District,Busia District,Bukedi,2022-12,21.05,160.87,81.4,0.162,16149,525,33,67,24,404691.3
Bukedi|Butaleja District,Butaleja District,Bukedi,2022-12,21.27,94.61,76.83,0.039,15924,681,100,28,12,320621.6
South Buganda|Butambala District,Butambala District,South Buganda,2022-12,20.6,154.4,82.8,0.041,5550,323,26,21,2,109699.5
Bukedi|Butebo District,Butebo District,Bukedi,2022-12,22.26,81.77,70.64,0.035,5183,217,15,2,0,123960.4
North Buganda|Buvuma District,Buvuma District,North Buganda,2022-12,22.72,242.91,75.63,3.172,2063,262,19,2,5,144903
Busoga|Buyende District,Buyende District,Busoga,2022-12,23.42,76.89,73.67,0.979,7477,197,15,10,2,448870.2
Lango|Dokolo District,Dokolo District,Lango,2022-12,23.34,63.31,68.84,0.313,9883,396,15,8,0,226479.5
Tooro|Fort Portal City,Fort Portal City,Tooro,2022-12,18.19,112.28,81.07,0.122,1714,439,102,59,4,119572.4
South Buganda|Gomba District,Gomba District,South Buganda,2022-12,20.53,123.24,81.42,0.061,4187,54,14,8,0,177713.1
Acholi|Gulu City,Gulu City,Acholi,2022-12,24.29,54.06,58,0.157,6030,611,99,30,110,219199.5
Acholi|Gulu District,Gulu District,Acholi,2022-12,25.35,47.81,53.34,0.042,4999,198,14,12,41,123362
Bunyoro|Hoima City,Hoima City,Bunyoro,2022-12,21.8,111.66,78.17,0.105,1607,442,75,18,0,130642.1
Bunyoro|Hoima District,Hoima District,Bunyoro,2022-12,23.75,76.25,73.77,1.436,2891,46,27,2,15,268265
Ankole|Ibanda District,Ibanda District,Ankole,2022-12,20.05,96.33,78.9,0.043,11708,476,35,12,52,285617.5
Busoga|Iganga District,Iganga District,Busoga,2022-12,21.74,121.32,80.46,0.076,18826,858,52,36,21,424237.7
Ankole|Isingiro District,Isingiro District,Ankole,2022-12,20.01,100.28,77.7,0.074,14196,2366,89,75,353,635558.7
Busoga|Jinja City,Jinja City,Busoga,2022-12,21.47,153.45,84.51,0.824,5358,530,90,109,0,276741.8
Busoga|Jinja District,Jinja District,Busoga,2022-12,21.52,132.55,83.2,0.12,8896,560,15,1,15,251012.3
Karamoja|Kaabong District,Kaabong District,Karamoja,2022-12,23.48,19.72,46.25,0.017,3630,239,20,13,2849,131240.4
Kigezi|Kabale District,Kabale District,Kigezi,2022-12,17.08,103.87,79.7,0.158,643,676,205,17,13,253605.2
Tooro|Kabarole District,Kabarole District,Tooro,2022-12,20.1,97.66,78.16,0.049,1849,252,43,3,0,230468.6
Teso|Kaberamaido District,Kaberamaido District,Teso,2022-12,23.66,71.32,70.33,0.83,8438,160,7,13,0,143008.2
Bunyoro|Kagadi District,Kagadi District,Bunyoro,2022-12,21.85,103.66,77.71,0.338,2370,151,24,36,18,458444
Bunyoro|Kakumiro District,Kakumiro District,Bunyoro,2022-12,21.23,105.94,77.15,0.05,6172,234,13,23,18,554480.9
Teso|Kalaki District,Kalaki District,Teso,2022-12,23.67,59.12,67.33,0.397,6375,80,16,13,3,149191.3
South Buganda|Kalangala District,Kalangala District,South Buganda,2022-12,22.77,196.09,74.1,3.068,1165,70,60,2,0,71803.3
Busoga|Kaliro District,Kaliro District,Busoga,2022-12,22.5,83.53,76.66,0.347,10193,863,129,9,27,307158.5
South Buganda|Kalungu District,Kalungu District,South Buganda,2022-12,20.91,143.69,80.74,0.205,5043,462,21,6,0,187286.9
Kampala|Kampala District,Kampala District,Kampala,2022-12,20.83,162.39,83.93,2.367,15822,2934,932,228,46,1733849.7
Busoga|Kamuli District,Kamuli District,Busoga,2022-12,22.04,88.6,80.23,0.095,24383,1405,124,30,49,582105.2
Tooro|Kamwenge District,Kamwenge District,Tooro,2022-12,20.3,94.63,78.24,0.048,12933,1694,31,34,125,358517.8
Kigezi|Kanungu District,Kanungu District,Kigezi,2022-12,19.64,114.29,81.1,0.185,6018,370,27,11,14,230468.6
Bugisu|Kapchorwa District,Kapchorwa District,Bugisu,2022-12,19.13,46.64,58.01,0.05,791,464,10,3,1,130243.2
Teso|Kapelebyong District,Kapelebyong District,Teso,2022-12,25.5,50.54,47.59,0.029,5204,189,15,10,4,109200.8
Karamoja|Karenga District,Karenga District,Karamoja,2022-12,23.33,29.1,47.28,0.022,1805,115,8,20,149,71204.9
Tooro|Kasese District,Kasese District,Tooro,2022-12,19.62,100.06,78.07,0.43,10934,1725,157,155,131,824939.9
North Buganda|Kassanda District,Kassanda District,North Buganda,2022-12,20.84,100.19,78.62,0.135,4995,75,22,60,2,326106.6
Teso|Katakwi District,Katakwi District,Teso,2022-12,25.05,54.45,51.89,0.185,12354,213,9,1,130,204041
North Buganda|Kayunga District,Kayunga District,North Buganda,2022-12,22.36,100.35,77.52,0.33,7667,859,22,50,8,419650.3
Ankole|Kazo District,Kazo District,Ankole,2022-12,20.25,88.7,80.3,0.043,9494,144,19,3,0,231964.5
Bunyoro|Kibaale District,Kibaale District,Bunyoro,2022-12,20.72,121.21,78.36,0.057,3878,116,14,15,20,221393.4
North Buganda|Kiboga District,Kiboga District,North Buganda,2022-12,22.27,107.67,71.18,0.043,4933,309,38,13,26,178810.1
Bukedi|Kibuku District,Kibuku District,Bukedi,2022-12,21.99,86.07,76.12,0.064,21709,263,57,2,0,268165.3
Bunyoro|Kikuube District,Kikuube District,Bunyoro,2022-12,23.05,83.94,74.91,1.094,11830,1463,72,15,129,394120.2
Ankole|Kiruhura District,Kiruhura District,Ankole,2022-12,20.23,101.18,78.52,0.084,5896,128,7,1,0,198157.1
Bunyoro|Kiryandongo District,Kiryandongo District,Bunyoro,2022-12,23.65,84.72,67,0.063,6664,1034,83,58,90,329896.2
Kigezi|Kisoro District,Kisoro District,Kigezi,2022-12,16.09,130.13,83.77,0.145,1592,659,102,16,91,325807.4
Tooro|Kitagwenda District,Kitagwenda District,Tooro,2022-12,21.15,94.16,73.92,0.319,3248,127,0,6,0,190677.6
Acholi|Kitgum District,Kitgum District,Acholi,2022-12,24.68,42.63,47.54,0.035,9029,586,54,27,18,229172.1
West Nile|Koboko District,Koboko District,West Nile,2022-12,24.24,55.17,56.2,0.049,8561,243,20,41,48,276741.8
Lango|Kole District,Kole District,Lango,2022-12,23.91,70.75,61.3,0.044,5619,530,9,34,5,299778.7
Karamoja|Kotido District,Kotido District,Karamoja,2022-12,24.36,24.38,44.67,0.011,8059,365,277,16,1035,214711.7
Teso|Kumi District,Kumi District,Teso,2022-12,24.24,61.19,58.39,0.252,19497,296,30,31,45,300377
Lango|Kwania District,Kwania District,Lango,2022-12,23.59,73.31,69.21,0.504,4254,612,25,12,0,227975.4
Bugisu|Kween District,Kween District,Bugisu,2022-12,22.89,44.18,45.69,0.032,1615,301,46,1,0,114885.2
North Buganda|Kyankwanzi District,Kyankwanzi District,North Buganda,2022-12,22.35,108.44,70.81,0.046,3697,222,34,10,25,308853.8
Tooro|Kyegegwa District,Kyegegwa District,Tooro,2022-12,20.18,101.15,79.61,0.047,16270,1454,57,36,59,511000
Tooro|Kyenjojo District,Kyenjojo District,Tooro,2022-12,20.29,88.35,79.22,0.049,8070,2075,112,48,31,562957.7
South Buganda|Kyotera District,Kyotera District,South Buganda,2022-12,21.75,162.14,78,0.973,10558,626,85,6,13,267168
Acholi|Lamwo District,Lamwo District,Acholi,2022-12,24.78,45.47,52.57,0.04,13871,1088,16,25,82,146398.9
Lango|Lira City,Lira City,Lango,2022-12,23.96,66.19,60.2,0.148,4330,476,115,19,22,255300.5
Lango|Lira District,Lira District,Lango,2022-12,24.36,66.39,57.96,0.038,4319,241,31,24,28,246923.5
Busoga|Luuka District,Luuka District,Busoga,2022-12,21.98,108.12,79.63,0.042,11856,262,39,1,4,276043.7
North Buganda|Luwero District,Luwero District,North Buganda,2022-12,21.36,122.76,81.54,0.06,11602,1396,73,44,36,545206.3
South Buganda|Lwengo District,Lwengo District,South Buganda,2022-12,20.42,130.6,79.98,0.048,8029,235,17,9,0,294393.4
South Buganda|Lyantonde District,Lyantonde District,South Buganda,2022-12,20.3,114.95,79.79,0.04,6706,356,28,9,0,116181.7
West Nile|Madi-Okollo District,Madi-Okollo District,West Nile,2022-12,25.75,49.66,56.39,0.094,9446,293,38,23,59,172327.9
Bugisu|Manafwa District,Manafwa District,Bugisu,2022-12,18.53,97.75,81.55,0.046,3967,267,286,9,0,182200.8
West Nile|Maracha District,Maracha District,West Nile,2022-12,23.6,74.34,57.91,0.037,8338,383,21,23,18,215210.4
South Buganda|Masaka City,Masaka City,South Buganda,2022-12,20.87,150.67,80.34,0.148,2526,205,18,10,6,232363.4
South Buganda|Masaka District,Masaka District,South Buganda,2022-12,22.01,160.15,77.27,1.841,1803,202,6,1,0,124957.7
Bunyoro|Masindi District,Masindi District,Bunyoro,2022-12,23.32,91.12,69.77,0.05,4249,278,49,20,23,357121.6
Busoga|Mayuge District,Mayuge District,Busoga,2022-12,22.34,232.83,78.64,2.228,13869,498,23,29,5,596765
Bugisu|Mbale City,Mbale City,Bugisu,2022-12,20.04,82.15,77.37,0.071,6460,605,56,92,1,338073.8
Bugisu|Mbale District,Mbale District,Bugisu,2022-12,19.2,95.26,80.08,0.049,6002,809,15,26,0,282027.3
Ankole|Mbarara City,Mbarara City,Ankole,2022-12,19.71,101.68,76.27,0.118,867,397,63,75,0,229172.1
Ankole|Mbarara District,Mbarara District,Ankole,2022-12,19.52,112.53,78.04,0.047,1899,187,19,1,0,175818.3
Ankole|Mitooma District,Mitooma District,Ankole,2022-12,18.91,140.1,81.87,0.039,2942,205,3,,0,196960.4
North Buganda|Mityana District,Mityana District,North Buganda,2022-12,20.79,122.12,81.72,0.206,9611,455,30,6,39,372579.2
Karamoja|Moroto District,Moroto District,Karamoja,2022-12,23.84,15.15,43.38,0.012,3111,320,66,15,357,123461.7
West Nile|Moyo District,Moyo District,West Nile,2022-12,25.58,39.99,55.44,0.127,5587,630,40,13,17,113788.3
South Buganda|Mpigi District,Mpigi District,South Buganda,2022-12,21.21,151.13,80.97,0.733,4732,758,31,25,0,298282.8
North Buganda|Mubende District,Mubende District,North Buganda,2022-12,20.37,105.39,80.12,0.053,7489,156,37,57,0,610228.1
North Buganda|Mukono District,Mukono District,North Buganda,2022-12,22.07,187.22,78.5,1.804,10798,1426,259,14,59,736781.4
Karamoja|Nabilatuk District,Nabilatuk District,Karamoja,2022-12,25.02,39.03,44.45,0.016,2467,162,27,16,354,97931.7
Karamoja|Nakapiripirit District,Nakapiripirit District,Karamoja,2022-12,24.25,43.83,43.35,0.022,3792,416,136,8,485,122663.9
North Buganda|Nakaseke District,Nakaseke District,North Buganda,2022-12,22.56,112.31,70.45,0.044,5817,201,38,10,10,247521.9
North Buganda|Nakasongola District,Nakasongola District,North Buganda,2022-12,23.56,91.03,66.92,0.267,9694,544,31,7,0,226679
Busoga|Namayingo District,Namayingo District,Busoga,2022-12,22.6,217.68,76.91,2.908,12611,594,57,6,30,243333.3
Bugisu|Namisindwa District,Namisindwa District,Bugisu,2022-12,16.23,86.97,78.19,0.052,2053,168,71,8,0,241837.4
Busoga|Namutumba District,Namutumba District,Busoga,2022-12,21.87,104.13,79.1,0.038,11731,901,19,12,18,325408.5
Karamoja|Napak District,Napak District,Karamoja,2022-12,25.06,31.71,44.13,0.012,3972,480,97,10,471,163153
West Nile|Nebbi District,Nebbi District,West Nile,2022-12,24.45,62.51,59.16,0.035,11281,641,152,114,28,297485
Teso|Ngora District,Ngora District,Teso,2022-12,23.55,55.82,67.95,0.316,8850,124,16,14,0,173823.8
Tooro|Ntoroko District,Ntoroko District,Tooro,2022-12,24.02,70.42,70.72,0.456,1001,36,5,14,1,78983.6
Ankole|Ntungamo District,Ntungamo District,Ankole,2022-12,18.92,105.03,78.67,0.043,8202,989,28,29,0,558370.2
Acholi|Nwoya District,Nwoya District,Acholi,2022-12,24.5,65.47,64.23,0.084,8957,468,35,35,8,285019.1
West Nile|Obongi District,Obongi District,West Nile,2022-12,26.26,43.83,57.34,0.25,6558,559,18,40,65,51159.8
Acholi|Omoro District,Omoro District,Acholi,2022-12,24.45,64.46,57.03,0.051,9031,377,8,11,163,209027.3
Lango|Otuke District,Otuke District,Lango,2022-12,25.5,48.47,47.38,0.032,5922,177,5,1,26,144304.6
Lango|Oyam District,Oyam District,Lango,2022-12,23.91,61.57,61.61,0.054,11511,659,33,83,69,477691.3
Acholi|Pader District,Pader District,Acholi,2022-12,25.63,63.95,49.44,0.039,16030,760,36,22,4,203143.4
West Nile|Pakwach District,Pakwach District,West Nile,2022-12,25.75,47.65,64.22,0.266,8346,295,44,54,0,210922.1
Bukedi|Pallisa District,Pallisa District,Bukedi,2022-12,22.68,81.33,75.31,0.339,14052,202,19,8,10,382651.6
South Buganda|Rakai District,Rakai District,South Buganda,2022-12,20.36,123.55,81.33,0.139,18103,909,46,2,2,330993.2
Kigezi|Rubanda District,Rubanda District,Kigezi,2022-12,16.31,103.97,82.67,0.118,439,539,25,6,3,211321
Ankole|Rubirizi District,Rubirizi District,Ankole,2022-12,22.15,102.37,75.4,0.839,3259,86,4,5,0,148692.6
Kigezi|Rukiga District,Rukiga District,Kigezi,2022-12,18.06,98.36,78.99,0.033,526,245,10,5,3,106408.5
Kigezi|Rukungiri District,Rukungiri District,Kigezi,2022-12,19.96,117.83,81.04,0.224,5541,740,76,46,11,338472.7
Ankole|Rwampara District,Rwampara District,Ankole,2022-12,18.98,107.81,78.54,0.035,368,273,15,4,0,150088.8
South Buganda|Sembabule District,Sembabule District,South Buganda,2022-12,20.47,117.04,80.02,0.039,9797,190,66,4,0,310848.4
Teso|Serere District,Serere District,Teso,2022-12,23.55,65.8,70.96,0.88,12663,471,20,64,0,386441.3
Ankole|Sheema District,Sheema District,Ankole,2022-12,18.82,133.97,81.71,0.044,690,417,21,14,2,223886.6
Bugisu|Sironko District,Sironko District,Bugisu,2022-12,17.44,55.76,74.52,0.052,5790,429,17,26,0,284420.8
Teso|Soroti City,Soroti City,Teso,2022-12,23.58,46.18,65.51,0.11,5860,160,39,55,0,74595.6
Teso|Soroti District,Soroti District,Teso,2022-12,23.73,52.92,64.16,0.151,9743,149,30,14,0,312743.2
West Nile|Terego District,Terego District,West Nile,2022-12,25.71,59.59,53.59,0.039,15777,1052,32,16,77,244629.8
Bukedi|Tororo District,Tororo District,Bukedi,2022-12,20.77,111.78,77.85,0.039,20249,1743,137,81,76,623990.4
South Buganda|Wakiso District,Wakiso District,South Buganda,2022-12,21.39,160.01,81.13,1.139,23608,1545,330,55,21,3298961.7
West Nile|Yumbe District,Yumbe District,West Nile,2022-12,25.46,46.28,54.06,0.042,26663,692,90,53,114,734388
West Nile|Zombo District,Zombo District,West Nile,2022-12,21.61,77.38,63.12,0.044,5105,709,48,84,48,297684.4
Karamoja|Abim District,Abim District,Karamoja,2023-01,25.87,0,31.39,0.016,3870,164,24,10,105,182300.5
West Nile|Adjumani District,Adjumani District,West Nile,2023-01,28.21,0.02,34.39,0.067,17035,1408,198,33,131,239344.3
Acholi|Agago District,Agago District,Acholi,2023-01,26.3,1.15,32.12,0.025,15204,268,44,3,30,261782.8
Lango|Alebtong District,Alebtong District,Lango,2023-01,26.43,5.61,34.87,0.03,6609,280,12,24,44,285617.5
Lango|Amolatar District,Amolatar District,Lango,2023-01,25.45,10.46,56.73,1.565,7887,832,9,7,2,181502.7
Karamoja|Amudat District,Amudat District,Karamoja,2023-01,24.57,2.06,32.48,0.017,1181,145,11,9,316,151485
Teso|Amuria District,Amuria District,Teso,2023-01,26.27,8.32,35.15,0.028,8315,202,22,12,0,247821
Acholi|Amuru District,Amuru District,Acholi,2023-01,27.76,0.15,33.99,0.032,3063,488,26,20,5,231864.8
Lango|Apac District,Apac District,Lango,2023-01,25.74,8.76,46.92,0.171,8771,1064,6,36,0,248918
West Nile|Arua City,Arua City,West Nile,2023-01,25.92,5.11,36.33,0.053,4842,349,295,14,29,388435.8
West Nile|Arua District,Arua District,West Nile,2023-01,26.6,4.74,35.13,0.035,1751,48,12,22,27,167939.9
Bukedi|Budaka District,Budaka District,Bukedi,2023-01,22.75,16.64,56.42,0.038,11955,160,85,19,34,277838.8
Bugisu|Bududa District,Bududa District,Bugisu,2023-01,14.13,16.91,58.22,0.066,1485,718,93,7,19,306360.7
Busoga|Bugiri District,Bugiri District,Busoga,2023-01,22.31,22.62,71.24,0.106,16729,647,65,51,5,534934.4
Busoga|Bugweri District,Bugweri District,Busoga,2023-01,22.37,25.37,71.99,0.063,7350,191,18,3,4,205038.3
Ankole|Buhweju District,Buhweju District,Ankole,2023-01,19.5,54.45,67.38,0.071,381,202,29,7,0,156471.3
North Buganda|Buikwe District,Buikwe District,North Buganda,2023-01,22.38,38.69,76.44,0.576,10618,892,52,53,17,498434.4
Teso|Bukedea District,Bukedea District,Teso,2023-01,23.8,14.24,45.47,0.039,11618,119,13,11,5,291002.7
South Buganda|Bukomansimbi District,Bukomansimbi District,South Buganda,2023-01,21.98,38.04,67.55,0.049,5370,519,14,21,0,157967.2
Bugisu|Bukwo District,Bukwo District,Bugisu,2023-01,20.45,12.18,35.25,0.047,1492,526,27,,0,136825.1
Bugisu|Bulambuli District,Bulambuli District,Bugisu,2023-01,20.91,14.28,40.58,0.044,2862,840,52,5,5,263777.3
Bunyoro|Buliisa District,Buliisa District,Bunyoro,2023-01,27.08,8.84,53.49,1.411,6390,80,19,8,11,170832
Tooro|Bundibugyo District,Bundibugyo District,Tooro,2023-01,21.02,39.05,56.06,0.092,6005,526,55,10,168,284221.3
Tooro|Bunyangabu District,Bunyangabu District,Tooro,2023-01,19.65,39.24,58.42,0.064,1745,131,63,5,13,207431.7
Ankole|Bushenyi District,Bushenyi District,Ankole,2023-01,20.17,56.67,68.61,0.077,3045,599,16,26,19,244629.8
Bukedi|Busia District,Busia District,Bukedi,2023-01,22.02,21.42,69.41,0.168,13183,460,52,48,0,415561.5
Bukedi|Butaleja District,Butaleja District,Bukedi,2023-01,22.37,16.06,62.88,0.043,19377,651,196,33,15,331292.3
South Buganda|Butambala District,Butambala District,South Buganda,2023-01,22.03,48.52,68.41,0.06,6115,219,20,2,5,110597
Bukedi|Butebo District,Butebo District,Bukedi,2023-01,23.72,15.39,53.35,0.036,6447,102,12,5,0,125356.6
North Buganda|Buvuma District,Buvuma District,North Buganda,2023-01,24.14,40.46,67.75,3.173,2694,303,24,6,1,153778.7
Busoga|Buyende District,Buyende District,Busoga,2023-01,25.05,17.86,58.9,0.984,6894,284,38,21,9,467120.2
Lango|Dokolo District,Dokolo District,Lango,2023-01,25.27,7.74,48.52,0.309,8474,462,19,5,0,232263.7
Tooro|Fort Portal City,Fort Portal City,Tooro,2023-01,19.43,28.81,59.71,0.138,2075,612,152,89,14,121766.4
South Buganda|Gomba District,Gomba District,South Buganda,2023-01,22.34,39.5,63.31,0.076,4280,47,7,6,0,179807.4
Acholi|Gulu City,Gulu City,Acholi,2023-01,26.64,0,35.56,0.148,4883,1020,100,26,11,224883.9
Acholi|Gulu District,Gulu District,Acholi,2023-01,27.55,0.58,32.43,0.028,3534,166,18,4,43,126653
Bunyoro|Hoima City,Hoima City,Bunyoro,2023-01,23.26,13.89,60.76,0.109,1498,240,78,80,0,134930.3
Bunyoro|Hoima District,Hoima District,Bunyoro,2023-01,25.28,10.61,59.84,1.435,2339,53,36,5,13,277041
Ankole|Ibanda District,Ibanda District,Ankole,2023-01,21.35,39.91,62.71,0.06,12991,493,100,24,47,290105.2
Busoga|Iganga District,Iganga District,Busoga,2023-01,22.76,27.24,69.68,0.084,19434,841,85,27,25,435606.6
Ankole|Isingiro District,Isingiro District,Ankole,2023-01,21.36,68.08,63.68,0.086,23136,1846,108,56,392,656301.9
Busoga|Jinja City,Jinja City,Busoga,2023-01,22.26,33.96,77.48,0.833,6015,417,53,192,1,280132.5
Busoga|Jinja District,Jinja District,Busoga,2023-01,22.37,31.15,74.97,0.132,9060,446,43,3,10,254203.6
Karamoja|Kaabong District,Kaabong District,Karamoja,2023-01,24.32,0,34.25,0.015,3190,313,122,6,951,134032.8
Kigezi|Kabale District,Kabale District,Kigezi,2023-01,17.83,101.94,69.54,0.172,626,564,51,19,6,256198.1
Tooro|Kabarole District,Kabarole District,Tooro,2023-01,21.69,25.59,56.84,0.067,1654,190,22,8,0,234756.8
Teso|Kaberamaido District,Kaberamaido District,Teso,2023-01,25.35,12.09,53.6,0.829,7596,164,24,6,3,148293.7
Bunyoro|Kagadi District,Kagadi District,Bunyoro,2023-01,23.22,17.35,60.95,0.344,2048,185,28,51,22,473403
Bunyoro|Kakumiro District,Kakumiro District,Bunyoro,2023-01,23.12,17.4,56.17,0.056,5263,378,21,35,8,600255.5
Teso|Kalaki District,Kalaki District,Teso,2023-01,25.75,12.31,45.27,0.394,5364,103,14,13,4,154975.4
South Buganda|Kalangala District,Kalangala District,South Buganda,2023-01,24.06,68.74,67.45,3.07,1425,64,52,11,0,74296.4
Busoga|Kaliro District,Kaliro District,Busoga,2023-01,24.01,20.17,61.48,0.353,9959,738,111,20,1,317031.4
South Buganda|Kalungu District,Kalungu District,South Buganda,2023-01,22.12,40.93,70.5,0.217,4775,409,26,12,0,188683.1
Kampala|Kampala District,Kampala District,Kampala,2023-01,21.89,41.48,76.34,2.369,19954,2600,678,369,74,1761673.5
Busoga|Kamuli District,Kamuli District,Busoga,2023-01,23.4,24.03,66.66,0.104,19461,1291,77,27,19,594471.3
Tooro|Kamwenge District,Kamwenge District,Tooro,2023-01,22.12,25.3,57.58,0.065,11649,2452,57,38,231,370983.6
Kigezi|Kanungu District,Kanungu District,Kigezi,2023-01,20.61,51.77,70.38,0.2,7120,524,56,30,15,234756.8
Bugisu|Kapchorwa District,Kapchorwa District,Bugisu,2023-01,19.75,15.93,42.21,0.052,504,354,13,13,0,133534.2
Teso|Kapelebyong District,Kapelebyong District,Teso,2023-01,26.75,4.07,31.29,0.021,3788,180,29,7,1,112192.6
Karamoja|Karenga District,Karenga District,Karamoja,2023-01,24,1.02,35.97,0.018,1147,123,21,15,334,72900.3
Tooro|Kasese District,Kasese District,Tooro,2023-01,21.04,32.2,62.32,0.442,9741,1849,187,174,20,841594.3
North Buganda|Kassanda District,Kassanda District,North Buganda,2023-01,22.73,28.15,59.8,0.147,4453,73,17,21,4,333187.2
Teso|Katakwi District,Katakwi District,Teso,2023-01,26.6,7.09,33.07,0.181,14641,555,3,8,324,209127
North Buganda|Kayunga District,Kayunga District,North Buganda,2023-01,23.84,22.97,63.04,0.338,8178,682,35,19,0,425933.1
Ankole|Kazo District,Kazo District,Ankole,2023-01,21.98,33.01,59.91,0.058,11959,222,19,1,0,239743.2
Bunyoro|Kibaale District,Kibaale District,Bunyoro,2023-01,22.55,22.96,57.16,0.07,2825,108,1,6,12,234158.5
North Buganda|Kiboga District,Kiboga District,North Buganda,2023-01,24.77,22.18,48.7,0.051,5184,357,42,23,59,182799.2
Bukedi|Kibuku District,Kibuku District,Bukedi,2023-01,23.31,13.97,61.06,0.067,21726,160,44,4,0,277439.9
Bunyoro|Kikuube District,Kikuube District,Bunyoro,2023-01,24.46,13.93,60.39,1.096,12787,1457,58,20,210,413267.8
Ankole|Kiruhura District,Kiruhura District,Ankole,2023-01,21.64,45.88,63.25,0.101,7519,154,13,2,0,204739.1
Bunyoro|Kiryandongo District,Kiryandongo District,Bunyoro,2023-01,26,10.23,43.38,0.057,6201,944,92,65,77,338273.2
Kigezi|Kisoro District,Kisoro District,Kigezi,2023-01,16.51,99.42,75.81,0.158,1357,711,105,24,95,331292.3
Tooro|Kitagwenda District,Kitagwenda District,Tooro,2023-01,22.74,34.69,56.53,0.331,2519,114,4,2,1,197259.6
Acholi|Kitgum District,Kitgum District,Acholi,2023-01,25.63,3.15,33.74,0.024,9023,615,76,36,18,232263.7
West Nile|Koboko District,Koboko District,West Nile,2023-01,26.75,5.13,34.47,0.038,6686,231,34,50,57,286714.5
Lango|Kole District,Kole District,Lango,2023-01,26.04,6.6,39.86,0.039,4578,620,14,12,61,307956.3
Karamoja|Kotido District,Kotido District,Karamoja,2023-01,25.17,0,32.31,0.011,6092,401,152,14,1693,219099.7
Teso|Kumi District,Kumi District,Teso,2023-01,25.75,12.11,40.06,0.251,18207,255,13,28,138,308654.4
Lango|Kwania District,Kwania District,Lango,2023-01,25.4,7.63,51,0.501,3925,520,18,13,0,233959
Bugisu|Kween District,Kween District,Bugisu,2023-01,23.41,10.19,32.36,0.03,1296,265,53,,0,117677.6
North Buganda|Kyankwanzi District,Kyankwanzi District,North Buganda,2023-01,24.95,13.94,46.55,0.05,2354,249,7,9,16,323015
Tooro|Kyegegwa District,Kyegegwa District,Tooro,2023-01,21.97,26.62,58.45,0.065,14470,1554,73,29,71,550392.1
Tooro|Kyenjojo District,Kyenjojo District,Tooro,2023-01,21.92,21.83,58.85,0.062,6930,2029,52,46,58,582803.3
South Buganda|Kyotera District,Kyotera District,South Buganda,2023-01,22.77,69.39,71.88,0.983,12781,889,84,8,0,270359.3
Acholi|Lamwo District,Lamwo District,Acholi,2023-01,26.6,5.52,33.9,0.025,11882,807,48,37,194,147695.4
Lango|Lira City,Lira City,Lango,2023-01,26.04,7,39.13,0.141,4496,423,134,49,25,261583.3
Lango|Lira District,Lira District,Lango,2023-01,26.24,5.74,38.14,0.031,3542,168,50,9,59,253006.8
Busoga|Luuka District,Luuka District,Busoga,2023-01,23.15,28.86,68.02,0.051,13572,376,31,8,5,280830.6
North Buganda|Luwero District,Luwero District,North Buganda,2023-01,22.81,23.36,65.21,0.072,11077,1085,114,156,13,556575.1
South Buganda|Lwengo District,Lwengo District,South Buganda,2023-01,21.65,42.91,68.64,0.061,10556,344,15,10,0,296388
South Buganda|Lyantonde District,Lyantonde District,South Buganda,2023-01,21.8,38.83,64.33,0.057,6455,148,36,11,0,119273.2
West Nile|Madi-Okollo District,Madi-Okollo District,West Nile,2023-01,27.93,2.43,36.19,0.084,9239,312,31,16,79,176316.9
Bugisu|Manafwa District,Manafwa District,Bugisu,2023-01,19.23,18.01,68.63,0.052,3305,450,106,13,0,185791
West Nile|Maracha District,Maracha District,West Nile,2023-01,26.14,5.78,35.57,0.033,6847,331,30,26,1,218900.3
South Buganda|Masaka City,Masaka City,South Buganda,2023-01,21.9,41.73,72.18,0.16,3319,426,73,29,0,236551.9
South Buganda|Masaka District,Masaka District,South Buganda,2023-01,23.16,56.11,70.77,1.847,2032,214,7,5,0,127251.4
Bunyoro|Masindi District,Masindi District,Bunyoro,2023-01,25.68,12.55,46.68,0.047,3409,237,51,17,24,365897.5
Busoga|Mayuge District,Mayuge District,Busoga,2023-01,23.54,28.84,70.17,2.232,14859,413,64,47,7,613519.1
Bugisu|Mbale City,Mbale City,Bugisu,2023-01,20.84,19.83,63.3,0.076,6011,578,129,83,35,347747.3
Bugisu|Mbale District,Mbale District,Bugisu,2023-01,19.92,20.79,67.08,0.055,5280,691,12,2,10,290204.9
Ankole|Mbarara City,Mbarara City,Ankole,2023-01,21.27,52.48,60,0.134,1422,558,51,71,0,234058.7
Ankole|Mbarara District,Mbarara District,Ankole,2023-01,20.92,48.67,62.5,0.064,3002,349,49,9,0,178810.1
Ankole|Mitooma District,Mitooma District,Ankole,2023-01,19.86,52.76,70.62,0.057,3257,258,7,3,1,198356.6
North Buganda|Mityana District,Mityana District,North Buganda,2023-01,22.2,37.85,66.75,0.221,9463,373,45,30,34,377765
Karamoja|Moroto District,Moroto District,Karamoja,2023-01,24.36,0,32.63,0.012,1987,293,54,11,358,125954.9
West Nile|Moyo District,Moyo District,West Nile,2023-01,27.83,0.33,34.23,0.112,5801,506,33,11,21,116082
South Buganda|Mpigi District,Mpigi District,South Buganda,2023-01,22.54,45.99,69.69,0.745,4543,672,52,11,4,304465.8
North Buganda|Mubende District,Mubende District,North Buganda,2023-01,22.09,26.62,61.16,0.066,5377,225,51,39,18,640046.4
North Buganda|Mukono District,Mukono District,North Buganda,2023-01,23.29,49.91,70.41,1.811,11919,1162,212,12,40,755430.3
Karamoja|Nabilatuk District,Nabilatuk District,Karamoja,2023-01,25.72,1.18,30.97,0.016,1548,139,47,24,663,102219.9
Karamoja|Nakapiripirit District,Nakapiripirit District,Karamoja,2023-01,24.77,2.64,30.56,0.021,3840,250,108,7,656,127750
North Buganda|Nakaseke District,Nakaseke District,North Buganda,2023-01,24.65,18.98,49.77,0.049,5302,285,86,22,19,254203.6
North Buganda|Nakasongola District,Nakasongola District,North Buganda,2023-01,25.39,15.33,49.21,0.268,7375,404,23,4,0,232762.3
Busoga|Namayingo District,Namayingo District,Busoga,2023-01,23.96,23.6,67.87,2.909,14393,326,58,4,42,246724
Bugisu|Namisindwa District,Namisindwa District,Bugisu,2023-01,16.86,16.21,63.47,0.058,1435,108,154,5,0,247222.7
Busoga|Namutumba District,Namutumba District,Busoga,2023-01,23.1,18.45,66.44,0.043,12379,1173,21,23,2,335480.9
Karamoja|Napak District,Napak District,Karamoja,2023-01,25.72,0.19,31.38,0.011,3608,283,65,17,549,165745.9
West Nile|Nebbi District,Nebbi District,West Nile,2023-01,26.6,7.46,39.21,0.029,12466,765,227,108,24,305463.1
Teso|Ngora District,Ngora District,Teso,2023-01,25.22,12.36,48.19,0.315,8198,113,56,14,4,177912.6
Tooro|Ntoroko District,Ntoroko District,Tooro,2023-01,25.74,13.01,51.95,0.456,1288,111,16,8,4,80479.5
Ankole|Ntungamo District,Ntungamo District,Ankole,2023-01,20.07,71.58,66.19,0.057,10220,1021,69,24,0,567644.8
Acholi|Nwoya District,Nwoya District,Acholi,2023-01,26.94,6.34,40.12,0.073,5977,345,35,33,15,313441.3
West Nile|Obongi District,Obongi District,West Nile,2023-01,28.54,0.35,36.32,0.236,5327,596,91,13,109,52157.1
Acholi|Omoro District,Omoro District,Acholi,2023-01,26.58,2.09,35.67,0.04,6374,248,6,15,39,215808.7
Lango|Otuke District,Otuke District,Lango,2023-01,26.65,1.76,31.93,0.024,4208,110,13,4,18,150188.5
Lango|Oyam District,Oyam District,Lango,2023-01,26.14,7.11,38.96,0.048,8600,630,39,77,62,490256.8
Acholi|Pader District,Pader District,Acholi,2023-01,27.2,2.39,32.02,0.027,15283,636,33,9,5,206135.2
West Nile|Pakwach District,Pakwach District,West Nile,2023-01,28.07,5.91,42.89,0.259,7597,223,39,49,1,218401.6
Bukedi|Pallisa District,Pallisa District,Bukedi,2023-01,24.18,16.71,58.94,0.342,13290,77,7,23,24,398408.5
South Buganda|Rakai District,Rakai District,South Buganda,2023-01,21.36,59.58,71.56,0.151,18820,942,23,7,2,337974
Kigezi|Rubanda District,Rubanda District,Kigezi,2023-01,16.83,91.09,74.11,0.129,322,468,21,7,2,212816.9
Ankole|Rubirizi District,Rubirizi District,Ankole,2023-01,23.74,31.3,60.85,0.852,3979,95,8,2,0,151086.1
Kigezi|Rukiga District,Rukiga District,Kigezi,2023-01,19,86.13,67.99,0.047,614,326,5,5,0,106907.1
Kigezi|Rukungiri District,Rukungiri District,Kigezi,2023-01,21.03,48.89,70.23,0.239,5447,1114,128,37,4,341065.6
Ankole|Rwampara District,Rwampara District,Ankole,2023-01,20.35,68.51,63.63,0.054,614,334,3,15,0,152681.7
South Buganda|Sembabule District,Sembabule District,South Buganda,2023-01,22.35,36.01,61.44,0.054,11422,209,68,1,0,318427.6
Teso|Serere District,Serere District,Teso,2023-01,25.31,14.47,52.61,0.881,12188,285,13,46,0,400702.2
Ankole|Sheema District,Sheema District,Ankole,2023-01,20.03,62.2,68.45,0.063,918,783,49,23,0,225681.7
Bugisu|Sironko District,Sironko District,Bugisu,2023-01,18.11,17.48,58.38,0.059,4113,426,11,11,1,289706.3
Teso|Soroti City,Soroti City,Teso,2023-01,25.56,15.18,43.26,0.106,6006,170,15,22,0,76989.1
Teso|Soroti District,Soroti District,Teso,2023-01,25.75,12.29,41.89,0.147,6353,154,13,32,0,322915.3
West Nile|Terego District,Terego District,West Nile,2023-01,28.12,1.07,32.48,0.028,13695,1568,57,51,111,250812.8
Bukedi|Tororo District,Tororo District,Bukedi,2023-01,21.78,18.87,63.8,0.043,23208,1568,129,90,42,637952.2
South Buganda|Wakiso District,Wakiso District,South Buganda,2023-01,22.51,45.89,72.08,1.147,26126,1385,520,68,18,3509684.4
West Nile|Yumbe District,Yumbe District,West Nile,2023-01,27.97,0.01,32.71,0.029,18899,683,120,40,110,772882.5
West Nile|Zombo District,Zombo District,West Nile,2023-01,23.78,11.77,41.49,0.045,4906,892,72,49,10,305263.7
Karamoja|Abim District,Abim District,Karamoja,2023-02,27.15,3.73,28.82,0.008,3115,86,21,6,199,182800
West Nile|Adjumani District,Adjumani District,West Nile,2023-02,29.53,9.09,29.6,0.049,13926,1226,197,33,209,240000
Acholi|Agago District,Agago District,Acholi,2023-02,27.61,3.24,29.34,0.013,12889,293,58,24,48,262500
Lango|Alebtong District,Alebtong District,Lango,2023-02,27.95,17.32,32.03,0.017,5890,257,16,12,32,286400
Lango|Amolatar District,Amolatar District,Lango,2023-02,26.74,26.32,52.37,1.557,4489,411,7,3,1,182000
Karamoja|Amudat District,Amudat District,Karamoja,2023-02,25.91,3.7,28.89,0.012,1054,177,14,8,213,151900
Teso|Amuria District,Amuria District,Teso,2023-02,27.8,8.99,31.99,0.016,6220,158,27,18,3,248500
Acholi|Amuru District,Amuru District,Acholi,2023-02,29.11,10.09,29.69,0.015,6665,327,37,12,1,232500
Lango|Apac District,Apac District,Lango,2023-02,27.38,26.48,40.8,0.153,6293,831,31,13,0,249600
West Nile|Arua City,Arua City,West Nile,2023-02,27.36,13.97,30.84,0.04,5353,263,286,7,11,389500
West Nile|Arua District,Arua District,West Nile,2023-02,27.94,13.92,30.54,0.019,1467,54,28,23,21,168400
Bukedi|Budaka District,Budaka District,Bukedi,2023-02,24.83,16.84,47.43,0.026,13487,156,48,14,0,278600
Bugisu|Bududa District,Bududa District,Bugisu,2023-02,15.97,25.62,46.49,0.054,1200,814,54,,2,307200
Busoga|Bugiri District,Bugiri District,Busoga,2023-02,23.95,24.78,66.25,0.093,12731,594,101,35,13,536400
Busoga|Bugweri District,Bugweri District,Busoga,2023-02,23.95,27.4,67.04,0.052,5130,112,10,5,5,205600
Ankole|Buhweju District,Buhweju District,Ankole,2023-02,21.01,31.77,60.68,0.061,231,94,35,6,0,156900
North Buganda|Buikwe District,Buikwe District,North Buganda,2023-02,23.47,37.42,74.65,0.57,8177,609,49,47,12,499800
Teso|Bukedea District,Bukedea District,Teso,2023-02,25.74,12.38,38.01,0.023,7054,108,19,26,5,291800
South Buganda|Bukomansimbi District,Bukomansimbi District,South Buganda,2023-02,23.41,40.54,63.5,0.037,3336,595,35,5,0,158400
Bugisu|Bukwo District,Bukwo District,Bugisu,2023-02,21.75,14.62,30.32,0.033,929,405,35,,0,137200
Bugisu|Bulambuli District,Bulambuli District,Bugisu,2023-02,22.72,13.81,33.84,0.028,2214,270,33,9,1,264500
Bunyoro|Buliisa District,Buliisa District,Bunyoro,2023-02,28.2,17.54,48.93,1.402,5976,177,37,21,8,171300
Tooro|Bundibugyo District,Bundibugyo District,Tooro,2023-02,22.11,42.44,51.63,0.081,11812,793,136,18,201,285000
Tooro|Bunyangabu District,Bunyangabu District,Tooro,2023-02,20.91,35.63,53.5,0.051,1520,204,61,7,0,208000
Ankole|Bushenyi District,Bushenyi District,Ankole,2023-02,21.53,36.43,62.42,0.066,1886,324,13,30,18,245300
Bukedi|Busia District,Busia District,Bukedi,2023-02,23.62,20.44,64.74,0.156,7630,359,41,27,11,416700
Bukedi|Butaleja District,Butaleja District,Bukedi,2023-02,24.26,20.76,55.9,0.031,17470,709,139,19,27,332200
South Buganda|Butambala District,Butambala District,South Buganda,2023-02,23.35,54.66,66.71,0.048,4101,214,20,17,6,110900
Bukedi|Butebo District,Butebo District,Bukedi,2023-02,25.82,17.12,43.56,0.024,3155,193,10,,0,125700
North Buganda|Buvuma District,Buvuma District,North Buganda,2023-02,24.91,31.89,68.4,3.172,2815,287,33,,1,154200
Busoga|Buyende District,Buyende District,Busoga,2023-02,26.5,32.28,53.72,0.974,4582,152,19,37,2,468400
Lango|Dokolo District,Dokolo District,Lango,2023-02,26.98,24.27,42.23,0.296,9248,322,20,11,0,232900
Tooro|Fort Portal City,Fort Portal City,Tooro,2023-02,20.55,34.04,54.59,0.128,1219,405,80,12,11,122100
South Buganda|Gomba District,Gomba District,South Buganda,2023-02,23.88,41.88,59.18,0.06,1581,26,0,6,0,180300
Acholi|Gulu City,Gulu City,Acholi,2023-02,28.18,10.1,30.99,0.131,3444,595,117,36,104,225500
Acholi|Gulu District,Gulu District,Acholi,2023-02,28.94,11.97,29.04,0.011,4308,154,35,5,50,127000
Bunyoro|Hoima City,Hoima City,Bunyoro,2023-02,24.83,26.33,51.47,0.094,1506,224,28,94,0,135300
Bunyoro|Hoima District,Hoima District,Bunyoro,2023-02,26.55,20.04,52.93,1.426,2014,57,25,8,11,277800
Ankole|Ibanda District,Ibanda District,Ankole,2023-02,23.47,24.36,51.88,0.047,7792,209,33,25,46,290900
Busoga|Iganga District,Iganga District,Busoga,2023-02,24.35,30.88,64.38,0.071,15625,815,35,39,30,436800
Ankole|Isingiro District,Isingiro District,Ankole,2023-02,23.13,26.55,55.9,0.073,14726,2485,109,61,310,658100
Busoga|Jinja City,Jinja City,Busoga,2023-02,23.43,34.66,74.32,0.825,4570,342,63,159,0,280900
Busoga|Jinja District,Jinja District,Busoga,2023-02,23.63,33.27,71.56,0.122,5414,440,55,2,5,254900
Karamoja|Kaabong District,Kaabong District,Karamoja,2023-02,25.35,3.68,31.21,0.01,2343,328,28,14,1034,134400
Kigezi|Kabale District,Kabale District,Kigezi,2023-02,19.27,30.8,64.19,0.159,455,412,50,19,4,256900
Tooro|Kabarole District,Kabarole District,Tooro,2023-02,23.06,29.02,50.19,0.053,2371,171,45,,0,235400
Teso|Kaberamaido District,Kaberamaido District,Teso,2023-02,26.84,24.18,47.91,0.817,6424,132,19,19,0,148700
Bunyoro|Kagadi District,Kagadi District,Bunyoro,2023-02,24.88,21.99,51.51,0.328,3513,141,30,34,33,474700
Bunyoro|Kakumiro District,Kakumiro District,Bunyoro,2023-02,24.86,33.09,47.23,0.036,4825,203,16,28,4,601900
Teso|Kalaki District,Kalaki District,Teso,2023-02,27.49,18.24,39.21,0.381,4172,62,7,9,2,155400
South Buganda|Kalangala District,Kalangala District,South Buganda,2023-02,24.88,77.42,67.71,3.069,1408,97,34,1,0,74500
Busoga|Kaliro District,Kaliro District,Busoga,2023-02,25.83,28.63,54.03,0.341,7104,419,88,13,13,317900
South Buganda|Kalungu District,Kalungu District,South Buganda,2023-02,23.36,47.88,67.86,0.205,2805,334,17,7,0,189200
Kampala|Kampala District,Kampala District,Kampala,2023-02,23.05,46.84,74.45,2.368,15816,2247,657,429,53,1766500
Busoga|Kamuli District,Kamuli District,Busoga,2023-02,25.01,40.55,60.45,0.09,13691,1148,104,25,49,596100
Tooro|Kamwenge District,Kamwenge District,Tooro,2023-02,23.99,26.91,48.49,0.05,9902,2249,43,47,297,372000
Kigezi|Kanungu District,Kanungu District,Kigezi,2023-02,21.76,44.22,64.69,0.187,3786,500,85,27,12,235400
Bugisu|Kapchorwa District,Kapchorwa District,Bugisu,2023-02,21.66,14.84,34.2,0.037,354,239,20,18,0,133900
Teso|Kapelebyong District,Kapelebyong District,Teso,2023-02,28.12,6.63,29.23,0.01,2875,87,25,4,1,112500
Karamoja|Karenga District,Karenga District,Karamoja,2023-02,25.16,6.16,32.23,0.011,745,130,21,1,277,73100
Tooro|Kasese District,Kasese District,Tooro,2023-02,22.39,29.84,57.64,0.43,13648,1834,267,126,226,843900
North Buganda|Kassanda District,Kassanda District,North Buganda,2023-02,24.05,42.66,56.71,0.133,4529,139,24,29,2,334100
Teso|Katakwi District,Katakwi District,Teso,2023-02,28.04,7.06,30.47,0.17,3694,110,20,13,1,209700
North Buganda|Kayunga District,Kayunga District,North Buganda,2023-02,25.22,37.85,58.83,0.325,5670,684,45,22,12,427100
Ankole|Kazo District,Kazo District,Ankole,2023-02,24.12,25.92,49.73,0.042,7009,241,30,4,0,240400
Bunyoro|Kibaale District,Kibaale District,Bunyoro,2023-02,24.21,27.51,48.79,0.051,1708,94,11,10,5,234800
North Buganda|Kiboga District,Kiboga District,North Buganda,2023-02,25.71,54.32,48.51,0.038,4459,435,31,25,32,183300
Bukedi|Kibuku District,Kibuku District,Bukedi,2023-02,25.26,18.95,52.69,0.054,14984,147,57,2,0,278200
Bunyoro|Kikuube District,Kikuube District,Bunyoro,2023-02,25.86,20.68,52.6,1.084,13299,1458,73,16,109,414400
Ankole|Kiruhura District,Kiruhura District,Ankole,2023-02,23.63,25.77,53.85,0.085,4092,91,6,,0,205300
Bunyoro|Kiryandongo District,Kiryandongo District,Bunyoro,2023-02,27.7,20.19,37.31,0.037,4541,593,138,44,123,339200
Kigezi|Kisoro District,Kisoro District,Kigezi,2023-02,17.38,46.59,73.37,0.147,866,416,95,30,60,332200
Tooro|Kitagwenda District,Kitagwenda District,Tooro,2023-02,24.66,25.58,47.74,0.32,3142,128,8,1,1,197800
Acholi|Kitgum District,Kitgum District,Acholi,2023-02,26.94,5.43,30.11,0.012,8192,592,158,19,44,232900
West Nile|Koboko District,Koboko District,West Nile,2023-02,28.27,11.44,28.43,0.021,6058,253,41,54,55,287500
Lango|Kole District,Kole District,Lango,2023-02,27.78,24.12,34.54,0.021,3571,507,6,18,24,308800
Karamoja|Kotido District,Kotido District,Karamoja,2023-02,26.37,0.07,29.33,0.007,5144,289,113,6,2038,219700
Teso|Kumi District,Kumi District,Teso,2023-02,27.39,12.68,35.61,0.239,13024,164,9,22,45,309500
Lango|Kwania District,Kwania District,Lango,2023-02,27.03,28.67,44.41,0.487,3782,813,8,35,0,234600
Bugisu|Kween District,Kween District,Bugisu,2023-02,24.94,11.41,28.16,0.018,783,173,21,,0,118000
North Buganda|Kyankwanzi District,Kyankwanzi District,North Buganda,2023-02,26.35,34.68,41.62,0.033,2289,429,4,6,9,323900
Tooro|Kyegegwa District,Kyegegwa District,Tooro,2023-02,23.87,28.64,49.43,0.048,11627,1834,62,25,84,551900
Tooro|Kyenjojo District,Kyenjojo District,Tooro,2023-02,23.6,26.07,50.19,0.047,4370,1901,101,44,40,584400
South Buganda|Kyotera District,Kyotera District,South Buganda,2023-02,23.93,54.35,68.66,0.975,6395,643,66,5,0,271100
Acholi|Lamwo District,Lamwo District,Acholi,2023-02,28.03,8.83,29.63,0.013,10474,1082,55,34,279,148100
Lango|Lira City,Lira City,Lango,2023-02,27.7,25.85,34.29,0.13,3508,359,71,23,30,262300
Lango|Lira District,Lira District,Lango,2023-02,27.84,21.49,33.97,0.017,4781,202,51,10,85,253700
Busoga|Luuka District,Luuka District,Busoga,2023-02,24.75,32.99,62.34,0.039,8576,249,38,4,5,281600
North Buganda|Luwero District,Luwero District,North Buganda,2023-02,24.15,43.42,62.21,0.058,8102,1222,64,38,34,558100
South Buganda|Lwengo District,Lwengo District,South Buganda,2023-02,23.16,31.74,63.13,0.049,5260,370,28,6,0,297200
South Buganda|Lyantonde District,Lyantonde District,South Buganda,2023-02,23.67,26.54,56.45,0.038,1837,162,31,5,0,119600
West Nile|Madi-Okollo District,Madi-Okollo District,West Nile,2023-02,29.22,11.42,31.74,0.068,7348,278,51,6,55,176800
Bugisu|Manafwa District,Manafwa District,Bugisu,2023-02,20.82,22.62,62.42,0.036,1728,264,30,6,0,186300
West Nile|Maracha District,Maracha District,West Nile,2023-02,27.64,14.75,29.74,0.019,6915,402,28,20,3,219500
South Buganda|Masaka City,Masaka City,South Buganda,2023-02,23.2,45.33,68.75,0.149,2046,325,49,23,5,237200
South Buganda|Masaka District,Masaka District,South Buganda,2023-02,24.16,62.33,69.18,1.842,1249,219,5,2,0,127600
Bunyoro|Masindi District,Masindi District,Bunyoro,2023-02,27.18,24.97,40.51,0.03,4240,294,86,44,14,366900
Busoga|Mayuge District,Mayuge District,Busoga,2023-02,24.48,20.93,69.5,2.228,9331,299,78,33,18,615200
Bugisu|Mbale City,Mbale City,Bugisu,2023-02,22.89,18.58,52.72,0.06,4890,498,151,61,10,348700
Bugisu|Mbale District,Mbale District,Bugisu,2023-02,21.66,20.29,59.5,0.04,3857,477,13,12,5,291000
Ankole|Mbarara City,Mbarara City,Ankole,2023-02,23.12,25.32,51.39,0.121,1186,428,28,54,0,234700
Ankole|Mbarara District,Mbarara District,Ankole,2023-02,22.75,24.94,53.96,0.051,1624,286,28,3,1,179300
Ankole|Mitooma District,Mitooma District,Ankole,2023-02,21.34,42.25,62.61,0.044,1950,242,11,4,0,198900
North Buganda|Mityana District,Mityana District,North Buganda,2023-02,23.34,55.58,65.56,0.21,9961,627,81,30,13,378800
Karamoja|Moroto District,Moroto District,Karamoja,2023-02,25.44,0.91,29.74,0.008,1563,192,35,8,412,126300
West Nile|Moyo District,Moyo District,West Nile,2023-02,29.24,6.57,28.41,0.099,4642,540,120,15,26,116400
South Buganda|Mpigi District,Mpigi District,South Buganda,2023-02,23.67,55.32,68.64,0.737,3659,542,56,13,0,305300
North Buganda|Mubende District,Mubende District,North Buganda,2023-02,23.84,33.46,53.54,0.048,6163,244,101,27,17,641800
North Buganda|Mukono District,Mukono District,North Buganda,2023-02,24.24,48.11,70.12,1.806,8333,978,208,15,44,757500
Karamoja|Nabilatuk District,Nabilatuk District,Karamoja,2023-02,27.02,3.27,28.49,0.009,1220,140,36,25,764,102500
Karamoja|Nakapiripirit District,Nakapiripirit District,Karamoja,2023-02,26.21,6.61,27.54,0.012,2623,281,102,9,757,128100
North Buganda|Nakaseke District,Nakaseke District,North Buganda,2023-02,25.76,43.12,48.34,0.035,6016,340,64,23,2,254900
North Buganda|Nakasongola District,Nakasongola District,North Buganda,2023-02,26.67,32.3,46.4,0.255,4044,442,31,,1,233400
Busoga|Namayingo District,Namayingo District,Busoga,2023-02,24.79,15.91,67.76,2.908,9067,233,38,12,22,247400
Bugisu|Namisindwa District,Namisindwa District,Bugisu,2023-02,18.59,24.34,55.25,0.045,1528,118,66,11,0,247900
Busoga|Namutumba District,Namutumba District,Busoga,2023-02,24.85,26.95,60.09,0.031,9338,781,13,15,8,336400
Karamoja|Napak District,Napak District,Karamoja,2023-02,27,2.16,28.63,0.007,2206,338,79,12,565,166200
West Nile|Nebbi District,Nebbi District,West Nile,2023-02,27.73,13.28,36.16,0.014,8779,423,282,111,21,306300
Teso|Ngora District,Ngora District,Teso,2023-02,27.11,17.98,41.05,0.303,5962,66,21,10,4,178400
Tooro|Ntoroko District,Ntoroko District,Tooro,2023-02,27,20.8,46.45,0.445,981,57,22,,6,80700
Ankole|Ntungamo District,Ntungamo District,Ankole,2023-02,21.79,34.6,58.07,0.046,6045,821,30,26,8,569200
Acholi|Nwoya District,Nwoya District,Acholi,2023-02,28.46,13.69,34.94,0.054,5439,401,21,32,7,314300
West Nile|Obongi District,Obongi District,West Nile,2023-02,30.07,7.75,29.8,0.218,4116,696,83,12,128,52300
Acholi|Omoro District,Omoro District,Acholi,2023-02,28.14,13.63,31.4,0.019,3941,289,9,1,74,216400
Lango|Otuke District,Otuke District,Lango,2023-02,28,11.03,29.88,0.01,4743,149,12,7,44,150600
Lango|Oyam District,Oyam District,Lango,2023-02,27.86,19.7,33.79,0.03,7656,661,31,97,67,491600
Acholi|Pader District,Pader District,Acholi,2023-02,28.57,10.62,29.15,0.012,12882,751,45,10,92,206700
West Nile|Pakwach District,Pakwach District,West Nile,2023-02,29.27,10.88,39.2,0.243,6289,173,55,25,2,219000
Bukedi|Pallisa District,Pallisa District,Bukedi,2023-02,26.17,21.66,49.55,0.33,8833,58,8,18,35,399500
South Buganda|Rakai District,Rakai District,South Buganda,2023-02,22.86,29.98,65.73,0.138,7729,755,22,4,2,338900
Kigezi|Rubanda District,Rubanda District,Kigezi,2023-02,17.93,41.56,70.51,0.12,227,377,23,12,7,213400
Ankole|Rubirizi District,Rubirizi District,Ankole,2023-02,25.12,32.12,55.36,0.84,2401,67,9,,0,151500
Kigezi|Rukiga District,Rukiga District,Kigezi,2023-02,20.7,39.39,60.15,0.033,368,236,10,3,0,107200
Kigezi|Rukungiri District,Rukungiri District,Kigezi,2023-02,22.45,42.23,62.63,0.228,3127,637,95,33,13,342000
Ankole|Rwampara District,Rwampara District,Ankole,2023-02,21.92,33.16,56.81,0.043,533,213,7,10,0,153100
South Buganda|Sembabule District,Sembabule District,South Buganda,2023-02,24.11,29.42,54.76,0.037,3940,153,35,1,0,319300
Teso|Serere District,Serere District,Teso,2023-02,27.03,25.02,45.93,0.871,8355,261,21,32,0,401800
Ankole|Sheema District,Sheema District,Ankole,2023-02,21.36,32.42,62.91,0.053,636,447,20,10,0,226300
Bugisu|Sironko District,Sironko District,Bugisu,2023-02,20.21,20.12,45.57,0.042,2747,288,10,23,7,290500
Teso|Soroti City,Soroti City,Teso,2023-02,27.39,17.99,37.04,0.095,4839,143,40,16,8,77200
Teso|Soroti District,Soroti District,Teso,2023-02,27.52,14.83,36.2,0.135,3687,157,2,53,0,323800
West Nile|Terego District,Terego District,West Nile,2023-02,29.47,11.26,27.89,0.011,8185,1314,65,18,138,251500
Bukedi|Tororo District,Tororo District,Bukedi,2023-02,23.62,23.17,57.08,0.031,13244,907,109,78,39,639700
South Buganda|Wakiso District,Wakiso District,South Buganda,2023-02,23.59,55.11,71.29,1.141,22081,1965,380,48,22,3519300
West Nile|Yumbe District,Yumbe District,West Nile,2023-02,29.42,8.9,27.07,0.012,15402,637,126,61,178,775000
West Nile|Zombo District,Zombo District,West Nile,2023-02,25.34,17.11,35.47,0.028,4079,893,79,42,7,306100
Karamoja|Abim District,Abim District,Karamoja,2023-03,24.5,117.43,57.83,0.021,2530,234,34,6,264,182300.5
West Nile|Adjumani District,Adjumani District,West Nile,2023-03,26.25,95.69,63.34,0.069,10804,1481,193,44,237,239344.3
Acholi|Agago District,Agago District,Acholi,2023-03,24.71,137.81,60.3,0.025,10959,453,125,38,54,261782.8
Lango|Alebtong District,Alebtong District,Lango,2023-03,24.42,134.38,64.24,0.025,5825,262,11,29,15,285617.5
Lango|Amolatar District,Amolatar District,Lango,2023-03,24.02,104.36,72.54,1.559,4799,580,15,6,0,181502.7
Karamoja|Amudat District,Amudat District,Karamoja,2023-03,23.91,101.68,55.34,0.018,937,430,18,8,273,151485
Teso|Amuria District,Amuria District,Teso,2023-03,24.13,150.47,64.99,0.024,4439,236,32,44,3,247821
Acholi|Amuru District,Amuru District,Acholi,2023-03,25.47,118.66,65.01,0.034,7307,267,13,17,0,231864.8
Lango|Apac District,Apac District,Lango,2023-03,23.92,136.03,71.08,0.159,8112,1645,14,26,2,248918
West Nile|Arua City,Arua City,West Nile,2023-03,23.84,138.89,66.46,0.045,5584,338,110,19,27,388435.8
West Nile|Arua District,Arua District,West Nile,2023-03,24.6,136.93,65.05,0.026,2187,90,6,17,27,167939.9
Bukedi|Budaka District,Budaka District,Bukedi,2023-03,22.23,180.65,72.3,0.025,12403,202,69,12,22,277838.8
Bugisu|Bududa District,Bududa District,Bugisu,2023-03,14.48,189.39,74.86,0.043,2326,979,92,15,15,306360.7
Busoga|Bugiri District,Bugiri District,Busoga,2023-03,21.92,203.81,80.9,0.087,19479,599,111,56,11,534934.4
Busoga|Bugweri District,Bugweri District,Busoga,2023-03,21.95,187.24,80.75,0.045,7916,117,17,2,1,205038.3
Ankole|Buhweju District,Buhweju District,Ankole,2023-03,19.08,117.27,81.07,0.052,202,96,4,2,0,156471.3
North Buganda|Buikwe District,Buikwe District,North Buganda,2023-03,21.57,229.09,83.72,0.554,7953,743,70,34,12,498434.4
Teso|Bukedea District,Bukedea District,Teso,2023-03,22.87,176.37,67.43,0.027,5538,164,14,18,8,291002.7
South Buganda|Bukomansimbi District,Bukomansimbi District,South Buganda,2023-03,21.17,133.94,79.09,0.031,1983,637,17,2,0,157967.2
Bugisu|Bukwo District,Bukwo District,Bugisu,2023-03,19.82,155.86,58.82,0.033,1222,1121,37,,0,136825.1
Bugisu|Bulambuli District,Bulambuli District,Bugisu,2023-03,20.31,167.86,64.43,0.031,2413,627,41,5,21,263777.3
Bunyoro|Buliisa District,Buliisa District,Bunyoro,2023-03,25.15,135.76,73.63,1.407,4124,145,37,12,4,170832
Tooro|Bundibugyo District,Bundibugyo District,Tooro,2023-03,20.16,151.12,80.06,0.072,6995,812,59,28,195,284221.3
Tooro|Bunyangabu District,Bunyangabu District,Tooro,2023-03,18.72,153.43,81.37,0.042,1502,129,39,56,0,207431.7
Ankole|Bushenyi District,Bushenyi District,Ankole,2023-03,19.6,139.5,81.63,0.06,1750,596,51,31,28,244629.8
Bukedi|Busia District,Busia District,Bukedi,2023-03,21.5,220.57,81.25,0.152,17965,893,58,48,22,415561.5
Bukedi|Butaleja District,Butaleja District,Bukedi,2023-03,22.01,180.01,75.73,0.029,19575,646,212,27,15,331292.3
South Buganda|Butambala District,Butambala District,South Buganda,2023-03,21.12,192.54,81.64,0.035,2640,182,23,23,0,110597
Bukedi|Butebo District,Butebo District,Bukedi,2023-03,22.77,191.54,71.16,0.021,2281,98,5,13,0,125356.6
North Buganda|Buvuma District,Buvuma District,North Buganda,2023-03,23.13,313.83,75.6,3.172,2748,358,20,,1,153778.7
Busoga|Buyende District,Buyende District,Busoga,2023-03,23.76,152.67,73.5,0.974,4477,215,120,15,6,467120.2
Lango|Dokolo District,Dokolo District,Lango,2023-03,23.66,117.92,71.66,0.3,9840,502,25,13,0,232263.7
Tooro|Fort Portal City,Fort Portal City,Tooro,2023-03,18.89,152.17,82.52,0.119,1297,410,145,13,5,121766.4
South Buganda|Gomba District,Gomba District,South Buganda,2023-03,21.13,144.23,80,0.055,749,42,5,3,0,179807.4
Acholi|Gulu City,Gulu City,Acholi,2023-03,24.33,153.86,66.83,0.142,3309,741,175,37,73,224883.9
Acholi|Gulu District,Gulu District,Acholi,2023-03,25.21,144.61,63.87,0.027,4857,207,17,5,23,126653
Bunyoro|Hoima City,Hoima City,Bunyoro,2023-03,22.41,140.12,78.6,0.098,1873,373,60,76,0,134930.3
Bunyoro|Hoima District,Hoima District,Bunyoro,2023-03,24.13,127.02,75.21,1.428,1903,74,33,2,16,277041
Ankole|Ibanda District,Ibanda District,Ankole,2023-03,20.74,117.54,77.99,0.045,5348,254,32,15,16,290105.2
Busoga|Iganga District,Iganga District,Busoga,2023-03,22.22,188.74,79.21,0.067,20028,1104,39,50,24,435606.6
Ankole|Isingiro District,Isingiro District,Ankole,2023-03,20.73,110.04,75.77,0.071,9631,2560,103,57,399,656301.9
Busoga|Jinja City,Jinja City,Busoga,2023-03,21.61,205.19,84.41,0.818,3824,684,79,169,6,280132.5
Busoga|Jinja District,Jinja District,Busoga,2023-03,21.77,174.39,82.71,0.114,4436,361,28,,59,254203.6
Karamoja|Kaabong District,Kaabong District,Karamoja,2023-03,23.32,83.4,57.87,0.018,1818,287,64,15,945,134032.8
Kigezi|Kabale District,Kabale District,Kigezi,2023-03,17.77,153.83,80.31,0.16,344,907,69,26,11,256198.1
Tooro|Kabarole District,Kabarole District,Tooro,2023-03,20.82,148.06,78.9,0.046,2214,188,42,14,0,234756.8
Teso|Kaberamaido District,Kaberamaido District,Teso,2023-03,23.88,119.38,71.79,0.821,5768,177,19,14,3,148293.7
Bunyoro|Kagadi District,Kagadi District,Bunyoro,2023-03,22.42,146.34,78.6,0.326,3628,216,42,65,35,473403
Bunyoro|Kakumiro District,Kakumiro District,Bunyoro,2023-03,21.82,135.08,77.64,0.036,3737,202,28,18,13,600255.5
Teso|Kalaki District,Kalaki District,Teso,2023-03,23.89,146.06,70.06,0.387,3848,88,20,8,2,154975.4
South Buganda|Kalangala District,Kalangala District,South Buganda,2023-03,23.08,339.84,74.91,3.068,1050,134,48,1,0,74296.4
Busoga|Kaliro District,Kaliro District,Busoga,2023-03,23.09,193.95,75.1,0.34,5630,555,91,7,23,317031.4
South Buganda|Kalungu District,Kalungu District,South Buganda,2023-03,21.38,164.1,79.96,0.198,2474,424,26,8,0,188683.1
Kampala|Kampala District,Kampala District,Kampala,2023-03,21.24,223.19,84.53,2.366,14679,2848,736,602,82,1761673.5
Busoga|Kamuli District,Kamuli District,Busoga,2023-03,22.5,178.48,78.74,0.087,11402,858,123,32,38,594471.3
Tooro|Kamwenge District,Kamwenge District,Tooro,2023-03,20.94,134.03,77.94,0.043,9188,2766,29,26,280,370983.6
Kigezi|Kanungu District,Kanungu District,Kigezi,2023-03,20.29,137.16,80.46,0.184,3556,670,53,28,40,234756.8
Bugisu|Kapchorwa District,Kapchorwa District,Bugisu,2023-03,19.51,171.28,64.38,0.039,686,694,40,5,0,133534.2
Teso|Kapelebyong District,Kapelebyong District,Teso,2023-03,24.68,132.1,61,0.021,2954,225,34,9,14,112192.6
Karamoja|Karenga District,Karenga District,Karamoja,2023-03,23.24,87.93,59.04,0.021,804,101,5,2,247,72900.3
Tooro|Kasese District,Kasese District,Tooro,2023-03,20.19,124.93,78.65,0.427,11247,1464,262,141,65,841594.3
North Buganda|Kassanda District,Kassanda District,North Buganda,2023-03,21.22,145.9,79.71,0.125,3511,101,17,3,3,333187.2
Teso|Katakwi District,Katakwi District,Teso,2023-03,24.59,137.58,62.13,0.18,3469,106,32,31,19,209127
North Buganda|Kayunga District,Kayunga District,North Buganda,2023-03,22.68,154.95,77.64,0.32,4642,480,20,11,1,425933.1
Ankole|Kazo District,Kazo District,Ankole,2023-03,21.04,110.69,77.88,0.043,4708,104,16,11,0,239743.2
Bunyoro|Kibaale District,Kibaale District,Bunyoro,2023-03,21.29,145.37,78.67,0.045,1531,198,4,4,6,234158.5
North Buganda|Kiboga District,Kiboga District,North Buganda,2023-03,22.35,169.27,75.47,0.032,3784,569,72,28,31,182799.2
Bukedi|Kibuku District,Kibuku District,Bukedi,2023-03,22.66,192.95,74.62,0.053,14118,192,58,4,0,277439.9
Bunyoro|Kikuube District,Kikuube District,Bunyoro,2023-03,23.54,135.41,76.15,1.085,9902,1153,25,34,156,413267.8
Ankole|Kiruhura District,Kiruhura District,Ankole,2023-03,21,95.27,76.37,0.082,1992,87,5,,0,204739.1
Bunyoro|Kiryandongo District,Kiryandongo District,Bunyoro,2023-03,23.82,154.56,72.05,0.048,5038,801,184,73,153,338273.2
Kigezi|Kisoro District,Kisoro District,Kigezi,2023-03,16.61,178.89,84.09,0.146,592,645,123,26,55,331292.3
Tooro|Kitagwenda District,Kitagwenda District,Tooro,2023-03,21.69,122.75,74.61,0.315,3014,146,7,4,0,197259.6
Acholi|Kitgum District,Kitgum District,Acholi,2023-03,24.64,113.98,59.15,0.025,8186,771,124,26,42,232263.7
West Nile|Koboko District,Koboko District,West Nile,2023-03,24.74,123.34,64.43,0.03,7191,265,16,33,91,286714.5
Lango|Kole District,Kole District,Lango,2023-03,24.08,127.82,68.32,0.023,5094,1062,26,14,40,307956.3
Karamoja|Kotido District,Kotido District,Karamoja,2023-03,24.2,85.55,56.01,0.014,5510,356,107,12,2438,219099.7
Teso|Kumi District,Kumi District,Teso,2023-03,24.01,163.6,65.41,0.243,11172,255,30,26,54,308654.4
Lango|Kwania District,Kwania District,Lango,2023-03,23.85,119.3,72.45,0.49,5308,1312,11,6,0,233959
Bugisu|Kween District,Kween District,Bugisu,2023-03,22.62,153.54,57.4,0.024,1065,415,32,3,0,117677.6
North Buganda|Kyankwanzi District,Kyankwanzi District,North Buganda,2023-03,22.75,144.38,73.59,0.034,1964,303,12,9,11,323015
Tooro|Kyegegwa District,Kyegegwa District,Tooro,2023-03,20.89,131.28,78.13,0.04,10635,1425,36,31,149,550392.1
Tooro|Kyenjojo District,Kyenjojo District,Tooro,2023-03,20.93,147.05,79.59,0.039,4290,2681,87,52,20,582803.3
South Buganda|Kyotera District,Kyotera District,South Buganda,2023-03,22.05,189.87,77.81,0.972,4535,952,59,4,0,270359.3
Acholi|Lamwo District,Lamwo District,Acholi,2023-03,25.1,110.62,60.96,0.029,10219,1059,37,23,195,147695.4
Lango|Lira City,Lira City,Lango,2023-03,24.04,134.5,67.66,0.133,3119,378,107,30,20,261583.3
Lango|Lira District,Lira District,Lango,2023-03,24.25,127.05,66.82,0.021,4878,352,1,11,41,253006.8
Busoga|Luuka District,Luuka District,Busoga,2023-03,22.45,186.9,78.54,0.033,13970,405,41,14,3,280830.6
North Buganda|Luwero District,Luwero District,North Buganda,2023-03,21.79,168.59,81.17,0.048,8969,2261,96,32,46,556575.1
South Buganda|Lwengo District,Lwengo District,South Buganda,2023-03,21.09,118.74,77.88,0.044,3491,463,8,7,0,296388
South Buganda|Lyantonde District,Lyantonde District,South Buganda,2023-03,21.14,101.84,76.75,0.036,873,178,14,9,0,119273.2
West Nile|Madi-Okollo District,Madi-Okollo District,West Nile,2023-03,25.99,119.23,64.71,0.082,8294,388,53,14,105,176316.9
Bugisu|Manafwa District,Manafwa District,Bugisu,2023-03,19.44,186.22,80.12,0.034,4518,401,77,14,0,185791
West Nile|Maracha District,Maracha District,West Nile,2023-03,24.08,151.99,65.82,0.023,8987,597,35,28,5,218900.3
South Buganda|Masaka City,Masaka City,South Buganda,2023-03,21.35,148.46,79.17,0.144,1647,399,79,36,8,236551.9
South Buganda|Masaka District,Masaka District,South Buganda,2023-03,22.3,200.74,77.31,1.839,866,298,1,3,0,127251.4
Bunyoro|Masindi District,Masindi District,Bunyoro,2023-03,23.68,151.38,72.89,0.037,4097,379,126,31,16,365897.5
Busoga|Mayuge District,Mayuge District,Busoga,2023-03,22.66,254.25,77.96,2.225,13790,671,92,48,14,613519.1
Bugisu|Mbale City,Mbale City,Bugisu,2023-03,20.84,196.56,76.29,0.058,4893,655,103,95,29,347747.3
Bugisu|Mbale District,Mbale District,Bugisu,2023-03,20.13,196.39,78.52,0.035,3563,487,24,13,10,290204.9
Ankole|Mbarara City,Mbarara City,Ankole,2023-03,20.52,95.6,74.77,0.12,699,710,40,58,0,234058.7
Ankole|Mbarara District,Mbarara District,Ankole,2023-03,20.24,94.37,77,0.046,838,419,19,6,13,178810.1
Ankole|Mitooma District,Mitooma District,Ankole,2023-03,19.53,144.92,81.42,0.039,1358,330,16,,0,198356.6
North Buganda|Mityana District,Mityana District,North Buganda,2023-03,21.1,197.42,82.47,0.198,7957,516,72,25,24,377765
Karamoja|Moroto District,Moroto District,Karamoja,2023-03,23.55,90.39,55.79,0.012,1378,276,40,10,543,125954.9
West Nile|Moyo District,Moyo District,West Nile,2023-03,26.27,87.97,61.4,0.116,3976,530,45,6,29,116082
South Buganda|Mpigi District,Mpigi District,South Buganda,2023-03,21.6,207.05,80.67,0.728,2905,768,74,10,1,304465.8
North Buganda|Mubende District,Mubende District,North Buganda,2023-03,20.94,129.98,79.73,0.044,6108,293,125,62,10,640046.4
North Buganda|Mukono District,Mukono District,North Buganda,2023-03,22.31,267.62,79.42,1.799,6687,1217,162,15,60,755430.3
Karamoja|Nabilatuk District,Nabilatuk District,Karamoja,2023-03,24.37,114.71,57.37,0.017,1891,133,44,8,542,102219.9
Karamoja|Nakapiripirit District,Nakapiripirit District,Karamoja,2023-03,23.63,126.69,56.72,0.02,3144,302,120,11,588,127750
North Buganda|Nakaseke District,Nakaseke District,North Buganda,2023-03,22.71,162.73,74.48,0.032,4050,425,84,19,5,254203.6
North Buganda|Nakasongola District,Nakasongola District,North Buganda,2023-03,23.75,131.56,70.62,0.256,4155,535,45,2,2,232762.3
Busoga|Namayingo District,Namayingo District,Busoga,2023-03,22.97,269.63,76.25,2.907,12262,423,25,15,23,246724
Bugisu|Namisindwa District,Namisindwa District,Bugisu,2023-03,17.07,187.5,77.99,0.038,3131,125,40,6,0,247222.7
Busoga|Namutumba District,Namutumba District,Busoga,2023-03,22.47,183.09,77.72,0.029,8544,774,19,20,10,335480.9
Karamoja|Napak District,Napak District,Karamoja,2023-03,24.58,101.58,56.47,0.015,2425,472,93,16,606,165745.9
West Nile|Nebbi District,Nebbi District,West Nile,2023-03,24.71,136.99,67.85,0.022,8661,414,260,118,21,305463.1
Teso|Ngora District,Ngora District,Teso,2023-03,23.85,153.55,69.44,0.306,5469,150,41,19,1,177912.6
Tooro|Ntoroko District,Ntoroko District,Tooro,2023-03,24.81,140.24,70.85,0.448,850,48,9,10,0,80479.5
Ankole|Ntungamo District,Ntungamo District,Ankole,2023-03,19.8,123.99,77.19,0.042,3894,1002,59,48,10,567644.8
Acholi|Nwoya District,Nwoya District,Acholi,2023-03,24.47,142.46,71.36,0.072,5510,612,25,11,13,313441.3
West Nile|Obongi District,Obongi District,West Nile,2023-03,26.9,87.57,62.64,0.232,3764,774,33,20,156,52157.1
Acholi|Omoro District,Omoro District,Acholi,2023-03,24.35,152.37,66.77,0.031,6571,469,19,16,17,215808.7
Lango|Otuke District,Otuke District,Lango,2023-03,24.74,131.15,61.27,0.022,5656,165,14,4,31,150188.5
Lango|Oyam District,Oyam District,Lango,2023-03,24.02,149.71,68.98,0.034,10864,986,69,34,69,490256.8
Acholi|Pader District,Pader District,Acholi,2023-03,25.2,147.21,61.97,0.027,12389,768,339,23,46,206135.2
West Nile|Pakwach District,Pakwach District,West Nile,2023-03,25.82,124.95,69.8,0.255,5608,207,52,28,1,218401.6
Bukedi|Pallisa District,Pallisa District,Bukedi,2023-03,23.25,189.93,73.86,0.331,6831,72,7,21,0,398408.5
South Buganda|Rakai District,Rakai District,South Buganda,2023-03,20.9,122.99,79.66,0.134,5355,925,30,9,10,337974
Kigezi|Rubanda District,Rubanda District,Kigezi,2023-03,16.94,155.13,82.93,0.121,177,516,15,5,2,212816.9
Ankole|Rubirizi District,Rubirizi District,Ankole,2023-03,22.76,122.26,75.61,0.837,1872,87,11,,0,151086.1
Kigezi|Rukiga District,Rukiga District,Kigezi,2023-03,18.89,140.85,78.37,0.033,304,383,3,3,2,106907.1
Kigezi|Rukungiri District,Rukungiri District,Kigezi,2023-03,20.63,138.17,80.32,0.224,3032,1039,83,27,10,341065.6
Ankole|Rwampara District,Rwampara District,Ankole,2023-03,19.79,115.1,77.02,0.04,368,244,6,14,0,152681.7
South Buganda|Sembabule District,Sembabule District,South Buganda,2023-03,21.25,114.96,77.55,0.035,2219,124,36,,0,318427.6
Teso|Serere District,Serere District,Teso,2023-03,23.89,150.99,71.03,0.874,6426,366,3,87,1,400702.2
Ankole|Sheema District,Sheema District,Ankole,2023-03,19.47,119,81.03,0.047,388,931,18,13,0,225681.7
Bugisu|Sironko District,Sironko District,Bugisu,2023-03,18.2,193.65,74.54,0.037,3120,403,17,13,1,289706.3
Teso|Soroti City,Soroti City,Teso,2023-03,23.82,150.43,68.15,0.102,6784,134,26,51,3,76989.1
Teso|Soroti District,Soroti District,Teso,2023-03,23.88,156.85,68.01,0.143,3119,155,19,24,0,322915.3
West Nile|Terego District,Terego District,West Nile,2023-03,26.04,129.55,62.22,0.024,11103,1715,60,29,252,250812.8
Bukedi|Tororo District,Tororo District,Bukedi,2023-03,21.43,191.94,77.37,0.029,39048,1558,194,95,35,637952.2
South Buganda|Wakiso District,Wakiso District,South Buganda,2023-03,21.65,234.33,81.87,1.133,21900,2290,363,64,16,3509684.4
West Nile|Yumbe District,Yumbe District,West Nile,2023-03,26.04,100.76,61.83,0.024,14743,773,74,83,191,772882.5
West Nile|Zombo District,Zombo District,West Nile,2023-03,21.93,166.15,71.18,0.029,5685,1030,56,75,9,305263.7
Karamoja|Abim District,Abim District,Karamoja,2023-04,24.25,153.62,61.2,0.036,4022,191,28,16,200,182300.5
West Nile|Adjumani District,Adjumani District,West Nile,2023-04,25.89,135.29,67.83,0.085,14990,1311,134,24,183,239344.3
Acholi|Agago District,Agago District,Acholi,2023-04,24.37,149.67,63.38,0.038,7443,210,117,5,27,261782.8
Lango|Alebtong District,Alebtong District,Lango,2023-04,23.94,155.08,68.61,0.035,5614,268,19,28,9,285617.5
Lango|Amolatar District,Amolatar District,Lango,2023-04,23.89,149.88,76.35,1.564,7125,741,26,6,0,181502.7
Karamoja|Amudat District,Amudat District,Karamoja,2023-04,22.95,102.87,64.53,0.03,1506,216,19,4,327,151485
Teso|Amuria District,Amuria District,Teso,2023-04,23.73,142.54,69.35,0.036,5000,274,14,38,1,247821
Acholi|Amuru District,Amuru District,Acholi,2023-04,25.18,149.2,68.75,0.05,7031,205,21,16,10,231864.8
Lango|Apac District,Apac District,Lango,2023-04,23.53,160.91,76.55,0.172,6740,851,33,18,1,248918
West Nile|Arua City,Arua City,West Nile,2023-04,23.68,138.54,70.01,0.056,6111,310,82,11,14,388435.8
West Nile|Arua District,Arua District,West Nile,2023-04,24.44,149.09,68.57,0.042,2381,66,3,23,18,167939.9
Bukedi|Budaka District,Budaka District,Bukedi,2023-04,21.77,161.32,78.23,0.034,9797,138,81,15,34,277838.8
Bugisu|Bududa District,Bududa District,Bugisu,2023-04,14.24,160.1,81.03,0.05,2467,1030,84,12,17,306360.7
Busoga|Bugiri District,Bugiri District,Busoga,2023-04,21.97,274.89,84.55,0.101,16363,668,99,38,12,534934.4
Busoga|Bugweri District,Bugweri District,Busoga,2023-04,21.97,259.22,84.93,0.057,7750,136,10,2,2,205038.3
Ankole|Buhweju District,Buhweju District,Ankole,2023-04,19.06,167.48,81.38,0.055,110,97,3,6,1,156471.3
North Buganda|Buikwe District,Buikwe District,North Buganda,2023-04,21.9,295.42,85.05,0.563,10672,1267,55,54,7,498434.4
Teso|Bukedea District,Bukedea District,Teso,2023-04,22.51,145.86,72.06,0.038,7129,217,52,9,10,291002.7
South Buganda|Bukomansimbi District,Bukomansimbi District,South Buganda,2023-04,21.02,178.41,83.07,0.034,1906,1140,32,,0,157967.2
Bugisu|Bukwo District,Bukwo District,Bugisu,2023-04,19.31,150.29,65.75,0.045,1140,1519,32,,0,136825.1
Bugisu|Bulambuli District,Bulambuli District,Bugisu,2023-04,20.02,139.33,69.11,0.044,3332,816,52,14,10,263777.3
Bunyoro|Buliisa District,Buliisa District,Bunyoro,2023-04,25.13,166.07,75.7,1.414,3353,672,43,12,6,170832
Tooro|Bundibugyo District,Bundibugyo District,Tooro,2023-04,20.45,186.88,80.47,0.074,5677,457,35,15,130,284221.3
Tooro|Bunyangabu District,Bunyangabu District,Tooro,2023-04,18.96,185.53,81.29,0.049,1246,98,19,6,0,207431.7
Ankole|Bushenyi District,Bushenyi District,Ankole,2023-04,19.71,166.27,81.02,0.061,1120,504,34,25,90,244629.8
Bukedi|Busia District,Busia District,Bukedi,2023-04,21.64,319.33,83.71,0.165,21375,999,83,68,35,415561.5
Bukedi|Butaleja District,Butaleja District,Bukedi,2023-04,21.73,188.76,80.49,0.038,11501,576,164,14,0,331292.3
South Buganda|Butambala District,Butambala District,South Buganda,2023-04,21.16,197.66,85.11,0.037,1668,313,13,,2,110597
Bukedi|Butebo District,Butebo District,Bukedi,2023-04,22.3,163.09,77.25,0.031,4164,341,19,2,1,125356.6
North Buganda|Buvuma District,Buvuma District,North Buganda,2023-04,23.11,288.43,77.5,3.172,2063,323,121,4,0,153778.7
Busoga|Buyende District,Buyende District,Busoga,2023-04,23.56,195,77.95,0.98,9192,328,86,14,8,467120.2
Lango|Dokolo District,Dokolo District,Lango,2023-04,23.4,141.64,76.27,0.309,7935,409,14,20,0,232263.7
Tooro|Fort Portal City,Fort Portal City,Tooro,2023-04,19.14,176.03,82.69,0.126,1173,340,72,82,21,121766.4
South Buganda|Gomba District,Gomba District,South Buganda,2023-04,20.98,162,84.06,0.059,579,38,16,4,0,179807.4
Acholi|Gulu City,Gulu City,Acholi,2023-04,24.02,172.68,70.58,0.15,4159,683,120,32,122,224883.9
Acholi|Gulu District,Gulu District,Acholi,2023-04,24.95,153.3,67.21,0.045,4718,116,12,14,17,126653
Bunyoro|Hoima City,Hoima City,Bunyoro,2023-04,22.35,151.11,80.63,0.106,1573,205,28,61,0,134930.3
Bunyoro|Hoima District,Hoima District,Bunyoro,2023-04,24.27,143.95,76.17,1.435,2003,115,34,6,11,277041
Ankole|Ibanda District,Ibanda District,Ankole,2023-04,20.58,155.53,79.33,0.048,4757,270,24,15,19,290105.2
Busoga|Iganga District,Iganga District,Busoga,2023-04,22.15,245.32,83.76,0.076,22801,1159,40,39,30,435606.6
Ankole|Isingiro District,Isingiro District,Ankole,2023-04,20.54,135.77,79.32,0.076,7199,2025,61,56,350,656301.9
Busoga|Jinja City,Jinja City,Busoga,2023-04,21.86,311.17,86.84,0.824,6027,483,163,171,7,280132.5
Busoga|Jinja District,Jinja District,Busoga,2023-04,21.93,276.79,86.04,0.123,9598,456,48,1,15,254203.6
Karamoja|Kaabong District,Kaabong District,Karamoja,2023-04,23.11,179.77,62.91,0.033,2334,538,44,17,1079,134032.8
Kigezi|Kabale District,Kabale District,Kigezi,2023-04,17.7,188.48,82.02,0.164,319,518,65,20,10,256198.1
Tooro|Kabarole District,Kabarole District,Tooro,2023-04,20.97,179.1,79.8,0.052,1656,231,63,7,0,234756.8
Teso|Kaberamaido District,Kaberamaido District,Teso,2023-04,23.72,151.64,75.94,0.83,7364,198,39,9,0,148293.7
Bunyoro|Kagadi District,Kagadi District,Bunyoro,2023-04,22.49,165.77,79.96,0.338,2590,232,39,50,5,473403
Bunyoro|Kakumiro District,Kakumiro District,Bunyoro,2023-04,21.74,185.91,79.71,0.046,4751,236,38,21,14,600255.5
Teso|Kalaki District,Kalaki District,Teso,2023-04,23.63,151.21,74.56,0.398,3659,85,3,2,2,154975.4
South Buganda|Kalangala District,Kalangala District,South Buganda,2023-04,23.02,305.68,77.13,3.068,527,153,67,3,0,74296.4
Busoga|Kaliro District,Kaliro District,Busoga,2023-04,22.85,196.8,80.28,0.348,11309,902,154,9,8,317031.4
South Buganda|Kalungu District,Kalungu District,South Buganda,2023-04,21.38,195.77,83.1,0.201,2222,570,25,8,0,188683.1
Kampala|Kampala District,Kampala District,Kampala,2023-04,21.61,241.81,85.77,2.367,14987,3847,734,251,72,1761673.5
Busoga|Kamuli District,Kamuli District,Busoga,2023-04,22.36,254.02,83.67,0.095,30300,1844,89,49,63,594471.3
Tooro|Kamwenge District,Kamwenge District,Tooro,2023-04,20.93,161.68,79.17,0.049,8775,2366,42,41,288,370983.6
Kigezi|Kanungu District,Kanungu District,Kigezi,2023-04,20.52,186.83,81.04,0.19,3354,538,23,24,34,234756.8
Bugisu|Kapchorwa District,Kapchorwa District,Bugisu,2023-04,19.03,144.92,70.49,0.05,773,749,29,24,0,133534.2
Teso|Kapelebyong District,Kapelebyong District,Teso,2023-04,24.38,134.78,63.87,0.034,2746,196,18,12,5,112192.6
Karamoja|Karenga District,Karenga District,Karamoja,2023-04,23.02,157.16,63.69,0.036,845,229,1,8,147,72900.3
Tooro|Kasese District,Kasese District,Tooro,2023-04,20.48,166.6,77.12,0.431,8332,1768,299,153,71,841594.3
North Buganda|Kassanda District,Kassanda District,North Buganda,2023-04,21.12,173.77,83.36,0.133,3216,208,15,2,6,333187.2
Teso|Katakwi District,Katakwi District,Teso,2023-04,24.32,127.97,65.46,0.191,8370,313,11,51,0,209127
North Buganda|Kayunga District,Kayunga District,North Buganda,2023-04,22.57,241.27,82.29,0.331,8110,742,29,21,20,425933.1
Ankole|Kazo District,Kazo District,Ankole,2023-04,20.71,127.12,80.98,0.047,3541,242,21,1,0,239743.2
Bunyoro|Kibaale District,Kibaale District,Bunyoro,2023-04,21.24,179.18,80.62,0.054,1892,154,7,13,17,234158.5
North Buganda|Kiboga District,Kiboga District,North Buganda,2023-04,22.17,204.31,79.77,0.044,3515,578,66,15,25,182799.2
Bukedi|Kibuku District,Kibuku District,Bukedi,2023-04,22.34,179.69,80.25,0.063,14684,133,31,1,0,277439.9
Bunyoro|Kikuube District,Kikuube District,Bunyoro,2023-04,23.65,149.84,77.55,1.093,11259,1246,57,26,196,413267.8
Ankole|Kiruhura District,Kiruhura District,Ankole,2023-04,20.73,139.29,79.76,0.086,1169,131,2,1,0,204739.1
Bunyoro|Kiryandongo District,Kiryandongo District,Bunyoro,2023-04,23.48,168.79,76.43,0.061,6181,786,107,73,146,338273.2
Kigezi|Kisoro District,Kisoro District,Kigezi,2023-04,16.92,203.5,83.59,0.151,801,547,123,30,116,331292.3
Tooro|Kitagwenda District,Kitagwenda District,Tooro,2023-04,21.72,161.02,74.69,0.319,1966,152,5,,1,197259.6
Acholi|Kitgum District,Kitgum District,Acholi,2023-04,24.18,131.88,63.27,0.042,8101,793,68,37,50,232263.7
West Nile|Koboko District,Koboko District,West Nile,2023-04,24.32,143.31,69.33,0.044,5473,251,43,67,64,286714.5
Lango|Kole District,Kole District,Lango,2023-04,23.71,168.92,72.67,0.034,3257,661,3,13,27,307956.3
Karamoja|Kotido District,Kotido District,Karamoja,2023-04,23.9,142.51,60.75,0.024,3923,373,670,22,2845,219099.7
Teso|Kumi District,Kumi District,Teso,2023-04,23.72,140.47,69.76,0.251,11848,292,18,28,28,308654.4
Lango|Kwania District,Kwania District,Lango,2023-04,23.59,152.26,77.26,0.498,3946,463,19,14,0,233959
Bugisu|Kween District,Kween District,Bugisu,2023-04,22.05,121.68,63.03,0.038,1361,548,15,1,0,117677.6
North Buganda|Kyankwanzi District,Kyankwanzi District,North Buganda,2023-04,22.54,171.07,76.88,0.046,1953,340,3,10,20,323015
Tooro|Kyegegwa District,Kyegegwa District,Tooro,2023-04,20.68,146.28,81.27,0.047,10433,2200,35,22,67,550392.1
Tooro|Kyenjojo District,Kyenjojo District,Tooro,2023-04,20.97,168.11,81.02,0.049,4421,2861,111,39,48,582803.3
South Buganda|Kyotera District,Kyotera District,South Buganda,2023-04,21.99,235.26,80.81,0.973,2887,608,38,14,6,270359.3
Acholi|Lamwo District,Lamwo District,Acholi,2023-04,24.81,118.36,64.41,0.046,12894,784,28,32,146,147695.4
Lango|Lira City,Lira City,Lango,2023-04,23.66,158.56,72.02,0.142,2650,540,115,25,28,261583.3
Lango|Lira District,Lira District,Lango,2023-04,23.87,161.38,71.09,0.031,3886,212,29,23,60,253006.8
Busoga|Luuka District,Luuka District,Busoga,2023-04,22.35,241.57,83.14,0.041,15179,485,28,4,4,280830.6
North Buganda|Luwero District,Luwero District,North Buganda,2023-04,21.73,241.42,85.44,0.06,10192,1733,219,89,52,556575.1
South Buganda|Lwengo District,Lwengo District,South Buganda,2023-04,20.83,173.09,82.04,0.047,2413,482,23,4,0,296388
South Buganda|Lyantonde District,Lyantonde District,South Buganda,2023-04,20.79,138.65,81.04,0.041,1619,129,14,15,0,119273.2
West Nile|Madi-Okollo District,Madi-Okollo District,West Nile,2023-04,25.76,139.99,68.77,0.097,8639,359,42,19,82,176316.9
Bugisu|Manafwa District,Manafwa District,Bugisu,2023-04,19.2,173.36,83.9,0.045,4964,417,57,7,0,185791
West Nile|Maracha District,Maracha District,West Nile,2023-04,23.8,145.01,69.94,0.033,8813,388,19,37,5,218900.3
South Buganda|Masaka City,Masaka City,South Buganda,2023-04,21.29,201.25,82.97,0.146,1522,488,52,16,0,236551.9
South Buganda|Masaka District,Masaka District,South Buganda,2023-04,22.32,248.77,79.89,1.84,728,373,12,3,0,127251.4
Bunyoro|Masindi District,Masindi District,Bunyoro,2023-04,23.46,162.97,76.17,0.048,4356,379,114,46,20,365897.5
Busoga|Mayuge District,Mayuge District,Busoga,2023-04,22.74,286.76,80.21,2.229,14069,611,29,32,50,613519.1
Bugisu|Mbale City,Mbale City,Bugisu,2023-04,20.4,162.43,81.7,0.066,5100,636,106,73,7,347747.3
Bugisu|Mbale District,Mbale District,Bugisu,2023-04,19.75,159.15,82.98,0.046,5336,895,7,20,3,290204.9
Ankole|Mbarara City,Mbarara City,Ankole,2023-04,20.3,134.62,77.89,0.122,561,756,38,65,0,234058.7
Ankole|Mbarara District,Mbarara District,Ankole,2023-04,20.09,150.51,79.07,0.049,534,234,12,4,0,178810.1
Ankole|Mitooma District,Mitooma District,Ankole,2023-04,19.67,172.82,81.2,0.04,1076,284,9,56,0,198356.6
North Buganda|Mityana District,Mityana District,North Buganda,2023-04,21.18,207.14,85.45,0.204,6109,492,85,28,12,377765
Karamoja|Moroto District,Moroto District,Karamoja,2023-04,23.32,117.16,61.5,0.021,2191,485,50,13,540,125954.9
West Nile|Moyo District,Moyo District,West Nile,2023-04,25.88,109.29,66.43,0.129,5023,483,20,24,14,116082
South Buganda|Mpigi District,Mpigi District,South Buganda,2023-04,21.71,225.34,83.25,0.729,2608,742,33,11,1,304465.8
North Buganda|Mubende District,Mubende District,North Buganda,2023-04,20.79,159.14,82.91,0.051,5003,264,135,38,48,640046.4
North Buganda|Mukono District,Mukono District,North Buganda,2023-04,22.43,289.16,81.34,1.803,9997,1913,165,10,70,755430.3
Karamoja|Nabilatuk District,Nabilatuk District,Karamoja,2023-04,23.95,120.44,62.35,0.031,2042,140,59,21,849,102219.9
Karamoja|Nakapiripirit District,Nakapiripirit District,Karamoja,2023-04,22.96,106.24,63.22,0.035,4214,350,88,13,753,127750
North Buganda|Nakaseke District,Nakaseke District,North Buganda,2023-04,22.45,192.49,79.45,0.044,3475,313,59,15,33,254203.6
North Buganda|Nakasongola District,Nakasongola District,North Buganda,2023-04,23.35,170.19,76.06,0.268,5498,587,41,2,7,232762.3
Busoga|Namayingo District,Namayingo District,Busoga,2023-04,23,293.06,78.17,2.909,13109,355,29,11,21,246724
Bugisu|Namisindwa District,Namisindwa District,Bugisu,2023-04,16.91,179.64,82.53,0.048,3421,305,32,3,0,247222.7
Busoga|Namutumba District,Namutumba District,Busoga,2023-04,22.28,215.72,82.69,0.039,12312,1393,31,11,13,335480.9
Karamoja|Napak District,Napak District,Karamoja,2023-04,24.26,128.1,60.92,0.026,2995,407,101,23,670,165745.9
West Nile|Nebbi District,Nebbi District,West Nile,2023-04,24.66,135.83,70.6,0.037,9068,501,172,79,25,305463.1
Teso|Ngora District,Ngora District,Teso,2023-04,23.52,145.79,75.09,0.314,4866,149,91,13,2,177912.6
Tooro|Ntoroko District,Ntoroko District,Tooro,2023-04,25.09,140.42,72.22,0.458,505,32,20,12,4,80479.5
Ankole|Ntungamo District,Ntungamo District,Ankole,2023-04,19.79,132.16,78.49,0.046,2514,832,23,36,19,567644.8
Acholi|Nwoya District,Nwoya District,Acholi,2023-04,24.23,166.97,74.93,0.086,6600,487,51,33,13,313441.3
West Nile|Obongi District,Obongi District,West Nile,2023-04,26.48,114.01,67.98,0.244,4923,671,12,19,63,52157.1
Acholi|Omoro District,Omoro District,Acholi,2023-04,24,179.47,70.46,0.045,8674,311,11,10,25,215808.7
Lango|Otuke District,Otuke District,Lango,2023-04,24.3,157.11,64.74,0.035,3480,120,4,6,16,150188.5
Lango|Oyam District,Oyam District,Lango,2023-04,23.61,172.55,73.44,0.045,10768,989,46,86,65,490256.8
Acholi|Pader District,Pader District,Acholi,2023-04,24.84,160.69,65.01,0.041,13167,815,93,12,41,206135.2
West Nile|Pakwach District,Pakwach District,West Nile,2023-04,25.63,135.68,73.39,0.269,5308,181,38,37,1,218401.6
Bukedi|Pallisa District,Pallisa District,Bukedi,2023-04,22.94,182.45,79.51,0.339,8356,163,50,16,0,398408.5
South Buganda|Rakai District,Rakai District,South Buganda,2023-04,20.72,176.34,83.47,0.139,2660,1019,21,7,2,337974
Kigezi|Rubanda District,Rubanda District,Kigezi,2023-04,17.16,197.11,82.7,0.124,149,426,22,11,4,212816.9
Ankole|Rubirizi District,Rubirizi District,Ankole,2023-04,22.81,170.15,75.89,0.841,1336,135,7,4,0,151086.1
Kigezi|Rukiga District,Rukiga District,Kigezi,2023-04,18.85,182.65,79.77,0.039,143,299,6,8,4,106907.1
Kigezi|Rukungiri District,Rukungiri District,Kigezi,2023-04,20.76,164.83,80.95,0.228,2697,1160,72,28,7,341065.6
Ankole|Rwampara District,Rwampara District,Ankole,2023-04,19.79,155.82,78.84,0.041,226,166,3,7,0,152681.7
South Buganda|Sembabule District,Sembabule District,South Buganda,2023-04,20.91,139.97,81.94,0.039,1102,168,23,,0,318427.6
Teso|Serere District,Serere District,Teso,2023-04,23.64,175.05,76.06,0.881,8054,458,15,34,5,400702.2
Ankole|Sheema District,Sheema District,Ankole,2023-04,19.55,171.48,81.09,0.049,372,729,22,12,0,225681.7
Bugisu|Sironko District,Sironko District,Bugisu,2023-04,17.79,155.08,80.89,0.048,3091,427,28,22,6,289706.3
Teso|Soroti City,Soroti City,Teso,2023-04,23.45,152.17,74.12,0.112,4445,249,47,54,9,76989.1
Teso|Soroti District,Soroti District,Teso,2023-04,23.53,151.08,73.41,0.153,4227,269,20,16,0,322915.3
West Nile|Terego District,Terego District,West Nile,2023-04,25.74,135.48,66.72,0.041,11063,1450,21,23,140,250812.8
Bukedi|Tororo District,Tororo District,Bukedi,2023-04,21.38,234.5,80.73,0.039,21822,1588,169,55,46,637952.2
South Buganda|Wakiso District,Wakiso District,South Buganda,2023-04,21.88,258.25,83.43,1.137,21037,2360,384,55,69,3509684.4
West Nile|Yumbe District,Yumbe District,West Nile,2023-04,25.58,125.73,67.41,0.041,11261,633,88,85,154,772882.5
West Nile|Zombo District,Zombo District,West Nile,2023-04,22,152.24,73.77,0.045,5000,743,34,69,5,305263.7
Karamoja|Abim District,Abim District,Karamoja,2023-05,24.18,78.59,63.33,0.055,7608,112,14,7,304,182300.5
West Nile|Adjumani District,Adjumani District,West Nile,2023-05,25.63,109.66,73.64,0.099,23967,1235,107,46,208,239344.3
Acholi|Agago District,Agago District,Acholi,2023-05,24.01,67.99,68.47,0.055,19967,187,74,5,78,261782.8
Lango|Alebtong District,Alebtong District,Lango,2023-05,23.95,105.76,72.02,0.049,10762,272,25,44,21,285617.5
Lango|Amolatar District,Amolatar District,Lango,2023-05,24.49,143.31,75.7,1.569,13116,771,29,4,3,181502.7
Karamoja|Amudat District,Amudat District,Karamoja,2023-05,23.55,90.27,59.82,0.04,2355,376,17,7,266,151485
Teso|Amuria District,Amuria District,Teso,2023-05,23.73,117.17,72.51,0.048,12513,331,10,31,0,247821
Acholi|Amuru District,Amuru District,Acholi,2023-05,25.01,106.06,73.98,0.064,7835,168,23,19,8,231864.8
Lango|Apac District,Apac District,Lango,2023-05,23.95,118.92,77.01,0.181,10153,813,60,28,0,248918
West Nile|Arua City,Arua City,West Nile,2023-05,23.95,111.65,70.66,0.064,7993,311,87,10,17,388435.8
West Nile|Arua District,Arua District,West Nile,2023-05,24.76,111.32,68.33,0.054,2956,48,5,25,22,167939.9
Bukedi|Budaka District,Budaka District,Bukedi,2023-05,22.4,200.3,74.89,0.044,9090,194,51,10,40,277838.8
Bugisu|Bududa District,Bududa District,Bugisu,2023-05,14.5,240.01,77.96,0.061,3174,911,70,5,22,306360.7
Busoga|Bugiri District,Bugiri District,Busoga,2023-05,22.58,178.07,81.39,0.11,13385,710,115,41,17,534934.4
Busoga|Bugweri District,Bugweri District,Busoga,2023-05,22.55,158.29,82.19,0.065,10523,103,29,4,0,205038.3
Ankole|Buhweju District,Buhweju District,Ankole,2023-05,19.57,85.6,77.78,0.07,222,109,3,11,0,156471.3
North Buganda|Buikwe District,Buikwe District,North Buganda,2023-05,22.58,120.45,82.51,0.57,13456,1048,80,44,10,498434.4
Teso|Bukedea District,Bukedea District,Teso,2023-05,22.95,178.31,70.67,0.05,11882,268,38,17,23,291002.7
South Buganda|Bukomansimbi District,Bukomansimbi District,South Buganda,2023-05,21.34,77.1,81.76,0.048,3235,991,36,1,0,157967.2
Bugisu|Bukwo District,Bukwo District,Bugisu,2023-05,19.22,169.62,65.1,0.06,935,1575,40,,3,136825.1
Bugisu|Bulambuli District,Bulambuli District,Bugisu,2023-05,20.3,183.88,67.52,0.059,4369,753,43,8,8,263777.3
Bunyoro|Buliisa District,Buliisa District,Bunyoro,2023-05,25.67,103.78,74.38,1.418,8003,479,37,8,16,170832
Tooro|Bundibugyo District,Bundibugyo District,Tooro,2023-05,21.12,119.12,76.67,0.087,14125,904,147,20,266,284221.3
Tooro|Bunyangabu District,Bunyangabu District,Tooro,2023-05,19.72,104.55,76.22,0.064,2436,237,64,5,17,207431.7
Ankole|Bushenyi District,Bushenyi District,Ankole,2023-05,20.47,96.39,75.86,0.076,1419,422,10,41,49,244629.8
Bukedi|Busia District,Busia District,Bukedi,2023-05,22.26,219.13,79.87,0.173,23533,925,85,76,56,415561.5
Bukedi|Butaleja District,Butaleja District,Bukedi,2023-05,22.37,194.52,77.04,0.048,10411,583,150,25,0,331292.3
South Buganda|Butambala District,Butambala District,South Buganda,2023-05,21.54,96.68,83.67,0.051,4201,318,55,,10,110597
Bukedi|Butebo District,Butebo District,Bukedi,2023-05,22.91,196.83,74.28,0.044,3841,185,39,1,0,125356.6
North Buganda|Buvuma District,Buvuma District,North Buganda,2023-05,24.18,97.2,72.34,3.172,3102,312,21,,0,153778.7
Busoga|Buyende District,Buyende District,Busoga,2023-05,24.07,163.9,77.26,0.987,12125,264,64,33,10,467120.2
Lango|Dokolo District,Dokolo District,Lango,2023-05,23.85,138.25,76.25,0.321,13299,486,30,20,0,232263.7
Tooro|Fort Portal City,Fort Portal City,Tooro,2023-05,19.82,100.83,77.18,0.14,1345,418,99,49,12,121766.4
South Buganda|Gomba District,Gomba District,South Buganda,2023-05,21.28,79.29,82.56,0.074,3022,82,15,6,0,179807.4
Acholi|Gulu City,Gulu City,Acholi,2023-05,23.91,103.79,75.59,0.162,8595,592,134,25,109,224883.9
Acholi|Gulu District,Gulu District,Acholi,2023-05,24.66,95.26,73.18,0.06,9275,115,15,4,35,126653
Bunyoro|Hoima City,Hoima City,Bunyoro,2023-05,22.9,99.49,78.56,0.115,2399,586,21,41,0,134930.3
Bunyoro|Hoima District,Hoima District,Bunyoro,2023-05,24.91,89.22,73.96,1.442,3723,142,25,5,25,277041
Ankole|Ibanda District,Ibanda District,Ankole,2023-05,21.23,69.06,75.25,0.062,11924,542,14,9,24,290105.2
Busoga|Iganga District,Iganga District,Busoga,2023-05,22.67,159.76,81.65,0.085,28391,1693,107,32,27,435606.6
Ankole|Isingiro District,Isingiro District,Ankole,2023-05,21.1,62.1,75.65,0.087,12157,2346,155,60,445,656301.9
Busoga|Jinja City,Jinja City,Busoga,2023-05,22.49,159.36,85.05,0.83,8092,624,119,166,8,280132.5
Busoga|Jinja District,Jinja District,Busoga,2023-05,22.45,157.67,84.47,0.129,12179,526,36,8,0,254203.6
Karamoja|Kaabong District,Kaabong District,Karamoja,2023-05,23.36,50.43,59.37,0.049,5516,428,37,19,1350,134032.8
Kigezi|Kabale District,Kabale District,Kigezi,2023-05,18.54,164.25,75,0.173,492,789,63,19,9,256198.1
Tooro|Kabarole District,Kabarole District,Tooro,2023-05,21.75,93.39,74.82,0.068,2605,234,37,15,0,234756.8
Teso|Kaberamaido District,Kaberamaido District,Teso,2023-05,24.28,169.55,75.09,0.838,11512,115,16,4,0,148293.7
Bunyoro|Kagadi District,Kagadi District,Bunyoro,2023-05,23.12,82.19,76.1,0.351,4267,160,32,37,12,473403
Bunyoro|Kakumiro District,Kakumiro District,Bunyoro,2023-05,22.37,95.53,75.67,0.061,6678,258,22,20,39,600255.5
Teso|Kalaki District,Kalaki District,Teso,2023-05,23.99,160.97,75.05,0.408,7936,95,8,13,0,154975.4
South Buganda|Kalangala District,Kalangala District,South Buganda,2023-05,23.95,126.5,73.49,3.069,981,168,78,1,0,74296.4
Busoga|Kaliro District,Kaliro District,Busoga,2023-05,23.34,177.9,78.71,0.358,14466,880,164,16,21,317031.4
South Buganda|Kalungu District,Kalungu District,South Buganda,2023-05,21.75,85.74,82.04,0.214,3249,674,37,15,0,188683.1
Kampala|Kampala District,Kampala District,Kampala,2023-05,22.1,102.71,83.79,2.368,19366,3506,711,259,122,1761673.5
Busoga|Kamuli District,Kamuli District,Busoga,2023-05,22.77,162.71,83,0.105,32063,1951,152,32,49,594471.3
Tooro|Kamwenge District,Kamwenge District,Tooro,2023-05,21.7,80.17,74.44,0.065,14920,2302,28,34,271,370983.6
Kigezi|Kanungu District,Kanungu District,Kigezi,2023-05,21.16,154.2,77.75,0.202,4168,515,60,23,21,234756.8
Bugisu|Kapchorwa District,Kapchorwa District,Bugisu,2023-05,19.4,204.31,67.3,0.064,813,690,27,3,0,133534.2
Teso|Kapelebyong District,Kapelebyong District,Teso,2023-05,24.13,92.83,68.84,0.049,6376,214,29,9,14,112192.6
Karamoja|Karenga District,Karenga District,Karamoja,2023-05,23.01,52.95,63.2,0.053,2642,249,12,9,220,72900.3
Tooro|Kasese District,Kasese District,Tooro,2023-05,21.25,103.93,72.35,0.442,16281,2733,245,150,72,841594.3
North Buganda|Kassanda District,Kassanda District,North Buganda,2023-05,21.44,97.81,82.08,0.146,3456,132,15,23,10,333187.2
Teso|Katakwi District,Katakwi District,Teso,2023-05,24.27,115,68.44,0.204,11648,304,56,24,90,209127
North Buganda|Kayunga District,Kayunga District,North Buganda,2023-05,22.98,138.73,81.95,0.34,12371,771,35,23,16,425933.1
Ankole|Kazo District,Kazo District,Ankole,2023-05,21.3,56.75,77.53,0.06,9639,379,54,2,1,239743.2
Bunyoro|Kibaale District,Kibaale District,Bunyoro,2023-05,21.98,91.18,75.43,0.068,3043,133,22,18,18,234158.5
North Buganda|Kiboga District,Kiboga District,North Buganda,2023-05,22.45,114.85,79.14,0.054,5652,455,74,24,5,182799.2
Bukedi|Kibuku District,Kibuku District,Bukedi,2023-05,22.93,190.27,77.49,0.075,17626,269,102,11,0,277439.9
Bunyoro|Kikuube District,Kikuube District,Bunyoro,2023-05,24.31,79.95,74.63,1.103,18691,1279,130,40,259,413267.8
Ankole|Kiruhura District,Kiruhura District,Ankole,2023-05,21.25,50.73,76.61,0.1,4359,173,4,1,0,204739.1
Bunyoro|Kiryandongo District,Kiryandongo District,Bunyoro,2023-05,23.83,127.36,77.35,0.075,12332,783,133,53,201,338273.2
Kigezi|Kisoro District,Kisoro District,Kigezi,2023-05,17.62,175.51,77.63,0.162,1189,1528,249,18,69,331292.3
Tooro|Kitagwenda District,Kitagwenda District,Tooro,2023-05,22.51,76.18,69.84,0.336,3125,138,3,,5,197259.6
Acholi|Kitgum District,Kitgum District,Acholi,2023-05,24.1,68.28,66.26,0.059,15265,595,46,47,50,232263.7
West Nile|Koboko District,Koboko District,West Nile,2023-05,24.59,131.69,71.13,0.056,9204,321,19,63,73,286714.5
Lango|Kole District,Kole District,Lango,2023-05,23.85,104.68,75.32,0.047,5844,762,8,17,17,307956.3
Karamoja|Kotido District,Kotido District,Karamoja,2023-05,24.17,61.46,58.33,0.042,7608,543,187,15,2922,219099.7
Teso|Kumi District,Kumi District,Teso,2023-05,24.14,166.21,69.17,0.262,16728,307,27,29,48,308654.4
Lango|Kwania District,Kwania District,Lango,2023-05,24.09,137.5,77.33,0.507,3386,565,12,31,0,233959
Bugisu|Kween District,Kween District,Bugisu,2023-05,22.39,151.04,60.34,0.053,1828,1505,50,1,0,117677.6
North Buganda|Kyankwanzi District,Kyankwanzi District,North Buganda,2023-05,23.03,99.24,74.76,0.056,2899,413,3,5,27,323015
Tooro|Kyegegwa District,Kyegegwa District,Tooro,2023-05,21.31,74.82,77.11,0.064,11702,1936,35,24,158,550392.1
Tooro|Kyenjojo District,Kyenjojo District,Tooro,2023-05,21.69,83.5,76.17,0.065,6820,1899,71,65,73,582803.3
South Buganda|Kyotera District,Kyotera District,South Buganda,2023-05,22.58,119.2,78.88,0.984,8939,1004,112,1,2,270359.3
Acholi|Lamwo District,Lamwo District,Acholi,2023-05,24.6,66.12,68.57,0.061,22915,1030,22,41,132,147695.4
Lango|Lira City,Lira City,Lango,2023-05,23.82,112.75,74.25,0.155,3998,403,79,20,28,261583.3
Lango|Lira District,Lira District,Lango,2023-05,24.04,107.15,73.4,0.044,6353,257,27,8,42,253006.8
Busoga|Luuka District,Luuka District,Busoga,2023-05,22.82,165.97,81.74,0.051,17287,459,60,3,6,280830.6
North Buganda|Luwero District,Luwero District,North Buganda,2023-05,22.05,132.09,85.24,0.071,17120,1475,68,48,62,556575.1
South Buganda|Lwengo District,Lwengo District,South Buganda,2023-05,21.26,71.69,80.15,0.062,4284,397,20,3,0,296388
South Buganda|Lyantonde District,Lyantonde District,South Buganda,2023-05,21.2,53.6,79.05,0.057,3859,508,14,8,0,119273.2
West Nile|Madi-Okollo District,Madi-Okollo District,West Nile,2023-05,26.04,105.77,69.05,0.11,14562,298,30,30,202,176316.9
Bugisu|Manafwa District,Manafwa District,Bugisu,2023-05,19.82,204.27,80.49,0.057,5177,339,78,14,16,185791
West Nile|Maracha District,Maracha District,West Nile,2023-05,24.08,124.08,71.21,0.043,11268,342,12,25,16,218900.3
South Buganda|Masaka City,Masaka City,South Buganda,2023-05,21.72,100.81,81.57,0.16,2161,525,123,30,0,236551.9
South Buganda|Masaka District,Masaka District,South Buganda,2023-05,23,108.99,77.91,1.847,1662,290,3,2,0,127251.4
Bunyoro|Masindi District,Masindi District,Bunyoro,2023-05,23.88,126.28,75.57,0.06,5790,412,108,40,38,365897.5
Busoga|Mayuge District,Mayuge District,Busoga,2023-05,23.72,113.93,75.3,2.231,17751,569,77,20,3,613519.1
Bugisu|Mbale City,Mbale City,Bugisu,2023-05,20.95,229.37,78.58,0.078,6860,746,99,92,57,347747.3
Bugisu|Mbale District,Mbale District,Bugisu,2023-05,20.35,220.19,79.79,0.056,6898,761,19,2,6,290204.9
Ankole|Mbarara City,Mbarara City,Ankole,2023-05,20.91,58.13,74.16,0.134,824,772,75,70,0,234058.7
Ankole|Mbarara District,Mbarara District,Ankole,2023-05,20.76,63.59,74.78,0.064,627,240,27,6,0,178810.1
Ankole|Mitooma District,Mitooma District,Ankole,2023-05,20.49,109.08,74.93,0.057,1505,333,29,4,0,198356.6
North Buganda|Mityana District,Mityana District,North Buganda,2023-05,21.48,113.5,84.41,0.217,7992,456,76,28,29,377765
Karamoja|Moroto District,Moroto District,Karamoja,2023-05,24.08,62.43,54.8,0.035,2711,440,47,35,461,125954.9
West Nile|Moyo District,Moyo District,West Nile,2023-05,25.74,103.87,71.03,0.143,6583,643,33,9,21,116082
South Buganda|Mpigi District,Mpigi District,South Buganda,2023-05,22.24,98.27,81.44,0.74,3738,788,57,16,1,304465.8
North Buganda|Mubende District,Mubende District,North Buganda,2023-05,21.19,88.09,80.69,0.066,6350,333,102,59,48,640046.4
North Buganda|Mukono District,Mukono District,North Buganda,2023-05,23.19,115.65,78.24,1.807,15645,2067,139,18,119,755430.3
Karamoja|Nabilatuk District,Nabilatuk District,Karamoja,2023-05,24.37,95.9,60.15,0.046,3775,119,25,16,440,102219.9
Karamoja|Nakapiripirit District,Nakapiripirit District,Karamoja,2023-05,23.37,112.59,60.55,0.049,4180,476,120,7,559,127750
North Buganda|Nakaseke District,Nakaseke District,North Buganda,2023-05,22.67,103.79,80.05,0.054,10046,405,105,14,24,254203.6
North Buganda|Nakasongola District,Nakasongola District,North Buganda,2023-05,23.65,105.78,77.33,0.277,6967,624,28,3,2,232762.3
Busoga|Namayingo District,Namayingo District,Busoga,2023-05,24.1,108.93,72.09,2.91,15857,545,64,13,33,246724
Bugisu|Namisindwa District,Namisindwa District,Bugisu,2023-05,17.33,214.2,79.27,0.062,2929,181,23,5,0,247222.7
Busoga|Namutumba District,Namutumba District,Busoga,2023-05,22.85,190.65,80.13,0.049,10802,1143,73,15,15,335480.9
Karamoja|Napak District,Napak District,Karamoja,2023-05,24.64,83.12,58.85,0.045,6232,718,151,22,510,165745.9
West Nile|Nebbi District,Nebbi District,West Nile,2023-05,25.05,89.16,69.01,0.043,15166,553,177,81,45,305463.1
Teso|Ngora District,Ngora District,Teso,2023-05,23.96,168.44,74.56,0.326,7254,192,94,25,1,177912.6
Tooro|Ntoroko District,Ntoroko District,Tooro,2023-05,25.85,75.38,69.4,0.468,1023,368,7,,2,80479.5
Ankole|Ntungamo District,Ntungamo District,Ankole,2023-05,20.69,90.53,71.82,0.058,4590,1374,47,39,8,567644.8
Acholi|Nwoya District,Nwoya District,Acholi,2023-05,24.5,114.61,76.78,0.099,8618,539,15,47,49,313441.3
West Nile|Obongi District,Obongi District,West Nile,2023-05,26.39,101.74,72.41,0.259,7855,585,8,16,169,52157.1
Acholi|Omoro District,Omoro District,Acholi,2023-05,23.94,106.62,75.07,0.06,11244,343,8,15,61,215808.7
Lango|Otuke District,Otuke District,Lango,2023-05,23.98,85.83,70.37,0.051,5171,97,12,13,19,150188.5
Lango|Oyam District,Oyam District,Lango,2023-05,23.73,107.71,76.7,0.06,14473,704,48,91,108,490256.8
Acholi|Pader District,Pader District,Acholi,2023-05,24.46,87.6,71.34,0.057,23347,610,120,6,22,206135.2
West Nile|Pakwach District,Pakwach District,West Nile,2023-05,26.1,91.22,72.49,0.274,8190,216,49,22,0,218401.6
Bukedi|Pallisa District,Pallisa District,Bukedi,2023-05,23.5,181.81,77.41,0.349,5988,196,54,25,2,398408.5
South Buganda|Rakai District,Rakai District,South Buganda,2023-05,21.16,80.52,81.04,0.153,9422,1035,30,3,3,337974
Kigezi|Rubanda District,Rubanda District,Kigezi,2023-05,17.91,162.5,75.93,0.132,320,861,15,13,12,212816.9
Ankole|Rubirizi District,Rubirizi District,Ankole,2023-05,23.47,95.61,73.28,0.854,1526,110,8,16,0,151086.1
Kigezi|Rukiga District,Rukiga District,Kigezi,2023-05,19.84,135.05,72.19,0.049,542,507,12,4,4,106907.1
Kigezi|Rukungiri District,Rukungiri District,Kigezi,2023-05,21.59,119.28,76.21,0.242,3012,998,112,32,8,341065.6
Ankole|Rwampara District,Rwampara District,Ankole,2023-05,20.44,75.64,74.75,0.055,365,247,4,9,1,152681.7
South Buganda|Sembabule District,Sembabule District,South Buganda,2023-05,21.28,66.07,79.95,0.054,6493,279,57,,0,318427.6
Teso|Serere District,Serere District,Teso,2023-05,24.19,179.11,74.85,0.89,17807,659,16,30,3,400702.2
Ankole|Sheema District,Sheema District,Ankole,2023-05,20.43,86.34,75.87,0.064,440,669,28,3,0,225681.7
Bugisu|Sironko District,Sironko District,Bugisu,2023-05,18.17,223.98,77.73,0.063,4541,655,25,1,3,289706.3
Teso|Soroti City,Soroti City,Teso,2023-05,23.75,171.99,74.64,0.122,8123,260,51,32,7,76989.1
Teso|Soroti District,Soroti District,Teso,2023-05,23.79,163.44,74.35,0.163,11014,318,25,20,2,322915.3
West Nile|Terego District,Terego District,West Nile,2023-05,25.92,115.21,68.42,0.052,16933,1758,40,41,128,250812.8
Bukedi|Tororo District,Tororo District,Bukedi,2023-05,22.03,199.87,76.66,0.048,17740,1662,135,45,61,637952.2
South Buganda|Wakiso District,Wakiso District,South Buganda,2023-05,22.46,124.32,81.33,1.144,24683,1780,553,84,40,3509684.4
West Nile|Yumbe District,Yumbe District,West Nile,2023-05,25.69,110.78,70.07,0.054,21524,619,87,70,190,772882.5
West Nile|Zombo District,Zombo District,West Nile,2023-05,22.33,98.93,72.91,0.055,8654,503,27,76,10,305263.7
Karamoja|Abim District,Abim District,Karamoja,2023-06,23.49,164.6,66.54,0.051,7875,127,21,9,280,182300.5
West Nile|Adjumani District,Adjumani District,West Nile,2023-06,24.64,192.56,75.66,0.094,25950,1251,158,42,191,239344.3
Acholi|Agago District,Agago District,Acholi,2023-06,23.28,189.02,71.52,0.053,28939,180,58,12,27,261782.8
Lango|Alebtong District,Alebtong District,Lango,2023-06,23.46,236.75,72.01,0.044,10708,269,23,30,9,285617.5
Lango|Amolatar District,Amolatar District,Lango,2023-06,23.84,163.63,75.17,1.565,8765,464,9,8,0,181502.7
Karamoja|Amudat District,Amudat District,Karamoja,2023-06,23.31,85.68,60.17,0.032,2743,325,40,8,390,151485
Teso|Amuria District,Amuria District,Teso,2023-06,23.29,201.9,72.8,0.043,12890,278,19,40,5,247821
Acholi|Amuru District,Amuru District,Acholi,2023-06,23.99,183.13,76.17,0.059,15343,246,7,8,29,231864.8
Lango|Apac District,Apac District,Lango,2023-06,23.3,161.52,75.68,0.175,11225,629,14,34,0,248918
West Nile|Arua City,Arua City,West Nile,2023-06,22.93,165.43,73.79,0.061,6909,188,65,23,12,388435.8
West Nile|Arua District,Arua District,West Nile,2023-06,23.97,142.82,69.55,0.048,4916,96,3,16,15,167939.9
Bukedi|Budaka District,Budaka District,Bukedi,2023-06,21.78,173.41,76.38,0.038,9033,291,53,3,62,277838.8
Bugisu|Bududa District,Bududa District,Bugisu,2023-06,13.87,175.78,80.46,0.052,2743,967,59,,10,306360.7
Busoga|Bugiri District,Bugiri District,Busoga,2023-06,21.87,131.59,83.41,0.101,9934,761,73,41,16,534934.4
Busoga|Bugweri District,Bugweri District,Busoga,2023-06,21.87,140.45,83.89,0.056,10102,100,25,2,2,205038.3
Ankole|Buhweju District,Buhweju District,Ankole,2023-06,19.67,27.05,74.14,0.068,356,83,6,12,1,156471.3
North Buganda|Buikwe District,Buikwe District,North Buganda,2023-06,21.9,128.78,83.45,0.566,11631,909,72,37,13,498434.4
Teso|Bukedea District,Bukedea District,Teso,2023-06,22.43,177.38,72.03,0.043,13479,187,36,4,8,291002.7
South Buganda|Bukomansimbi District,Bukomansimbi District,South Buganda,2023-06,21.23,52.61,77.11,0.044,3092,725,62,3,7,157967.2
Bugisu|Bukwo District,Bukwo District,Bugisu,2023-06,19.09,156.87,64,0.053,584,792,33,,4,136825.1
Bugisu|Bulambuli District,Bulambuli District,Bugisu,2023-06,19.81,173.8,69.09,0.049,3655,755,46,13,12,263777.3
Bunyoro|Buliisa District,Buliisa District,Bunyoro,2023-06,25.04,91.19,74.21,1.415,10729,507,22,16,23,170832
Tooro|Bundibugyo District,Bundibugyo District,Tooro,2023-06,20.18,54.8,80.36,0.079,12278,791,87,18,217,284221.3
Tooro|Bunyangabu District,Bunyangabu District,Tooro,2023-06,19.09,44.95,77.89,0.055,4154,283,58,7,9,207431.7
Ankole|Bushenyi District,Bushenyi District,Ankole,2023-06,20.52,28.71,72.07,0.074,1331,558,122,31,97,244629.8
Bukedi|Busia District,Busia District,Bukedi,2023-06,21.48,150.24,82.41,0.166,21262,1051,50,59,63,415561.5
Bukedi|Butaleja District,Butaleja District,Bukedi,2023-06,21.69,167.7,79.03,0.04,8592,588,144,26,0,331292.3
South Buganda|Butambala District,Butambala District,South Buganda,2023-06,21.28,92.42,78.65,0.05,4803,245,25,1,3,110597
Bukedi|Butebo District,Butebo District,Bukedi,2023-06,22.34,178.85,75.65,0.039,3133,133,31,6,3,125356.6
North Buganda|Buvuma District,Buvuma District,North Buganda,2023-06,23.85,150.24,71.08,3.172,2519,343,10,2,1,153778.7
Busoga|Buyende District,Buyende District,Busoga,2023-06,23.62,147,76.42,0.981,11792,211,15,23,8,467120.2
Lango|Dokolo District,Dokolo District,Lango,2023-06,22.97,220.93,78.13,0.317,15002,393,27,6,0,232263.7
Tooro|Fort Portal City,Fort Portal City,Tooro,2023-06,19.05,50.65,80.43,0.133,2033,293,145,54,15,121766.4
South Buganda|Gomba District,Gomba District,South Buganda,2023-06,21.28,50.43,76.87,0.067,3598,89,2,5,1,179807.4
Acholi|Gulu City,Gulu City,Acholi,2023-06,22.86,218.85,77.94,0.157,8600,705,112,30,163,224883.9
Acholi|Gulu District,Gulu District,Acholi,2023-06,23.6,202.13,75.95,0.054,10963,142,11,10,16,126653
Bunyoro|Hoima City,Hoima City,Bunyoro,2023-06,22.35,85.24,79.33,0.109,2335,206,33,51,0,134930.3
Bunyoro|Hoima District,Hoima District,Bunyoro,2023-06,24.18,70.96,75.54,1.439,5534,213,25,8,29,277041
Ankole|Ibanda District,Ibanda District,Ankole,2023-06,21.49,39.8,70.57,0.055,12478,306,18,26,44,290105.2
Busoga|Iganga District,Iganga District,Busoga,2023-06,22.06,146.48,82.59,0.076,27325,1117,43,70,7,435606.6
Ankole|Isingiro District,Isingiro District,Ankole,2023-06,21.53,14.77,67.9,0.079,14308,1809,138,55,368,656301.9
Busoga|Jinja City,Jinja City,Busoga,2023-06,21.71,137.44,86.25,0.825,6463,470,64,111,20,280132.5
Busoga|Jinja District,Jinja District,Busoga,2023-06,21.7,112.86,85.38,0.123,9367,489,20,2,21,254203.6
Karamoja|Kaabong District,Kaabong District,Karamoja,2023-06,22.97,63.5,59.54,0.046,5828,472,13,13,1310,134032.8
Kigezi|Kabale District,Kabale District,Kigezi,2023-06,18.83,10.91,66.08,0.169,480,643,99,22,11,256198.1
Tooro|Kabarole District,Kabarole District,Tooro,2023-06,21.01,51.57,77.16,0.061,4743,260,56,8,8,234756.8
Teso|Kaberamaido District,Kaberamaido District,Teso,2023-06,23.49,213.83,76.26,0.835,9655,72,17,26,1,148293.7
Bunyoro|Kagadi District,Kagadi District,Bunyoro,2023-06,22.5,64.23,78.38,0.343,2578,108,26,43,58,473403
Bunyoro|Kakumiro District,Kakumiro District,Bunyoro,2023-06,22.05,83.21,74.36,0.054,11528,364,55,28,13,600255.5
Teso|Kalaki District,Kalaki District,Teso,2023-06,23.25,220.61,76.45,0.403,8238,75,3,15,4,154975.4
South Buganda|Kalangala District,Kalangala District,South Buganda,2023-06,23.86,246.86,70.13,3.069,1144,148,49,,0,74296.4
Busoga|Kaliro District,Kaliro District,Busoga,2023-06,22.86,155.12,78.64,0.35,11719,640,112,9,46,317031.4
South Buganda|Kalungu District,Kalungu District,South Buganda,2023-06,21.5,77.83,78.21,0.212,3915,859,27,4,0,188683.1
Kampala|Kampala District,Kampala District,Kampala,2023-06,21.42,84.72,83.74,2.366,18525,2515,728,254,122,1761673.5
Busoga|Kamuli District,Kamuli District,Busoga,2023-06,22.27,120.07,82.87,0.098,26612,1277,76,23,37,594471.3
Tooro|Kamwenge District,Kamwenge District,Tooro,2023-06,21.49,41.58,71.9,0.056,15793,2117,24,49,238,370983.6
Kigezi|Kanungu District,Kanungu District,Kigezi,2023-06,20.67,39.43,77.35,0.196,4869,530,50,33,23,234756.8
Bugisu|Kapchorwa District,Kapchorwa District,Bugisu,2023-06,18.98,176.35,68.53,0.056,649,479,7,5,11,133534.2
Teso|Kapelebyong District,Kapelebyong District,Teso,2023-06,23.76,188.3,68.96,0.045,7300,156,33,14,9,112192.6
Karamoja|Karenga District,Karenga District,Karamoja,2023-06,22.43,85.34,65.72,0.05,2733,152,19,,291,72900.3
Tooro|Kasese District,Kasese District,Tooro,2023-06,20.9,34.47,70.75,0.436,21739,2773,250,185,66,841594.3
North Buganda|Kassanda District,Kassanda District,North Buganda,2023-06,21.18,47.98,78.61,0.138,4498,373,26,11,9,333187.2
Teso|Katakwi District,Katakwi District,Teso,2023-06,23.83,175.62,69.39,0.199,13689,237,16,80,323,209127
North Buganda|Kayunga District,Kayunga District,North Buganda,2023-06,22.52,109.75,80.89,0.333,10499,705,20,20,11,425933.1
Ankole|Kazo District,Kazo District,Ankole,2023-06,21.7,31.96,70.98,0.048,7770,392,70,7,0,239743.2
Bunyoro|Kibaale District,Kibaale District,Bunyoro,2023-06,21.64,78.65,75.09,0.061,3639,180,11,11,19,234158.5
North Buganda|Kiboga District,Kiboga District,North Buganda,2023-06,22.4,59.58,73.93,0.046,8708,582,43,23,46,182799.2
Bukedi|Kibuku District,Kibuku District,Bukedi,2023-06,22.29,160.88,79.06,0.067,16964,604,78,,0,277439.9
Bunyoro|Kikuube District,Kikuube District,Bunyoro,2023-06,23.58,67.28,76.61,1.098,20131,2170,70,32,179,413267.8
Ankole|Kiruhura District,Kiruhura District,Ankole,2023-06,21.52,22.18,70.89,0.088,4908,203,6,1,0,204739.1
Bunyoro|Kiryandongo District,Kiryandongo District,Bunyoro,2023-06,23.03,146.56,77.53,0.067,7890,931,203,57,145,338273.2
Kigezi|Kisoro District,Kisoro District,Kigezi,2023-06,17.28,29.66,74.45,0.155,1323,521,270,25,56,331292.3
Tooro|Kitagwenda District,Kitagwenda District,Tooro,2023-06,22.54,42.18,65.69,0.329,5160,126,6,6,5,197259.6
Acholi|Kitgum District,Kitgum District,Acholi,2023-06,23.23,148.62,70.07,0.057,21692,824,96,38,34,232263.7
West Nile|Koboko District,Koboko District,West Nile,2023-06,23.18,203.59,77.05,0.053,11849,317,21,80,93,286714.5
Lango|Kole District,Kole District,Lango,2023-06,22.96,209.67,76.69,0.045,8909,585,12,32,16,307956.3
Karamoja|Kotido District,Kotido District,Karamoja,2023-06,23.37,81.51,62.76,0.043,9260,354,240,12,4046,219099.7
Teso|Kumi District,Kumi District,Teso,2023-06,23.58,193.3,70.53,0.257,18263,269,18,37,78,308654.4
Lango|Kwania District,Kwania District,Lango,2023-06,23.25,205.41,77.74,0.505,7389,608,4,24,0,233959
Bugisu|Kween District,Kween District,Bugisu,2023-06,22.3,161.21,59.82,0.045,1681,492,37,,0,117677.6
North Buganda|Kyankwanzi District,Kyankwanzi District,North Buganda,2023-06,22.91,70.52,70.67,0.048,6259,673,10,4,19,323015
Tooro|Kyegegwa District,Kyegegwa District,Tooro,2023-06,21.33,46.82,73.19,0.054,9949,1813,48,21,181,550392.1
Tooro|Kyenjojo District,Kyenjojo District,Tooro,2023-06,21.21,57.35,77.22,0.057,8022,2496,169,49,49,582803.3
South Buganda|Kyotera District,Kyotera District,South Buganda,2023-06,22.56,78.27,74.49,0.983,10390,1139,85,3,14,270359.3
Acholi|Lamwo District,Lamwo District,Acholi,2023-06,23.4,165.56,73.51,0.058,24161,741,9,29,137,147695.4
Lango|Lira City,Lira City,Lango,2023-06,22.97,207.84,75.76,0.152,5903,522,62,20,29,261583.3
Lango|Lira District,Lira District,Lango,2023-06,23.22,223.99,74.85,0.042,9545,297,39,1,12,253006.8
Busoga|Luuka District,Luuka District,Busoga,2023-06,22.24,133.88,82.01,0.043,15970,384,44,2,1,280830.6
North Buganda|Luwero District,Luwero District,North Buganda,2023-06,21.54,91.52,84.44,0.064,20017,2277,213,51,57,556575.1
South Buganda|Lwengo District,Lwengo District,South Buganda,2023-06,21.26,30.59,75.09,0.056,6242,363,17,8,0,296388
South Buganda|Lyantonde District,Lyantonde District,South Buganda,2023-06,21.27,19.3,74.16,0.047,3991,423,26,11,0,119273.2
West Nile|Madi-Okollo District,Madi-Okollo District,West Nile,2023-06,25.55,127.71,68.13,0.104,21305,432,21,27,82,176316.9
Bugisu|Manafwa District,Manafwa District,Bugisu,2023-06,19.16,193.16,82.42,0.049,3498,298,85,4,21,185791
West Nile|Maracha District,Maracha District,West Nile,2023-06,22.88,184.92,75.47,0.04,17535,572,17,41,16,218900.3
South Buganda|Masaka City,Masaka City,South Buganda,2023-06,21.46,72.14,77.78,0.16,2356,444,46,58,0,236551.9
South Buganda|Masaka District,Masaka District,South Buganda,2023-06,22.76,134.38,74.74,1.847,2223,418,5,7,0,127251.4
Bunyoro|Masindi District,Masindi District,Bunyoro,2023-06,23.3,106.19,74.65,0.052,8724,535,107,11,17,365897.5
Busoga|Mayuge District,Mayuge District,Busoga,2023-06,23.16,119.63,75.94,2.229,14628,507,88,37,58,613519.1
Bugisu|Mbale City,Mbale City,Bugisu,2023-06,20.4,196.72,79.69,0.072,7053,457,57,81,23,347747.3
Bugisu|Mbale District,Mbale District,Bugisu,2023-06,19.76,190.34,81.24,0.048,7514,960,4,6,3,290204.9
Ankole|Mbarara City,Mbarara City,Ankole,2023-06,21.29,13.13,67.41,0.127,875,526,61,56,0,234058.7
Ankole|Mbarara District,Mbarara District,Ankole,2023-06,21.07,17.45,68.92,0.057,897,242,19,3,0,178810.1
Ankole|Mitooma District,Mitooma District,Ankole,2023-06,20.67,33.58,69.37,0.054,1645,389,32,2,0,198356.6
North Buganda|Mityana District,Mityana District,North Buganda,2023-06,21.17,79.19,80.82,0.212,15638,578,104,31,30,377765
Karamoja|Moroto District,Moroto District,Karamoja,2023-06,23.57,58.8,55.48,0.029,3904,422,64,20,558,125954.9
West Nile|Moyo District,Moyo District,West Nile,2023-06,24.64,167.63,74.23,0.14,9268,572,13,14,18,116082
South Buganda|Mpigi District,Mpigi District,South Buganda,2023-06,21.89,115.63,77.89,0.738,4496,667,39,14,8,304465.8
North Buganda|Mubende District,Mubende District,North Buganda,2023-06,21.12,46.64,76.53,0.056,10352,239,75,53,6,640046.4
North Buganda|Mukono District,Mukono District,North Buganda,2023-06,22.75,143.51,77.12,1.805,12116,1316,201,6,64,755430.3
Karamoja|Nabilatuk District,Nabilatuk District,Karamoja,2023-06,23.93,105.34,61.25,0.04,4309,149,70,13,850,102219.9
Karamoja|Nakapiripirit District,Nakapiripirit District,Karamoja,2023-06,22.98,132.98,61.74,0.043,4199,499,114,5,804,127750
North Buganda|Nakaseke District,Nakaseke District,North Buganda,2023-06,22.51,71.86,75.83,0.048,9834,309,95,19,13,254203.6
North Buganda|Nakasongola District,Nakasongola District,North Buganda,2023-06,23.49,90.22,73.2,0.271,8155,476,29,,0,232762.3
Busoga|Namayingo District,Namayingo District,Busoga,2023-06,23.59,109.34,72.98,2.909,17893,338,71,9,46,246724
Bugisu|Namisindwa District,Namisindwa District,Bugisu,2023-06,16.63,184.73,82.08,0.054,2067,149,11,9,0,247222.7
Busoga|Namutumba District,Namutumba District,Busoga,2023-06,22.19,156.38,81.59,0.039,8381,945,10,23,18,335480.9
Karamoja|Napak District,Napak District,Karamoja,2023-06,24.03,104.66,61.41,0.041,7513,664,108,14,872,165745.9
West Nile|Nebbi District,Nebbi District,West Nile,2023-06,24.74,87.78,66.89,0.036,20753,546,141,88,41,305463.1
Teso|Ngora District,Ngora District,Teso,2023-06,23.33,204.08,76.1,0.323,8138,258,184,62,5,177912.6
Tooro|Ntoroko District,Ntoroko District,Tooro,2023-06,24.7,51.47,73.39,0.462,1175,60,10,1,0,80479.5
Ankole|Ntungamo District,Ntungamo District,Ankole,2023-06,21.18,10.27,63.43,0.051,6182,1126,53,17,3,567644.8
Acholi|Nwoya District,Nwoya District,Acholi,2023-06,23.75,146.68,76.65,0.093,10267,374,26,19,36,313441.3
West Nile|Obongi District,Obongi District,West Nile,2023-06,25.48,175.88,73.48,0.258,9855,838,8,19,86,52157.1
Acholi|Omoro District,Omoro District,Acholi,2023-06,23.02,222.48,76.8,0.055,14908,291,8,8,42,215808.7
Lango|Otuke District,Otuke District,Lango,2023-06,23.57,223.96,70.45,0.045,6948,96,10,3,28,150188.5
Lango|Oyam District,Oyam District,Lango,2023-06,22.91,180.74,77.21,0.057,18135,820,51,79,122,490256.8
Acholi|Pader District,Pader District,Acholi,2023-06,23.58,223.9,74.13,0.054,25098,545,72,13,81,206135.2
West Nile|Pakwach District,Pakwach District,West Nile,2023-06,25.82,85.56,69.65,0.265,17006,173,54,38,0,218401.6
Bukedi|Pallisa District,Pallisa District,Bukedi,2023-06,22.92,180.56,78.4,0.343,5925,178,68,23,1,398408.5
South Buganda|Rakai District,Rakai District,South Buganda,2023-06,21.17,26.05,76.18,0.146,13777,1135,32,14,0,337974
Kigezi|Rubanda District,Rubanda District,Kigezi,2023-06,17.75,26.9,71.54,0.13,326,583,20,12,10,212816.9
Ankole|Rubirizi District,Rubirizi District,Ankole,2023-06,23.44,30.24,69.24,0.848,1984,109,6,17,0,151086.1
Kigezi|Rukiga District,Rukiga District,Kigezi,2023-06,20.23,14.6,63.95,0.044,709,381,15,3,1,106907.1
Kigezi|Rukungiri District,Rukungiri District,Kigezi,2023-06,21.52,33.34,72.16,0.236,4384,965,84,46,6,341065.6
Ankole|Rwampara District,Rwampara District,Ankole,2023-06,20.74,23.92,67.93,0.05,474,320,6,10,5,152681.7
South Buganda|Sembabule District,Sembabule District,South Buganda,2023-06,21.44,29.71,74.1,0.045,7332,280,76,1,0,318427.6
Teso|Serere District,Serere District,Teso,2023-06,23.59,194.48,74.87,0.886,17226,322,10,37,0,400702.2
Ankole|Sheema District,Sheema District,Ankole,2023-06,20.58,16.66,70.39,0.061,504,692,22,9,9,225681.7
Bugisu|Sironko District,Sironko District,Bugisu,2023-06,17.61,186.89,79.14,0.055,4980,543,29,16,17,289706.3
Teso|Soroti City,Soroti City,Teso,2023-06,23.11,251.76,75.8,0.117,8171,251,37,154,2,76989.1
Teso|Soroti District,Soroti District,Teso,2023-06,23.16,224.03,75.52,0.157,11017,232,4,17,0,322915.3
West Nile|Terego District,Terego District,West Nile,2023-06,25.18,159.75,68.85,0.048,23528,2045,43,44,148,250812.8
Bukedi|Tororo District,Tororo District,Bukedi,2023-06,21.21,174.14,79.65,0.041,14772,1718,125,78,104,637952.2
South Buganda|Wakiso District,Wakiso District,South Buganda,2023-06,21.88,123.24,80.63,1.141,23173,1508,452,58,39,3509684.4
West Nile|Yumbe District,Yumbe District,West Nile,2023-06,24.63,183.67,72.76,0.052,29548,937,95,116,207,772882.5
West Nile|Zombo District,Zombo District,West Nile,2023-06,21.33,123.78,75.94,0.049,13381,685,31,104,6,305263.7
Karamoja|Abim District,Abim District,Karamoja,2023-07,23.04,95.15,65.76,0.055,6155,173,26,11,379,182300.5
West Nile|Adjumani District,Adjumani District,West Nile,2023-07,24.54,99.12,73.36,0.096,27990,1826,153,52,218,239344.3
Acholi|Agago District,Agago District,Acholi,2023-07,22.94,106.34,70.59,0.058,35909,277,85,37,114,261782.8
Lango|Alebtong District,Alebtong District,Lango,2023-07,23.46,106.17,66.79,0.05,15584,417,37,30,41,285617.5
Lango|Amolatar District,Amolatar District,Lango,2023-07,23.93,39.91,70.17,1.566,4525,534,15,8,3,181502.7
Karamoja|Amudat District,Amudat District,Karamoja,2023-07,22.7,77.9,61.88,0.031,3631,608,28,8,270,151485
Teso|Amuria District,Amuria District,Teso,2023-07,23.26,105.35,67.63,0.049,12143,270,11,37,17,247821
Acholi|Amuru District,Amuru District,Acholi,2023-07,23.96,92.12,72.9,0.059,15697,371,6,36,32,231864.8
Lango|Apac District,Apac District,Lango,2023-07,23.56,42.5,68.94,0.178,13377,1225,19,21,5,248918
West Nile|Arua City,Arua City,West Nile,2023-07,23.14,79.16,69.77,0.064,10525,310,88,67,14,388435.8
West Nile|Arua District,Arua District,West Nile,2023-07,24.27,67.28,64.79,0.052,5420,78,3,27,25,167939.9
Bukedi|Budaka District,Budaka District,Bukedi,2023-07,21.92,70,71.57,0.04,7017,237,43,10,39,277838.8
Bugisu|Bududa District,Bududa District,Bugisu,2023-07,13.61,123.73,80.27,0.055,2342,1077,49,4,10,306360.7
Busoga|Bugiri District,Bugiri District,Busoga,2023-07,21.77,41.39,78.43,0.101,7797,612,92,56,7,534934.4
Busoga|Bugweri District,Bugweri District,Busoga,2023-07,21.76,38.5,78.87,0.058,9047,129,23,1,7,205038.3
Ankole|Buhweju District,Buhweju District,Ankole,2023-07,20.43,7.4,55.32,0.068,300,115,43,13,3,156471.3
North Buganda|Buikwe District,Buikwe District,North Buganda,2023-07,21.91,32.36,76.85,0.572,9185,957,69,25,13,498434.4
Teso|Bukedea District,Bukedea District,Teso,2023-07,22.46,129.18,67.6,0.046,11421,269,25,24,1,291002.7
South Buganda|Bukomansimbi District,Bukomansimbi District,South Buganda,2023-07,21.67,8.64,63.38,0.045,3122,724,41,1,16,157967.2
Bugisu|Bukwo District,Bukwo District,Bugisu,2023-07,18.58,122.39,64.46,0.054,674,720,26,,6,136825.1
Bugisu|Bulambuli District,Bulambuli District,Bugisu,2023-07,19.55,136.23,67.45,0.052,2659,731,25,13,22,263777.3
Bunyoro|Buliisa District,Buliisa District,Bunyoro,2023-07,25.23,45.82,68.35,1.417,7023,383,17,35,19,170832
Tooro|Bundibugyo District,Bundibugyo District,Tooro,2023-07,20.64,28.86,70.63,0.09,7291,655,44,23,209,284221.3
Tooro|Bunyangabu District,Bunyangabu District,Tooro,2023-07,19.87,16.52,62.67,0.058,2828,278,58,1,11,207431.7
Ankole|Bushenyi District,Bushenyi District,Ankole,2023-07,21.27,7.3,53.77,0.073,1253,655,137,39,49,244629.8
Bukedi|Busia District,Busia District,Bukedi,2023-07,21.4,46.54,77.68,0.166,15481,466,84,61,73,415561.5
Bukedi|Butaleja District,Butaleja District,Bukedi,2023-07,21.82,60.24,74.22,0.04,7994,615,89,27,2,331292.3
South Buganda|Butambala District,Butambala District,South Buganda,2023-07,21.72,15.85,67.45,0.052,4188,197,21,,0,110597
Bukedi|Butebo District,Butebo District,Bukedi,2023-07,22.41,85.1,70.94,0.04,2369,122,42,11,6,125356.6
North Buganda|Buvuma District,Buvuma District,North Buganda,2023-07,24.01,23.55,64.49,3.173,1531,221,2,2,2,153778.7
Busoga|Buyende District,Buyende District,Busoga,2023-07,23.64,45.21,71.55,0.985,9359,223,17,31,40,467120.2
Lango|Dokolo District,Dokolo District,Lango,2023-07,23.09,68.78,71.72,0.322,16883,716,38,18,0,232263.7
Tooro|Fort Portal City,Fort Portal City,Tooro,2023-07,19.52,16.86,67.99,0.137,1582,387,68,30,7,121766.4
South Buganda|Gomba District,Gomba District,South Buganda,2023-07,21.87,12.22,62.94,0.066,2937,40,4,10,2,179807.4
Acholi|Gulu City,Gulu City,Acholi,2023-07,23.03,92.06,72.81,0.159,8349,1687,191,30,44,224883.9
Acholi|Gulu District,Gulu District,Acholi,2023-07,23.59,100.07,72.57,0.053,10942,213,9,2,30,126653
Bunyoro|Hoima City,Hoima City,Bunyoro,2023-07,22.71,38.14,70.22,0.114,2234,225,32,55,2,134930.3
Bunyoro|Hoima District,Hoima District,Bunyoro,2023-07,24.43,39.94,68.58,1.439,4385,384,16,9,19,277041
Ankole|Ibanda District,Ibanda District,Ankole,2023-07,22.79,7.71,50.11,0.055,10837,309,21,17,39,290105.2
Busoga|Iganga District,Iganga District,Busoga,2023-07,21.97,38.62,77.45,0.08,25998,1335,53,46,12,435606.6
Ankole|Isingiro District,Isingiro District,Ankole,2023-07,22.35,0.02,47.88,0.074,10031,2302,119,54,240,656301.9
Busoga|Jinja City,Jinja City,Busoga,2023-07,21.62,28.55,80.05,0.828,4327,484,74,164,6,280132.5
Busoga|Jinja District,Jinja District,Busoga,2023-07,21.64,29.11,79.21,0.128,7566,611,25,,11,254203.6
Karamoja|Kaabong District,Kaabong District,Karamoja,2023-07,22.57,57.13,58.54,0.041,7140,660,27,9,1231,134032.8
Kigezi|Kabale District,Kabale District,Kigezi,2023-07,19.67,0.09,47.69,0.168,484,754,78,15,10,256198.1
Tooro|Kabarole District,Kabarole District,Tooro,2023-07,21.81,17.97,63.08,0.068,3659,197,67,5,5,234756.8
Teso|Kaberamaido District,Kaberamaido District,Teso,2023-07,23.58,55.06,70.46,0.838,6250,35,8,22,0,148293.7
Bunyoro|Kagadi District,Kagadi District,Bunyoro,2023-07,23.23,21.41,65.29,0.345,2714,175,31,38,46,473403
Bunyoro|Kakumiro District,Kakumiro District,Bunyoro,2023-07,23.13,14.86,56.83,0.056,5984,122,31,105,23,600255.5
Teso|Kalaki District,Kalaki District,Teso,2023-07,23.32,69.2,70.44,0.407,5875,85,4,19,2,154975.4
South Buganda|Kalangala District,Kalangala District,South Buganda,2023-07,23.87,17.65,63.83,3.07,799,186,64,3,0,74296.4
Busoga|Kaliro District,Kaliro District,Busoga,2023-07,22.8,47.83,74.14,0.354,8062,538,1849,15,33,317031.4
South Buganda|Kalungu District,Kalungu District,South Buganda,2023-07,21.81,13.51,66.8,0.213,4052,598,14,5,0,188683.1
Kampala|Kampala District,Kampala District,Kampala,2023-07,21.61,21.86,75.37,2.368,17352,2811,841,367,108,1761673.5
Busoga|Kamuli District,Kamuli District,Busoga,2023-07,22.28,42.33,76.58,0.104,18527,988,108,40,73,594471.3
Tooro|Kamwenge District,Kamwenge District,Tooro,2023-07,23.05,11.43,51.03,0.059,12506,2311,51,35,151,370983.6
Kigezi|Kanungu District,Kanungu District,Kigezi,2023-07,21.34,8.01,61.48,0.196,4481,549,83,33,68,234756.8
Bugisu|Kapchorwa District,Kapchorwa District,Bugisu,2023-07,18.62,140,68.27,0.058,498,419,38,18,4,133534.2
Teso|Kapelebyong District,Kapelebyong District,Teso,2023-07,23.69,106.7,64.17,0.049,7922,205,14,8,57,112192.6
Karamoja|Karenga District,Karenga District,Karamoja,2023-07,22.14,87.38,65.32,0.051,3061,195,29,16,191,72900.3
Tooro|Kasese District,Kasese District,Tooro,2023-07,21.81,15.53,54.69,0.436,17508,2353,269,136,79,841594.3
North Buganda|Kassanda District,Kassanda District,North Buganda,2023-07,21.76,11.67,64.63,0.139,3216,122,20,18,6,333187.2
Teso|Katakwi District,Katakwi District,Teso,2023-07,23.46,112.49,67.29,0.202,10168,268,6,36,59,209127
North Buganda|Kayunga District,Kayunga District,North Buganda,2023-07,22.64,32.87,73.38,0.337,8086,561,33,17,5,425933.1
Ankole|Kazo District,Kazo District,Ankole,2023-07,23.25,7.28,48.84,0.046,4585,105,155,1,0,239743.2
Bunyoro|Kibaale District,Kibaale District,Bunyoro,2023-07,22.76,15.82,55.87,0.067,1826,118,10,21,3,234158.5
North Buganda|Kiboga District,Kiboga District,North Buganda,2023-07,23.07,14.93,60.6,0.049,7844,751,60,29,14,182799.2
Bukedi|Kibuku District,Kibuku District,Bukedi,2023-07,22.35,61.24,74.28,0.069,21859,577,71,5,0,277439.9
Bunyoro|Kikuube District,Kikuube District,Bunyoro,2023-07,24.01,27.06,67.73,1.1,16047,1840,67,41,134,413267.8
Ankole|Kiruhura District,Kiruhura District,Ankole,2023-07,22.59,2.69,50.42,0.082,3874,200,5,2,0,204739.1
Bunyoro|Kiryandongo District,Kiryandongo District,Bunyoro,2023-07,23.46,55.1,68.94,0.069,6904,694,62,65,101,338273.2
Kigezi|Kisoro District,Kisoro District,Kigezi,2023-07,17.85,4.93,57.85,0.157,1272,629,193,28,45,331292.3
Tooro|Kitagwenda District,Kitagwenda District,Tooro,2023-07,23.78,8.25,47.85,0.329,3815,128,0,16,2,197259.6
Acholi|Kitgum District,Kitgum District,Acholi,2023-07,22.93,109.82,69.78,0.06,19676,1045,99,21,56,232263.7
West Nile|Koboko District,Koboko District,West Nile,2023-07,23.1,102.49,74.69,0.057,13017,515,14,48,50,286714.5
Lango|Kole District,Kole District,Lango,2023-07,23.12,77.69,70.48,0.05,9904,701,32,17,8,307956.3
Karamoja|Kotido District,Kotido District,Karamoja,2023-07,22.9,71.17,62.19,0.046,11500,681,357,24,2730,219099.7
Teso|Kumi District,Kumi District,Teso,2023-07,23.62,127.68,65.31,0.258,15266,310,19,33,49,308654.4
Lango|Kwania District,Kwania District,Lango,2023-07,23.4,51.09,71.68,0.509,9178,1363,8,34,0,233959
Bugisu|Kween District,Kween District,Bugisu,2023-07,21.79,116.19,59.99,0.044,1283,357,57,1,0,117677.6
North Buganda|Kyankwanzi District,Kyankwanzi District,North Buganda,2023-07,23.91,15.06,55.85,0.049,4185,398,21,3,41,323015
Tooro|Kyegegwa District,Kyegegwa District,Tooro,2023-07,22.55,9.77,53.2,0.055,8920,1595,71,16,111,550392.1
Tooro|Kyenjojo District,Kyenjojo District,Tooro,2023-07,22.2,16.7,60.31,0.061,6955,2357,79,31,53,582803.3
South Buganda|Kyotera District,Kyotera District,South Buganda,2023-07,22.78,3.88,62.78,0.983,7867,581,68,4,6,270359.3
Acholi|Lamwo District,Lamwo District,Acholi,2023-07,23.2,105.14,72.13,0.062,21564,1375,20,28,140,147695.4
Lango|Lira City,Lira City,Lango,2023-07,23.13,77.25,69.59,0.157,7097,631,83,21,31,261583.3
Lango|Lira District,Lira District,Lango,2023-07,23.26,91.65,69.9,0.048,9689,411,44,58,48,253006.8
Busoga|Luuka District,Luuka District,Busoga,2023-07,22.2,40.23,76.48,0.049,15898,334,36,4,5,280830.6
North Buganda|Luwero District,Luwero District,North Buganda,2023-07,21.61,27.01,75.41,0.068,19157,2105,96,51,65,556575.1
South Buganda|Lwengo District,Lwengo District,South Buganda,2023-07,21.95,1.52,57.94,0.052,5656,313,40,23,0,296388
South Buganda|Lyantonde District,Lyantonde District,South Buganda,2023-07,22.29,2.12,54.32,0.042,3135,344,38,12,0,119273.2
West Nile|Madi-Okollo District,Madi-Okollo District,West Nile,2023-07,25.77,67.27,63.38,0.106,21463,694,30,21,72,176316.9
Bugisu|Manafwa District,Manafwa District,Bugisu,2023-07,19.18,89,78.9,0.045,2869,249,71,4,0,185791
West Nile|Maracha District,Maracha District,West Nile,2023-07,22.96,101.27,72.13,0.043,16261,554,29,24,13,218900.3
South Buganda|Masaka City,Masaka City,South Buganda,2023-07,21.77,9,65.26,0.16,2282,597,31,50,4,236551.9
South Buganda|Masaka District,Masaka District,South Buganda,2023-07,22.92,12.9,65.47,1.849,1611,322,7,3,0,127251.4
Bunyoro|Masindi District,Masindi District,Bunyoro,2023-07,23.85,47.9,64.96,0.057,6976,440,107,26,11,365897.5
Busoga|Mayuge District,Mayuge District,Busoga,2023-07,23.22,21.87,69.88,2.23,13631,645,66,33,21,613519.1
Bugisu|Mbale City,Mbale City,Bugisu,2023-07,20.51,108.25,76.04,0.071,8186,740,78,70,59,347747.3
Bugisu|Mbale District,Mbale District,Bugisu,2023-07,19.89,97.21,77.47,0.047,8064,683,9,2,3,290204.9
Ankole|Mbarara City,Mbarara City,Ankole,2023-07,22.22,1.15,47.94,0.121,667,561,59,92,0,234058.7
Ankole|Mbarara District,Mbarara District,Ankole,2023-07,22.05,4.57,49.18,0.051,1532,355,19,3,0,178810.1
Ankole|Mitooma District,Mitooma District,Ankole,2023-07,21.54,6.67,50.73,0.05,1646,341,15,,0,198356.6
North Buganda|Mityana District,Mityana District,North Buganda,2023-07,21.49,13.73,69.66,0.215,12273,510,51,23,3,377765
Karamoja|Moroto District,Moroto District,Karamoja,2023-07,22.99,41.24,55.7,0.025,5563,499,31,23,562,125954.9
West Nile|Moyo District,Moyo District,West Nile,2023-07,24.4,105.72,73.27,0.143,8934,593,29,25,10,116082
South Buganda|Mpigi District,Mpigi District,South Buganda,2023-07,22.21,19.02,68.11,0.742,4088,857,57,10,6,304465.8
North Buganda|Mubende District,Mubende District,North Buganda,2023-07,21.98,10.57,59.33,0.055,9163,261,99,44,16,640046.4
North Buganda|Mukono District,Mukono District,North Buganda,2023-07,22.83,26.52,70.31,1.809,8276,1038,100,13,92,755430.3
Karamoja|Nabilatuk District,Nabilatuk District,Karamoja,2023-07,23.25,84.9,62.76,0.04,5112,234,55,31,687,102219.9
Karamoja|Nakapiripirit District,Nakapiripirit District,Karamoja,2023-07,22.39,99.66,62.48,0.043,5704,631,125,5,652,127750
North Buganda|Nakaseke District,Nakaseke District,North Buganda,2023-07,22.94,19.4,64.83,0.049,6951,355,38,19,23,254203.6
North Buganda|Nakasongola District,Nakasongola District,North Buganda,2023-07,23.72,27.97,65.37,0.272,9865,700,15,5,1,232762.3
Busoga|Namayingo District,Namayingo District,Busoga,2023-07,23.68,19.71,67.23,2.909,14526,740,36,8,28,246724
Bugisu|Namisindwa District,Namisindwa District,Bugisu,2023-07,16.43,102.59,80.64,0.052,1519,146,35,,0,247222.7
Busoga|Namutumba District,Namutumba District,Busoga,2023-07,22.19,46.5,76.74,0.041,9519,1320,33,11,6,335480.9
Karamoja|Napak District,Napak District,Karamoja,2023-07,23.42,75.44,62.24,0.042,7004,899,20,30,774,165745.9
West Nile|Nebbi District,Nebbi District,West Nile,2023-07,25.1,40.41,59.93,0.042,20327,886,117,82,0,305463.1
Teso|Ngora District,Ngora District,Teso,2023-07,23.31,100.19,71.1,0.324,7006,126,6,34,6,177912.6
Tooro|Ntoroko District,Ntoroko District,Tooro,2023-07,25.47,22.07,63.52,0.462,1002,66,11,2,4,80479.5
Ankole|Ntungamo District,Ntungamo District,Ankole,2023-07,22.28,3.19,43.11,0.048,5407,1136,59,34,10,567644.8
Acholi|Nwoya District,Nwoya District,Acholi,2023-07,23.96,68.7,70.51,0.093,10462,593,42,46,30,313441.3
West Nile|Obongi District,Obongi District,West Nile,2023-07,25.24,96.49,72.79,0.261,12014,1336,16,26,107,52157.1
Acholi|Omoro District,Omoro District,Acholi,2023-07,23.13,87.99,71.81,0.056,13763,496,10,8,29,215808.7
Lango|Otuke District,Otuke District,Lango,2023-07,23.39,113.97,66.92,0.05,9753,147,10,1,30,150188.5
Lango|Oyam District,Oyam District,Lango,2023-07,23.1,75.91,70.67,0.06,18972,1175,68,111,109,490256.8
Acholi|Pader District,Pader District,Acholi,2023-07,23.43,100.38,71.78,0.056,28364,954,124,8,70,206135.2
West Nile|Pakwach District,Pakwach District,West Nile,2023-07,26.01,44.57,64.52,0.271,14263,237,12,41,0,218401.6
Bukedi|Pallisa District,Pallisa District,Bukedi,2023-07,22.88,69.05,73.99,0.344,4585,223,37,38,18,398408.5
South Buganda|Rakai District,Rakai District,South Buganda,2023-07,21.75,0,57.64,0.14,9753,882,41,5,2,337974
Kigezi|Rubanda District,Rubanda District,Kigezi,2023-07,18.36,1.89,54.85,0.129,238,515,50,10,15,212816.9
Ankole|Rubirizi District,Rubirizi District,Ankole,2023-07,24.32,10.16,53.96,0.849,1678,85,16,1,0,151086.1
Kigezi|Rukiga District,Rukiga District,Kigezi,2023-07,21.18,1,45.24,0.043,535,232,15,4,0,106907.1
Kigezi|Rukungiri District,Rukungiri District,Kigezi,2023-07,22.31,5.47,55.62,0.234,3840,1047,127,29,15,341065.6
Ankole|Rwampara District,Rwampara District,Ankole,2023-07,21.77,9.02,47.9,0.047,411,240,17,16,0,152681.7
South Buganda|Sembabule District,Sembabule District,South Buganda,2023-07,22.33,5.82,56.44,0.041,5654,152,51,2,0,318427.6
Teso|Serere District,Serere District,Teso,2023-07,23.58,60.39,70.18,0.887,10298,287,17,30,0,400702.2
Ankole|Sheema District,Sheema District,Ankole,2023-07,21.56,6.65,49.91,0.058,533,686,43,29,0,225681.7
Bugisu|Sironko District,Sironko District,Bugisu,2023-07,17.5,135.9,77.73,0.055,6369,668,30,13,14,289706.3
Teso|Soroti City,Soroti City,Teso,2023-07,23.06,86.2,70.73,0.122,7679,237,23,24,6,76989.1
Teso|Soroti District,Soroti District,Teso,2023-07,23.16,87.81,70.18,0.162,8897,259,9,10,5,322915.3
West Nile|Terego District,Terego District,West Nile,2023-07,25.22,88.22,65.98,0.051,20445,2760,43,18,152,250812.8
Bukedi|Tororo District,Tororo District,Bukedi,2023-07,21.32,68.12,74.9,0.041,9408,1850,155,94,66,637952.2
South Buganda|Wakiso District,Wakiso District,South Buganda,2023-07,22.06,24.56,72.24,1.145,25136,2209,403,75,37,3509684.4
West Nile|Yumbe District,Yumbe District,West Nile,2023-07,24.36,93.05,72.1,0.056,34387,1232,108,64,119,772882.5
West Nile|Zombo District,Zombo District,West Nile,2023-07,21.68,46.94,69.71,0.055,15365,1189,17,66,5,305263.7
Karamoja|Abim District,Abim District,Karamoja,2023-08,24.57,84.01,51.74,0.046,7177,192,18,17,201,182300.5
West Nile|Adjumani District,Adjumani District,West Nile,2023-08,25.23,132.68,71.72,0.099,31469,2881,258,61,126,239344.3
Acholi|Agago District,Agago District,Acholi,2023-08,24.3,100.96,58.83,0.055,36565,317,50,17,105,261782.8
Lango|Alebtong District,Alebtong District,Lango,2023-08,25.21,114.85,55.11,0.048,11624,633,13,36,19,285617.5
Lango|Amolatar District,Amolatar District,Lango,2023-08,24.67,64.59,68.73,1.565,2223,265,14,5,3,181502.7
Karamoja|Amudat District,Amudat District,Karamoja,2023-08,23.29,70.38,53.11,0.025,3139,535,39,10,182,151485
Teso|Amuria District,Amuria District,Teso,2023-08,25.19,126.16,53.65,0.046,11493,401,21,67,13,247821
Acholi|Amuru District,Amuru District,Acholi,2023-08,24.71,123.26,70.65,0.063,10353,345,21,17,35,231864.8
Lango|Apac District,Apac District,Lango,2023-08,24.22,71.1,67.82,0.174,10245,1061,80,37,14,248918
West Nile|Arua City,Arua City,West Nile,2023-08,23.25,121.62,71.64,0.067,7962,285,48,87,30,388435.8
West Nile|Arua District,Arua District,West Nile,2023-08,24.38,109.29,66.82,0.054,4451,114,4,35,16,167939.9
Bukedi|Budaka District,Budaka District,Bukedi,2023-08,23.17,111.45,64.28,0.04,5351,230,74,9,20,277838.8
Bugisu|Bududa District,Bududa District,Bugisu,2023-08,14.11,169.77,74.26,0.062,2593,1000,66,2,14,306360.7
Busoga|Bugiri District,Bugiri District,Busoga,2023-08,22.77,90.4,73.52,0.097,6944,924,90,71,1,534934.4
Busoga|Bugweri District,Bugweri District,Busoga,2023-08,22.75,91,74.56,0.056,8808,94,21,11,5,205038.3
Ankole|Buhweju District,Buhweju District,Ankole,2023-08,21.4,32.28,57.91,0.063,303,103,37,10,0,156471.3
North Buganda|Buikwe District,Buikwe District,North Buganda,2023-08,22.48,57.24,78.11,0.573,6292,933,89,31,16,498434.4
Teso|Bukedea District,Bukedea District,Teso,2023-08,23.66,124.38,60.05,0.043,8970,221,22,22,0,291002.7
South Buganda|Bukomansimbi District,Bukomansimbi District,South Buganda,2023-08,22.61,27.27,65.9,0.032,2155,434,59,13,5,157967.2
Bugisu|Bukwo District,Bukwo District,Bugisu,2023-08,19.08,124.71,58.25,0.057,911,1418,42,,9,136825.1
Bugisu|Bulambuli District,Bulambuli District,Bugisu,2023-08,20.4,135.19,59.77,0.052,3163,724,40,13,4,263777.3
Bunyoro|Buliisa District,Buliisa District,Bunyoro,2023-08,25.73,62.46,70.35,1.414,2976,212,21,26,13,170832
Tooro|Bundibugyo District,Bundibugyo District,Tooro,2023-08,20.59,76.2,76.66,0.091,5587,677,28,28,271,284221.3
Tooro|Bunyangabu District,Bunyangabu District,Tooro,2023-08,20,53.28,68.72,0.053,2000,152,74,14,6,207431.7
Ankole|Bushenyi District,Bushenyi District,Ankole,2023-08,22.56,29.55,53.9,0.066,1471,428,67,15,50,244629.8
Bukedi|Busia District,Busia District,Bukedi,2023-08,22.37,99.82,72.8,0.164,18088,643,79,78,47,415561.5
Bukedi|Butaleja District,Butaleja District,Bukedi,2023-08,22.91,115.25,68.01,0.041,6006,609,85,28,5,331292.3
South Buganda|Butambala District,Butambala District,South Buganda,2023-08,22.26,38.4,70.95,0.046,2333,162,31,20,0,110597
Bukedi|Butebo District,Butebo District,Bukedi,2023-08,23.63,117.46,64.17,0.039,2141,213,13,10,13,125356.6
North Buganda|Buvuma District,Buvuma District,North Buganda,2023-08,24.35,36.28,66.61,3.173,1671,206,7,5,0,153778.7
Busoga|Buyende District,Buyende District,Busoga,2023-08,24.61,69.36,68.63,0.983,8023,289,16,33,76,467120.2
Lango|Dokolo District,Dokolo District,Lango,2023-08,24.1,106.34,67.11,0.322,10786,632,33,10,0,232263.7
Tooro|Fort Portal City,Fort Portal City,Tooro,2023-08,19.4,56.65,77.43,0.135,1202,303,68,6,19,121766.4
South Buganda|Gomba District,Gomba District,South Buganda,2023-08,22.75,37.09,65.31,0.061,2539,59,6,7,5,179807.4
Acholi|Gulu City,Gulu City,Acholi,2023-08,23.75,108.07,70.31,0.163,6933,539,95,22,81,224883.9
Acholi|Gulu District,Gulu District,Acholi,2023-08,24.5,98.52,67.96,0.057,8938,188,4,3,13,126653
Bunyoro|Hoima City,Hoima City,Bunyoro,2023-08,22.81,86.67,76.42,0.11,1488,443,31,28,1,134930.3
Bunyoro|Hoima District,Hoima District,Bunyoro,2023-08,24.67,64.37,72.26,1.436,2478,181,17,17,12,277041
Ankole|Ibanda District,Ibanda District,Ankole,2023-08,23.59,34.52,53.36,0.05,8381,403,28,25,27,290105.2
Busoga|Iganga District,Iganga District,Busoga,2023-08,23.03,93.57,73.1,0.076,24630,1262,32,45,17,435606.6
Ankole|Isingiro District,Isingiro District,Ankole,2023-08,22.78,9.17,55.23,0.065,5019,1760,147,53,340,656301.9
Busoga|Jinja City,Jinja City,Busoga,2023-08,22.38,71.9,79.5,0.827,4486,657,70,196,25,280132.5
Busoga|Jinja District,Jinja District,Busoga,2023-08,22.46,77.91,78.06,0.127,6369,289,37,,21,254203.6
Karamoja|Kaabong District,Kaabong District,Karamoja,2023-08,23.12,35.44,50.93,0.033,4246,484,10,18,990,134032.8
Kigezi|Kabale District,Kabale District,Kigezi,2023-08,20.6,2.69,49.65,0.157,457,683,134,28,19,256198.1
Tooro|Kabarole District,Kabarole District,Tooro,2023-08,21.75,54.46,71.16,0.066,2797,194,46,8,8,234756.8
Teso|Kaberamaido District,Kaberamaido District,Teso,2023-08,24.48,97.57,67.17,0.837,6616,104,26,8,3,148293.7
Bunyoro|Kagadi District,Kagadi District,Bunyoro,2023-08,23.38,67.52,72.23,0.343,4294,118,28,54,40,473403
Bunyoro|Kakumiro District,Kakumiro District,Bunyoro,2023-08,23.16,82.71,65.8,0.051,2676,142,30,14,18,600255.5
Teso|Kalaki District,Kalaki District,Teso,2023-08,24.69,117.93,62.54,0.408,4226,125,5,23,2,154975.4
South Buganda|Kalangala District,Kalangala District,South Buganda,2023-08,24.12,51.73,67.83,3.069,559,97,69,1,0,74296.4
Busoga|Kaliro District,Kaliro District,Busoga,2023-08,24,98.27,68.19,0.352,9240,650,76,16,25,317031.4
South Buganda|Kalungu District,Kalungu District,South Buganda,2023-08,22.52,26.42,70,0.203,2952,437,28,4,1,188683.1
Kampala|Kampala District,Kampala District,Kampala,2023-08,22.12,45.95,77.23,2.368,15018,3240,650,485,69,1761673.5
Busoga|Kamuli District,Kamuli District,Busoga,2023-08,23.15,76.1,75.56,0.101,21747,1279,126,67,50,594471.3
Tooro|Kamwenge District,Kamwenge District,Tooro,2023-08,23.44,46.41,56.8,0.054,11317,1869,60,42,124,370983.6
Kigezi|Kanungu District,Kanungu District,Kigezi,2023-08,21.94,20.44,66.73,0.19,4501,1096,64,29,45,234756.8
Bugisu|Kapchorwa District,Kapchorwa District,Bugisu,2023-08,19.17,141.81,61.93,0.06,712,804,13,17,4,133534.2
Teso|Kapelebyong District,Kapelebyong District,Teso,2023-08,25.7,106.42,48.97,0.044,6298,207,13,16,58,112192.6
Karamoja|Karenga District,Karenga District,Karamoja,2023-08,23.1,46.46,53.25,0.043,3062,227,22,6,144,72900.3
Tooro|Kasese District,Kasese District,Tooro,2023-08,22.3,40.62,58.42,0.431,13802,1768,376,135,50,841594.3
North Buganda|Kassanda District,Kassanda District,North Buganda,2023-08,22.61,50.47,67,0.134,3522,131,19,31,17,333187.2
Teso|Katakwi District,Katakwi District,Teso,2023-08,25.29,124.48,52.64,0.196,10516,293,34,35,153,209127
North Buganda|Kayunga District,Kayunga District,North Buganda,2023-08,23.41,59.23,73.74,0.335,7868,626,34,11,0,425933.1
Ankole|Kazo District,Kazo District,Ankole,2023-08,24.05,34.94,52.43,0.045,2920,132,33,4,0,239743.2
Bunyoro|Kibaale District,Kibaale District,Bunyoro,2023-08,22.98,77.47,63.78,0.064,1495,82,20,4,15,234158.5
North Buganda|Kiboga District,Kiboga District,North Buganda,2023-08,23.53,55.92,65.11,0.044,4343,449,65,50,35,182799.2
Bukedi|Kibuku District,Kibuku District,Bukedi,2023-08,23.45,100.12,68.6,0.069,17514,399,74,1,1,277439.9
Bunyoro|Kikuube District,Kikuube District,Bunyoro,2023-08,24.19,65.48,72.83,1.097,8470,810,56,42,98,413267.8
Ankole|Kiruhura District,Kiruhura District,Ankole,2023-08,23.27,21.14,55.38,0.075,2207,99,3,2,0,204739.1
Bunyoro|Kiryandongo District,Kiryandongo District,Bunyoro,2023-08,23.95,75.45,70.51,0.068,7224,761,67,73,111,338273.2
Kigezi|Kisoro District,Kisoro District,Kigezi,2023-08,18.69,18.87,60.27,0.147,901,450,253,29,81,331292.3
Tooro|Kitagwenda District,Kitagwenda District,Tooro,2023-08,24.45,37.83,51.61,0.324,2489,48,5,8,4,197259.6
Acholi|Kitgum District,Kitgum District,Acholi,2023-08,24.2,84.31,57.99,0.056,20624,1183,145,28,75,232263.7
West Nile|Koboko District,Koboko District,West Nile,2023-08,23.52,133.29,74.99,0.061,12364,281,22,63,46,286714.5
Lango|Kole District,Kole District,Lango,2023-08,24.06,96.86,65.98,0.047,6877,965,15,21,14,307956.3
Karamoja|Kotido District,Kotido District,Karamoja,2023-08,24.16,55.01,49.49,0.035,13916,727,177,29,2608,219099.7
Teso|Kumi District,Kumi District,Teso,2023-08,24.94,122.2,56.98,0.255,12103,410,18,37,30,308654.4
Lango|Kwania District,Kwania District,Lango,2023-08,24.22,86.93,68.66,0.506,5284,1185,22,40,0,233959
Bugisu|Kween District,Kween District,Bugisu,2023-08,22.02,120.88,55.38,0.04,1502,403,70,,2,117677.6
North Buganda|Kyankwanzi District,Kyankwanzi District,North Buganda,2023-08,23.77,77.38,64.55,0.047,2683,234,6,7,5,323015
Tooro|Kyegegwa District,Kyegegwa District,Tooro,2023-08,23.3,62.3,57.16,0.049,8030,1729,32,31,188,550392.1
Tooro|Kyenjojo District,Kyenjojo District,Tooro,2023-08,22.29,64.19,68.62,0.058,5926,1638,97,102,44,582803.3
South Buganda|Kyotera District,Kyotera District,South Buganda,2023-08,23.23,26,68.29,0.975,5441,618,36,21,8,270359.3
Acholi|Lamwo District,Lamwo District,Acholi,2023-08,24.35,99.24,64.26,0.062,15340,1286,32,35,209,147695.4
Lango|Lira City,Lira City,Lango,2023-08,24.19,105.39,63.98,0.153,5867,789,78,45,14,261583.3
Lango|Lira District,Lira District,Lango,2023-08,24.44,103.74,63.08,0.046,7723,627,24,36,43,253006.8
Busoga|Luuka District,Luuka District,Busoga,2023-08,23.24,94.34,72.75,0.046,17917,408,157,2,5,280830.6
North Buganda|Luwero District,Luwero District,North Buganda,2023-08,22.35,59.77,77.45,0.065,11283,1361,129,73,82,556575.1
South Buganda|Lwengo District,Lwengo District,South Buganda,2023-08,22.73,20.25,62.65,0.041,4092,345,66,9,0,296388
South Buganda|Lyantonde District,Lyantonde District,South Buganda,2023-08,23.23,24.24,57.74,0.03,1591,132,32,1,0,119273.2
West Nile|Madi-Okollo District,Madi-Okollo District,West Nile,2023-08,26.06,103.46,64.49,0.105,11885,368,13,13,29,176316.9
Bugisu|Manafwa District,Manafwa District,Bugisu,2023-08,19.72,146.72,75.55,0.052,4701,366,72,6,0,185791
West Nile|Maracha District,Maracha District,West Nile,2023-08,23.2,130.43,73.4,0.045,8162,450,18,23,22,218900.3
South Buganda|Masaka City,Masaka City,South Buganda,2023-08,22.51,24.97,68.83,0.146,1868,383,74,30,0,236551.9
South Buganda|Masaka District,Masaka District,South Buganda,2023-08,23.36,30.32,69.8,1.843,923,442,12,26,0,127251.4
Bunyoro|Masindi District,Masindi District,Bunyoro,2023-08,23.93,78.55,70.7,0.054,3335,337,81,27,18,365897.5
Busoga|Mayuge District,Mayuge District,Busoga,2023-08,23.8,38.06,69.23,2.229,14502,460,84,43,18,613519.1
Bugisu|Mbale City,Mbale City,Bugisu,2023-08,21.49,146.61,70.23,0.074,7484,761,49,107,34,347747.3
Bugisu|Mbale District,Mbale District,Bugisu,2023-08,20.6,154.35,73.08,0.052,6697,903,31,1,33,290204.9
Ankole|Mbarara City,Mbarara City,Ankole,2023-08,22.79,11.32,53.3,0.114,582,584,65,87,0,234058.7
Ankole|Mbarara District,Mbarara District,Ankole,2023-08,22.74,19.75,53.69,0.047,1377,291,22,7,0,178810.1
Ankole|Mitooma District,Mitooma District,Ankole,2023-08,22.76,22.59,51.24,0.042,1375,342,13,4,0,198356.6
North Buganda|Mityana District,Mityana District,North Buganda,2023-08,22.09,46.94,73.17,0.212,7256,294,66,40,13,377765
Karamoja|Moroto District,Moroto District,Karamoja,2023-08,24.04,36.31,44.61,0.02,4921,774,54,18,623,125954.9
West Nile|Moyo District,Moyo District,West Nile,2023-08,25.05,121.41,71.62,0.147,11528,1123,49,20,23,116082
South Buganda|Mpigi District,Mpigi District,South Buganda,2023-08,22.62,39.58,72.17,0.737,2763,601,105,13,1,304465.8
North Buganda|Mubende District,Mubende District,North Buganda,2023-08,22.87,60.5,62.37,0.051,7247,223,47,42,10,640046.4
North Buganda|Mukono District,Mukono District,North Buganda,2023-08,23.27,49.41,72.87,1.808,7217,1195,152,23,94,755430.3
Karamoja|Nabilatuk District,Nabilatuk District,Karamoja,2023-08,24.86,79.12,47.86,0.029,4192,193,54,13,601,102219.9
Karamoja|Nakapiripirit District,Nakapiripirit District,Karamoja,2023-08,23.45,90.9,51.67,0.036,5522,668,166,7,714,127750
North Buganda|Nakaseke District,Nakaseke District,North Buganda,2023-08,23.26,61.38,69.86,0.044,4229,244,19,22,8,254203.6
North Buganda|Nakasongola District,Nakasongola District,North Buganda,2023-08,24.22,63.47,67.78,0.267,8400,648,29,,2,232762.3
Busoga|Namayingo District,Namayingo District,Busoga,2023-08,24.24,28.65,66.11,2.908,12990,893,21,11,28,246724
Bugisu|Namisindwa District,Namisindwa District,Bugisu,2023-08,16.99,158.32,75.86,0.058,3650,244,29,6,0,247222.7
Busoga|Namutumba District,Namutumba District,Busoga,2023-08,23.25,105.51,71.74,0.039,7027,703,11,23,27,335480.9
Karamoja|Napak District,Napak District,Karamoja,2023-08,24.96,73.37,47.73,0.03,6334,841,56,18,633,165745.9
West Nile|Nebbi District,Nebbi District,West Nile,2023-08,25.39,80.27,61.81,0.039,9748,900,141,83,15,305463.1
Teso|Ngora District,Ngora District,Teso,2023-08,24.48,121.39,64.17,0.322,5287,101,71,81,0,177912.6
Tooro|Ntoroko District,Ntoroko District,Tooro,2023-08,25.36,59.45,68.73,0.458,609,53,10,,14,80479.5
Ankole|Ntungamo District,Ntungamo District,Ankole,2023-08,22.88,8.38,48.19,0.038,3864,871,59,37,13,567644.8
Acholi|Nwoya District,Nwoya District,Acholi,2023-08,24.55,98.32,70.69,0.093,8130,638,26,30,32,313441.3
West Nile|Obongi District,Obongi District,West Nile,2023-08,25.83,111.43,71.46,0.264,12186,1441,8,18,86,52157.1
Acholi|Omoro District,Omoro District,Acholi,2023-08,23.96,94.9,68.12,0.057,12822,435,6,17,29,215808.7
Lango|Otuke District,Otuke District,Lango,2023-08,25.03,101.78,54.65,0.046,6961,177,4,3,43,150188.5
Lango|Oyam District,Oyam District,Lango,2023-08,23.93,88.75,67.59,0.058,12680,1302,41,140,122,490256.8
Acholi|Pader District,Pader District,Acholi,2023-08,24.52,89.09,64.33,0.056,25450,694,53,23,34,206135.2
West Nile|Pakwach District,Pakwach District,West Nile,2023-08,26.44,74.59,65.98,0.266,6919,157,23,52,11,218401.6
Bukedi|Pallisa District,Pallisa District,Bukedi,2023-08,23.99,106.21,68.57,0.346,4031,234,36,28,1,398408.5
South Buganda|Rakai District,Rakai District,South Buganda,2023-08,22.37,15.64,64.3,0.13,5817,649,61,8,1,337974
Kigezi|Rubanda District,Rubanda District,Kigezi,2023-08,19.04,10.86,59.06,0.119,184,435,51,10,6,212816.9
Ankole|Rubirizi District,Rubirizi District,Ankole,2023-08,25.33,36.71,54.56,0.844,2159,80,2,4,0,151086.1
Kigezi|Rukiga District,Rukiga District,Kigezi,2023-08,21.87,6.72,49.28,0.032,507,215,17,8,7,106907.1
Kigezi|Rukungiri District,Rukungiri District,Kigezi,2023-08,23.15,19.84,58.66,0.226,3536,1161,128,18,16,341065.6
Ankole|Rwampara District,Rwampara District,Ankole,2023-08,22.28,12.8,53.53,0.039,158,232,7,3,0,152681.7
South Buganda|Sembabule District,Sembabule District,South Buganda,2023-08,23.43,31.22,58.37,0.035,3816,120,25,,0,318427.6
Teso|Serere District,Serere District,Teso,2023-08,24.77,98.49,64.24,0.886,7710,209,15,34,0,400702.2
Ankole|Sheema District,Sheema District,Ankole,2023-08,22.34,19,53.94,0.049,463,744,41,9,0,225681.7
Bugisu|Sironko District,Sironko District,Bugisu,2023-08,18.28,160.4,71.42,0.061,5554,668,47,13,0,289706.3
Teso|Soroti City,Soroti City,Teso,2023-08,24.58,114.99,60.81,0.118,5924,145,27,32,8,76989.1
Teso|Soroti District,Soroti District,Teso,2023-08,24.72,120.83,59.77,0.16,5602,173,8,22,10,322915.3
West Nile|Terego District,Terego District,West Nile,2023-08,25.51,118.56,66.74,0.053,18170,1699,37,39,128,250812.8
Bukedi|Tororo District,Tororo District,Bukedi,2023-08,22.21,114.72,69.84,0.042,8323,1775,63,85,64,637952.2
South Buganda|Wakiso District,Wakiso District,South Buganda,2023-08,22.53,43.29,75.41,1.142,20068,1942,403,65,42,3509684.4
West Nile|Yumbe District,Yumbe District,West Nile,2023-08,24.9,116.47,71.21,0.06,39933,1175,100,63,202,772882.5
West Nile|Zombo District,Zombo District,West Nile,2023-08,21.75,112.87,72.28,0.056,7598,898,38,63,4,305263.7
Karamoja|Abim District,Abim District,Karamoja,2023-09,24.1,130.71,63.51,0.042,8708,268,103,14,162,182300.5
West Nile|Adjumani District,Adjumani District,West Nile,2023-09,25.26,116.11,73.57,0.094,26135,1841,134,55,139,239344.3
Acholi|Agago District,Agago District,Acholi,2023-09,24.06,130.24,67.55,0.054,23028,226,33,11,79,261782.8
Lango|Alebtong District,Alebtong District,Lango,2023-09,24.2,164.53,68.83,0.05,5263,254,10,34,18,285617.5
Lango|Amolatar District,Amolatar District,Lango,2023-09,24.22,137.51,74.46,1.565,6204,327,9,10,0,181502.7
Karamoja|Amudat District,Amudat District,Karamoja,2023-09,23.36,124.03,60.68,0.025,2097,243,11,6,384,151485
Teso|Amuria District,Amuria District,Teso,2023-09,23.86,179.34,70.55,0.047,12629,132,42,13,16,247821
Acholi|Amuru District,Amuru District,Acholi,2023-09,24.68,121.98,73.72,0.058,8600,275,8,29,40,231864.8
Lango|Apac District,Apac District,Lango,2023-09,23.81,124.43,74.7,0.171,5296,472,2,47,16,248918
West Nile|Arua City,Arua City,West Nile,2023-09,23.11,148.54,74.86,0.06,4945,253,266,22,16,388435.8
West Nile|Arua District,Arua District,West Nile,2023-09,24.08,134.91,71.12,0.043,1550,61,1,20,9,167939.9
Bukedi|Budaka District,Budaka District,Bukedi,2023-09,22.44,193.75,73.94,0.04,3665,222,109,1,27,277838.8
Bugisu|Bududa District,Bududa District,Bugisu,2023-09,14.15,215.23,81.18,0.057,1803,647,162,7,10,306360.7
Busoga|Bugiri District,Bugiri District,Busoga,2023-09,22.36,189.46,80.58,0.099,5683,498,54,74,6,534934.4
Busoga|Bugweri District,Bugweri District,Busoga,2023-09,22.37,178.09,81,0.057,6655,78,27,4,24,205038.3
Ankole|Buhweju District,Buhweju District,Ankole,2023-09,20.05,128.48,77.58,0.057,264,53,16,7,5,156471.3
North Buganda|Buikwe District,Buikwe District,North Buganda,2023-09,22.18,125.49,82.91,0.566,8090,623,49,38,14,498434.4
Teso|Bukedea District,Bukedea District,Teso,2023-09,22.74,192.63,71.95,0.044,7757,169,18,5,3,291002.7
South Buganda|Bukomansimbi District,Bukomansimbi District,South Buganda,2023-09,22.29,133.83,74.5,0.034,2450,343,33,,0,157967.2
Bugisu|Bukwo District,Bukwo District,Bugisu,2023-09,19.25,158.39,64.44,0.05,684,783,56,,1,136825.1
Bugisu|Bulambuli District,Bulambuli District,Bugisu,2023-09,19.95,184.25,70,0.051,2534,641,41,14,8,263777.3
Bunyoro|Buliisa District,Buliisa District,Bunyoro,2023-09,25.43,121.27,74.61,1.409,1535,112,15,24,12,170832
Tooro|Bundibugyo District,Bundibugyo District,Tooro,2023-09,20.4,94.84,80.79,0.082,6726,481,43,15,185,284221.3
Tooro|Bunyangabu District,Bunyangabu District,Tooro,2023-09,19.33,110.26,79.72,0.05,1915,154,73,16,3,207431.7
Ankole|Bushenyi District,Bushenyi District,Ankole,2023-09,20.67,127.38,76.77,0.061,1360,258,16,40,16,244629.8
Bukedi|Busia District,Busia District,Bukedi,2023-09,21.94,190.75,79.67,0.163,13741,889,85,26,74,415561.5
Bukedi|Butaleja District,Butaleja District,Bukedi,2023-09,22.37,166.53,76.02,0.041,4755,479,106,23,10,331292.3
South Buganda|Butambala District,Butambala District,South Buganda,2023-09,22.08,127.25,77.57,0.042,2269,90,20,,0,110597
Bukedi|Butebo District,Butebo District,Bukedi,2023-09,22.85,209.64,74.06,0.039,2312,173,18,11,27,125356.6
North Buganda|Buvuma District,Buvuma District,North Buganda,2023-09,23.84,86.14,73.19,3.172,1637,123,11,,2,153778.7
Busoga|Buyende District,Buyende District,Busoga,2023-09,24.13,144.22,74.73,0.982,7661,246,6,27,27,467120.2
Lango|Dokolo District,Dokolo District,Lango,2023-09,23.64,188.27,74.99,0.322,6811,306,15,30,0,232263.7
Tooro|Fort Portal City,Fort Portal City,Tooro,2023-09,19.13,96.93,84.32,0.128,1109,309,202,6,17,121766.4
South Buganda|Gomba District,Gomba District,South Buganda,2023-09,22.3,120.68,74.78,0.059,2692,31,2,5,3,179807.4
Acholi|Gulu City,Gulu City,Acholi,2023-09,23.65,136.75,74.71,0.161,7176,647,91,1,117,224883.9
Acholi|Gulu District,Gulu District,Acholi,2023-09,24.43,125.78,72.47,0.055,7299,192,17,10,8,126653
Bunyoro|Hoima City,Hoima City,Bunyoro,2023-09,22.6,112.02,81.85,0.104,1358,158,27,88,0,134930.3
Bunyoro|Hoima District,Hoima District,Bunyoro,2023-09,24.4,94.37,76.86,1.434,1970,95,10,9,11,277041
Ankole|Ibanda District,Ibanda District,Ankole,2023-09,21.95,103.91,72.48,0.049,9399,443,60,34,22,290105.2
Busoga|Iganga District,Iganga District,Busoga,2023-09,22.64,181.53,79.39,0.075,16929,837,26,28,21,435606.6
Ankole|Isingiro District,Isingiro District,Ankole,2023-09,22.1,137.91,68.65,0.067,3394,1338,101,61,226,656301.9
Busoga|Jinja City,Jinja City,Busoga,2023-09,22.14,158.93,84.11,0.822,5466,481,64,103,18,280132.5
Busoga|Jinja District,Jinja District,Busoga,2023-09,22.26,156.13,82.63,0.121,8458,289,29,5,16,254203.6
Karamoja|Kaabong District,Kaabong District,Karamoja,2023-09,23.47,46.16,57.64,0.027,4239,410,18,16,835,134032.8
Kigezi|Kabale District,Kabale District,Kigezi,2023-09,18.84,87.77,73.57,0.157,416,620,105,35,24,256198.1
Tooro|Kabarole District,Kabarole District,Tooro,2023-09,21.27,93.68,78.68,0.056,2243,121,42,13,1,234756.8
Teso|Kaberamaido District,Kaberamaido District,Teso,2023-09,23.98,170.65,74.77,0.837,7137,152,13,16,2,148293.7
Bunyoro|Kagadi District,Kagadi District,Bunyoro,2023-09,22.87,80.9,79.11,0.337,4938,167,23,58,25,473403
Bunyoro|Kakumiro District,Kakumiro District,Bunyoro,2023-09,22.5,85.22,75.88,0.046,2161,59,40,32,20,600255.5
Teso|Kalaki District,Kalaki District,Teso,2023-09,23.88,183.37,73.77,0.408,7232,111,10,23,1,154975.4
South Buganda|Kalangala District,Kalangala District,South Buganda,2023-09,23.82,125.47,73.1,3.069,317,66,40,1,0,74296.4
Busoga|Kaliro District,Kaliro District,Busoga,2023-09,23.47,187.85,75.96,0.35,8463,529,80,8,19,317031.4
South Buganda|Kalungu District,Kalungu District,South Buganda,2023-09,22.38,116.23,76.62,0.204,2489,329,22,8,0,188683.1
Kampala|Kampala District,Kampala District,Kampala,2023-09,21.91,132.18,82.92,2.367,15287,2360,672,470,93,1761673.5
Busoga|Kamuli District,Kamuli District,Busoga,2023-09,22.96,149.53,79.8,0.097,26801,1315,159,62,48,594471.3
Tooro|Kamwenge District,Kamwenge District,Tooro,2023-09,22.21,100.52,71.32,0.049,9342,1355,36,39,102,370983.6
Kigezi|Kanungu District,Kanungu District,Kigezi,2023-09,20.88,121.24,79.33,0.189,5612,543,48,38,33,234756.8
Bugisu|Kapchorwa District,Kapchorwa District,Bugisu,2023-09,19.11,185.37,69.26,0.058,560,560,24,7,24,133534.2
Teso|Kapelebyong District,Kapelebyong District,Teso,2023-09,24.22,156.01,67.36,0.045,6567,255,11,18,37,112192.6
Karamoja|Karenga District,Karenga District,Karamoja,2023-09,23.23,62.06,61.27,0.034,2588,135,27,6,182,72900.3
Tooro|Kasese District,Kasese District,Tooro,2023-09,21.29,85.88,71.81,0.43,12613,1502,296,159,94,841594.3
North Buganda|Kassanda District,Kassanda District,North Buganda,2023-09,22.13,110.95,76.93,0.133,4046,95,25,29,1,333187.2
Teso|Katakwi District,Katakwi District,Teso,2023-09,24.03,158.55,69.28,0.196,13900,241,14,15,28,209127
North Buganda|Kayunga District,Kayunga District,North Buganda,2023-09,23.19,132.07,78.38,0.331,7530,659,42,11,0,425933.1
Ankole|Kazo District,Kazo District,Ankole,2023-09,22.43,106.21,71.28,0.045,5104,222,80,,1,239743.2
Bunyoro|Kibaale District,Kibaale District,Bunyoro,2023-09,22.19,91.16,75.42,0.054,1372,98,14,9,6,234158.5
North Buganda|Kiboga District,Kiboga District,North Buganda,2023-09,23.12,110.45,73.77,0.042,3285,320,49,19,7,182799.2
Bukedi|Kibuku District,Kibuku District,Bukedi,2023-09,22.89,199.21,76.56,0.069,17372,343,84,6,4,277439.9
Bunyoro|Kikuube District,Kikuube District,Bunyoro,2023-09,23.85,81.03,77.66,1.093,7999,669,54,48,145,413267.8
Ankole|Kiruhura District,Kiruhura District,Ankole,2023-09,22.19,134.48,70.88,0.084,2353,80,3,4,0,204739.1
Bunyoro|Kiryandongo District,Kiryandongo District,Bunyoro,2023-09,23.67,125.31,76.43,0.062,6348,538,52,57,88,338273.2
Kigezi|Kisoro District,Kisoro District,Kigezi,2023-09,17.29,149.61,81.37,0.145,1940,506,169,20,73,331292.3
Tooro|Kitagwenda District,Kitagwenda District,Tooro,2023-09,23.09,104.57,66.76,0.319,2621,134,6,7,1,197259.6
Acholi|Kitgum District,Kitgum District,Acholi,2023-09,24.2,96.08,64.36,0.051,17689,687,72,45,49,232263.7
West Nile|Koboko District,Koboko District,West Nile,2023-09,23.42,152.63,77.68,0.054,9406,189,14,48,37,286714.5
Lango|Kole District,Kole District,Lango,2023-09,23.73,161.87,72.73,0.046,3889,467,17,30,46,307956.3
Karamoja|Kotido District,Kotido District,Karamoja,2023-09,24.31,86.09,56.83,0.028,14955,897,143,21,1730,219099.7
Teso|Kumi District,Kumi District,Teso,2023-09,23.81,174.34,70.8,0.258,10717,240,28,52,85,308654.4
Lango|Kwania District,Kwania District,Lango,2023-09,23.81,160,75.21,0.504,3235,283,10,29,0,233959
Bugisu|Kween District,Kween District,Bugisu,2023-09,22.23,150.65,61.16,0.042,1522,332,54,4,6,117677.6
North Buganda|Kyankwanzi District,Kyankwanzi District,North Buganda,2023-09,23.17,85.92,74.26,0.043,2039,142,30,10,6,323015
Tooro|Kyegegwa District,Kyegegwa District,Tooro,2023-09,22,104.03,73.55,0.049,7993,1749,36,18,154,550392.1
Tooro|Kyenjojo District,Kyenjojo District,Tooro,2023-09,21.57,88.34,78.58,0.048,7104,1771,84,77,21,582803.3
South Buganda|Kyotera District,Kyotera District,South Buganda,2023-09,23.13,123.42,74.15,0.973,4857,510,75,24,7,270359.3
Acholi|Lamwo District,Lamwo District,Acholi,2023-09,24.08,111.73,70.72,0.057,16079,1017,24,31,150,147695.4
Lango|Lira City,Lira City,Lango,2023-09,23.74,165.68,71.81,0.153,4436,352,98,21,17,261583.3
Lango|Lira District,Lira District,Lango,2023-09,23.96,154.91,71.37,0.046,4776,328,14,26,48,253006.8
Busoga|Luuka District,Luuka District,Busoga,2023-09,22.89,172.57,78.73,0.041,13494,222,26,8,6,280830.6
North Buganda|Luwero District,Luwero District,North Buganda,2023-09,22.32,130.4,81.56,0.061,7724,935,104,44,43,556575.1
South Buganda|Lwengo District,Lwengo District,South Buganda,2023-09,22.3,146.44,72.54,0.045,3054,202,34,4,0,296388
South Buganda|Lyantonde District,Lyantonde District,South Buganda,2023-09,22.24,137.66,72.13,0.039,1118,441,13,16,0,119273.2
West Nile|Madi-Okollo District,Madi-Okollo District,West Nile,2023-09,25.64,117.44,68.99,0.097,10273,224,22,50,49,176316.9
Bugisu|Manafwa District,Manafwa District,Bugisu,2023-09,19.55,185.43,81.31,0.051,2645,347,69,12,5,185791
West Nile|Maracha District,Maracha District,West Nile,2023-09,23.07,162.06,76.42,0.038,5193,200,14,99,19,218900.3
South Buganda|Masaka City,Masaka City,South Buganda,2023-09,22.35,133.05,75.9,0.149,1266,274,39,12,0,236551.9
South Buganda|Masaka District,Masaka District,South Buganda,2023-09,23.2,123.59,75.2,1.843,776,295,14,1,0,127251.4
Bunyoro|Masindi District,Masindi District,Bunyoro,2023-09,23.65,123.48,76.76,0.048,3700,243,63,50,27,365897.5
Busoga|Mayuge District,Mayuge District,Busoga,2023-09,23.29,102.39,76.16,2.228,11945,393,71,53,30,613519.1
Bugisu|Mbale City,Mbale City,Bugisu,2023-09,20.91,212.77,78.09,0.074,5641,617,106,81,25,347747.3
Bugisu|Mbale District,Mbale District,Bugisu,2023-09,20.26,199.16,79.54,0.05,5214,773,9,7,17,290204.9
Ankole|Mbarara City,Mbarara City,Ankole,2023-09,21.79,127.78,68.36,0.117,506,424,75,105,0,234058.7
Ankole|Mbarara District,Mbarara District,Ankole,2023-09,21.45,123.7,71.63,0.051,1513,96,18,3,5,178810.1
Ankole|Mitooma District,Mitooma District,Ankole,2023-09,20.76,115.24,74.6,0.041,1727,194,11,35,0,198356.6
North Buganda|Mityana District,Mityana District,North Buganda,2023-09,21.89,126.42,80.13,0.207,5641,269,51,44,5,377765
Karamoja|Moroto District,Moroto District,Karamoja,2023-09,24.23,56.12,52.17,0.018,3342,511,50,11,463,125954.9
West Nile|Moyo District,Moyo District,West Nile,2023-09,25.03,125.22,73.66,0.14,8655,558,35,19,8,116082
South Buganda|Mpigi District,Mpigi District,South Buganda,2023-09,22.45,124.47,77.78,0.734,2670,410,24,16,8,304465.8
North Buganda|Mubende District,Mubende District,North Buganda,2023-09,21.97,108.6,75.97,0.053,6376,175,64,36,35,640046.4
North Buganda|Mukono District,Mukono District,North Buganda,2023-09,22.98,119.58,77.99,1.805,10133,1285,196,26,18,755430.3
Karamoja|Nabilatuk District,Nabilatuk District,Karamoja,2023-09,24.11,143.92,60.95,0.028,3088,219,34,20,586,102219.9
Karamoja|Nakapiripirit District,Nakapiripirit District,Karamoja,2023-09,22.98,166.18,62.76,0.034,3652,316,102,3,292,127750
North Buganda|Nakaseke District,Nakaseke District,North Buganda,2023-09,23.1,114.92,75.72,0.041,3542,123,71,12,3,254203.6
North Buganda|Nakasongola District,Nakasongola District,North Buganda,2023-09,23.94,110.07,73.18,0.265,3131,264,19,3,1,232762.3
Busoga|Namayingo District,Namayingo District,Busoga,2023-09,23.66,92.99,73.57,2.908,9480,404,32,5,26,246724
Bugisu|Namisindwa District,Namisindwa District,Bugisu,2023-09,16.93,195.72,82.17,0.055,2771,219,34,4,10,247222.7
Busoga|Namutumba District,Namutumba District,Busoga,2023-09,22.8,187.39,78.66,0.041,5188,646,22,14,17,335480.9
Karamoja|Napak District,Napak District,Karamoja,2023-09,24.55,125.04,58.81,0.027,6243,548,80,17,361,165745.9
West Nile|Nebbi District,Nebbi District,West Nile,2023-09,24.71,132.74,69.3,0.033,5221,524,104,118,16,305463.1
Teso|Ngora District,Ngora District,Teso,2023-09,23.74,172.2,74.8,0.325,5432,80,77,73,2,177912.6
Tooro|Ntoroko District,Ntoroko District,Tooro,2023-09,25.03,59.36,72.1,0.456,656,58,21,,12,80479.5
Ankole|Ntungamo District,Ntungamo District,Ankole,2023-09,21.2,92.69,69.31,0.041,5579,670,76,37,7,567644.8
Acholi|Nwoya District,Nwoya District,Acholi,2023-09,24.34,131.91,75.16,0.086,6149,525,27,7,14,313441.3
West Nile|Obongi District,Obongi District,West Nile,2023-09,25.83,124.2,72.98,0.262,9838,993,16,16,95,52157.1
Acholi|Omoro District,Omoro District,Acholi,2023-09,23.83,126.31,73.27,0.056,6366,356,10,20,36,215808.7
Lango|Otuke District,Otuke District,Lango,2023-09,24.2,134.47,67.94,0.05,4214,72,5,4,21,150188.5
Lango|Oyam District,Oyam District,Lango,2023-09,23.67,122.34,73.79,0.055,8369,741,23,110,85,490256.8
Acholi|Pader District,Pader District,Acholi,2023-09,24.37,116.01,70.66,0.058,16640,599,40,26,35,206135.2
West Nile|Pakwach District,Pakwach District,West Nile,2023-09,26.08,118.41,70.4,0.263,4441,143,33,30,0,218401.6
Bukedi|Pallisa District,Pallisa District,Bukedi,2023-09,23.39,188.19,76.71,0.344,3289,141,38,16,20,398408.5
South Buganda|Rakai District,Rakai District,South Buganda,2023-09,22.17,135.34,73.53,0.131,4107,543,44,10,2,337974
Kigezi|Rubanda District,Rubanda District,Kigezi,2023-09,17.74,119.95,78.85,0.118,303,383,18,6,15,212816.9
Ankole|Rubirizi District,Rubirizi District,Ankole,2023-09,23.7,89.78,71.3,0.842,1798,60,6,2,0,151086.1
Kigezi|Rukiga District,Rukiga District,Kigezi,2023-09,20.17,86.49,71.02,0.032,645,184,12,5,2,106907.1
Kigezi|Rukungiri District,Rukungiri District,Kigezi,2023-09,21.59,105.64,75.81,0.227,4565,702,72,23,10,341065.6
Ankole|Rwampara District,Rwampara District,Ankole,2023-09,21.08,126.61,70.68,0.036,280,157,35,12,4,152681.7
South Buganda|Sembabule District,Sembabule District,South Buganda,2023-09,22.56,135.62,71.3,0.039,3661,327,54,1,0,318427.6
Teso|Serere District,Serere District,Teso,2023-09,24.1,162.86,73.53,0.888,8714,267,45,28,0,400702.2
Ankole|Sheema District,Sheema District,Ankole,2023-09,20.68,124.01,75.77,0.046,390,226,32,5,6,225681.7
Bugisu|Sironko District,Sironko District,Bugisu,2023-09,17.95,227.4,78.98,0.058,4710,446,21,33,24,289706.3
Teso|Soroti City,Soroti City,Teso,2023-09,23.71,210.16,73.45,0.119,4508,162,36,19,5,76989.1
Teso|Soroti District,Soroti District,Teso,2023-09,23.77,192,73.08,0.161,6883,132,2,17,0,322915.3
West Nile|Terego District,Terego District,West Nile,2023-09,25.27,146.47,70.41,0.046,18379,1204,22,37,74,250812.8
Bukedi|Tororo District,Tororo District,Bukedi,2023-09,21.81,159.96,76.96,0.042,6404,1390,120,50,52,637952.2
South Buganda|Wakiso District,Wakiso District,South Buganda,2023-09,22.33,127.18,80.52,1.139,18756,1486,340,173,34,3509684.4
West Nile|Yumbe District,Yumbe District,West Nile,2023-09,24.82,142.44,73.75,0.052,30485,713,111,97,157,772882.5
West Nile|Zombo District,Zombo District,West Nile,2023-09,21.41,166.2,77.13,0.045,4615,500,31,88,6,305263.7
Karamoja|Abim District,Abim District,Karamoja,2023-10,24.83,138.94,57.67,0.032,5683,229,24,5,123,182300.5
West Nile|Adjumani District,Adjumani District,West Nile,2023-10,25.66,203.39,72.73,0.086,32638,2117,139,54,172,239344.3
Acholi|Agago District,Agago District,Acholi,2023-10,24.66,179.6,62.97,0.041,24291,346,67,4,50,261782.8
Lango|Alebtong District,Alebtong District,Lango,2023-10,24.49,184.78,67.74,0.045,4875,266,10,38,10,285617.5
Lango|Amolatar District,Amolatar District,Lango,2023-10,24.4,155.95,75.5,1.566,5154,370,20,19,0,181502.7
Karamoja|Amudat District,Amudat District,Karamoja,2023-10,24.07,85.47,57.73,0.024,2241,273,13,9,282,151485
Teso|Amuria District,Amuria District,Teso,2023-10,24.31,139.57,67.73,0.043,9792,194,19,43,15,247821
Acholi|Amuru District,Amuru District,Acholi,2023-10,25.03,220.08,73.12,0.052,11966,330,18,27,55,231864.8
Lango|Apac District,Apac District,Lango,2023-10,23.93,164.01,76.34,0.174,10443,1032,37,24,36,248918
West Nile|Arua City,Arua City,West Nile,2023-10,23.59,232.74,72.97,0.057,6634,3057,91,72,17,388435.8
West Nile|Arua District,Arua District,West Nile,2023-10,24.54,218.14,69.93,0.04,2330,61,4,13,24,167939.9
Bukedi|Budaka District,Budaka District,Bukedi,2023-10,22.37,143.39,76.47,0.042,3928,201,68,3,6,277838.8
Bugisu|Bududa District,Bududa District,Bugisu,2023-10,14.43,200.71,82.25,0.057,1338,697,91,5,14,306360.7
Busoga|Bugiri District,Bugiri District,Busoga,2023-10,22.83,223.1,81.31,0.108,5312,465,56,14,7,534934.4
Busoga|Bugweri District,Bugweri District,Busoga,2023-10,22.76,207.93,82.13,0.063,6512,123,18,1,23,205038.3
Ankole|Buhweju District,Buhweju District,Ankole,2023-10,19.65,158.39,80.1,0.053,297,95,19,6,2,156471.3
North Buganda|Buikwe District,Buikwe District,North Buganda,2023-10,22.63,162.23,82.65,0.565,7934,646,70,42,8,498434.4
Teso|Bukedea District,Bukedea District,Teso,2023-10,22.92,137.64,72.61,0.045,7382,181,16,9,2,291002.7
South Buganda|Bukomansimbi District,Bukomansimbi District,South Buganda,2023-10,22.17,111.78,76.5,0.032,3829,494,54,31,7,157967.2
Bugisu|Bukwo District,Bukwo District,Bugisu,2023-10,19.81,175.87,64.86,0.051,403,677,16,,3,136825.1
Bugisu|Bulambuli District,Bulambuli District,Bugisu,2023-10,20.33,171.95,69.85,0.052,2008,539,50,7,9,263777.3
Bunyoro|Buliisa District,Buliisa District,Bunyoro,2023-10,25.17,136.5,77.5,1.41,6650,405,39,11,13,170832
Tooro|Bundibugyo District,Bundibugyo District,Tooro,2023-10,20.17,155.66,82.78,0.068,14545,1061,87,25,174,284221.3
Tooro|Bunyangabu District,Bunyangabu District,Tooro,2023-10,19.03,191.42,81.64,0.046,3943,534,98,12,0,207431.7
Ankole|Bushenyi District,Bushenyi District,Ankole,2023-10,20.22,145.02,79.65,0.059,1179,385,19,22,25,244629.8
Bukedi|Busia District,Busia District,Bukedi,2023-10,22.48,278.05,79.79,0.171,14015,526,47,79,88,415561.5
Bukedi|Butaleja District,Butaleja District,Bukedi,2023-10,22.42,170.61,78.09,0.043,4254,387,80,23,9,331292.3
South Buganda|Butambala District,Butambala District,South Buganda,2023-10,22.34,134.85,77.6,0.04,3681,275,39,14,2,110597
Bukedi|Butebo District,Butebo District,Bukedi,2023-10,22.85,137.29,76.08,0.041,1932,160,10,4,0,125356.6
North Buganda|Buvuma District,Buvuma District,North Buganda,2023-10,24.27,134.28,73.26,3.172,2060,369,29,1,1,153778.7
Busoga|Buyende District,Buyende District,Busoga,2023-10,24.3,141.55,76.09,0.984,7329,234,34,39,17,467120.2
Lango|Dokolo District,Dokolo District,Lango,2023-10,23.81,169.8,75.47,0.32,9279,530,33,12,3,232263.7
Tooro|Fort Portal City,Fort Portal City,Tooro,2023-10,18.97,189.39,85.43,0.118,1664,400,89,14,17,121766.4
South Buganda|Gomba District,Gomba District,South Buganda,2023-10,22.16,147.93,77.3,0.058,4169,73,2,3,1,179807.4
Acholi|Gulu City,Gulu City,Acholi,2023-10,24.02,238.93,73.69,0.159,6982,1312,101,1,57,224883.9
Acholi|Gulu District,Gulu District,Acholi,2023-10,24.83,236.67,71.26,0.05,9060,142,1,15,37,126653
Bunyoro|Hoima City,Hoima City,Bunyoro,2023-10,22.41,154.45,83.61,0.1,1556,304,31,44,0,134930.3
Bunyoro|Hoima District,Hoima District,Bunyoro,2023-10,24.27,132.59,78.45,1.434,3462,261,17,6,23,277041
Ankole|Ibanda District,Ibanda District,Ankole,2023-10,21.34,138.34,76.82,0.042,11578,243,23,23,5,290105.2
Busoga|Iganga District,Iganga District,Busoga,2023-10,22.95,192.45,80.89,0.079,19340,1156,77,56,26,435606.6
Ankole|Isingiro District,Isingiro District,Ankole,2023-10,21.58,115.52,73.56,0.068,5718,1432,98,87,267,656301.9
Busoga|Jinja City,Jinja City,Busoga,2023-10,22.55,180.68,84.59,0.825,4200,570,91,73,31,280132.5
Busoga|Jinja District,Jinja District,Busoga,2023-10,22.61,174.21,83.62,0.125,8126,497,20,7,19,254203.6
Karamoja|Kaabong District,Kaabong District,Karamoja,2023-10,23.37,130.78,60.2,0.023,3375,369,20,22,811,134032.8
Kigezi|Kabale District,Kabale District,Kigezi,2023-10,18.63,107.29,75.45,0.161,595,653,111,10,11,256198.1
Tooro|Kabarole District,Kabarole District,Tooro,2023-10,20.84,176.97,82.18,0.046,4442,186,14,9,1,234756.8
Teso|Kaberamaido District,Kaberamaido District,Teso,2023-10,24.22,165.61,74.65,0.835,6836,97,19,30,3,148293.7
Bunyoro|Kagadi District,Kagadi District,Bunyoro,2023-10,22.47,155.16,82.09,0.334,6716,193,44,39,83,473403
Bunyoro|Kakumiro District,Kakumiro District,Bunyoro,2023-10,21.96,164.93,81.22,0.043,3214,189,85,25,27,600255.5
Teso|Kalaki District,Kalaki District,Teso,2023-10,24.15,150.63,73.3,0.404,6361,114,10,21,0,154975.4
South Buganda|Kalangala District,Kalangala District,South Buganda,2023-10,24.14,130.93,73.21,3.068,356,88,40,6,0,74296.4
Busoga|Kaliro District,Kaliro District,Busoga,2023-10,23.61,156.34,77.94,0.354,7222,501,59,5,22,317031.4
South Buganda|Kalungu District,Kalungu District,South Buganda,2023-10,22.44,110.37,77.3,0.204,2890,281,24,13,0,188683.1
Kampala|Kampala District,Kampala District,Kampala,2023-10,22.25,125.76,83.34,2.367,14810,3366,563,312,89,1761673.5
Busoga|Kamuli District,Kamuli District,Busoga,2023-10,23.12,145.9,81.79,0.098,20173,1162,93,57,55,594471.3
Tooro|Kamwenge District,Kamwenge District,Tooro,2023-10,21.37,167.2,78,0.044,15650,2568,56,53,132,370983.6
Kigezi|Kanungu District,Kanungu District,Kigezi,2023-10,20.79,129.94,79.42,0.187,7244,807,47,36,19,234756.8
Bugisu|Kapchorwa District,Kapchorwa District,Bugisu,2023-10,19.5,209.68,69.55,0.058,422,534,21,15,5,133534.2
Teso|Kapelebyong District,Kapelebyong District,Teso,2023-10,25.08,136.45,60.73,0.038,4918,272,29,8,14,112192.6
Karamoja|Karenga District,Karenga District,Karamoja,2023-10,23.56,152.24,59.67,0.025,2363,125,19,13,284,72900.3
Tooro|Kasese District,Kasese District,Tooro,2023-10,21.07,148.05,73.34,0.427,22183,2063,259,205,68,841594.3
North Buganda|Kassanda District,Kassanda District,North Buganda,2023-10,21.91,134.65,80.34,0.131,5821,165,20,33,10,333187.2
Teso|Katakwi District,Katakwi District,Teso,2023-10,24.68,132.27,65.16,0.193,7772,161,28,21,50,209127
North Buganda|Kayunga District,Kayunga District,North Buganda,2023-10,23.27,146.04,80.87,0.331,7981,426,30,19,0,425933.1
Ankole|Kazo District,Kazo District,Ankole,2023-10,21.64,130.71,77.1,0.04,6952,107,86,8,0,239743.2
Bunyoro|Kibaale District,Kibaale District,Bunyoro,2023-10,21.56,171.94,81.18,0.047,1637,128,5,90,14,234158.5
North Buganda|Kiboga District,Kiboga District,North Buganda,2023-10,22.72,147.49,78.71,0.041,5829,524,77,23,0,182799.2
Bukedi|Kibuku District,Kibuku District,Bukedi,2023-10,22.95,174.55,78.52,0.07,17165,309,64,5,5,277439.9
Bunyoro|Kikuube District,Kikuube District,Bunyoro,2023-10,23.67,145.8,79.34,1.091,13171,1019,66,31,252,413267.8
Ankole|Kiruhura District,Kiruhura District,Ankole,2023-10,21.6,123.76,75.65,0.081,3122,124,3,,1,204739.1
Bunyoro|Kiryandongo District,Kiryandongo District,Bunyoro,2023-10,23.81,178.84,77.57,0.061,8437,692,37,44,113,338273.2
Kigezi|Kisoro District,Kisoro District,Kigezi,2023-10,17.37,149.79,80.49,0.147,1944,484,160,28,50,331292.3
Tooro|Kitagwenda District,Kitagwenda District,Tooro,2023-10,22.52,145.93,70.98,0.315,4822,58,2,9,0,197259.6
Acholi|Kitgum District,Kitgum District,Acholi,2023-10,24.55,170.98,62.53,0.038,19779,1149,94,30,72,232263.7
West Nile|Koboko District,Koboko District,West Nile,2023-10,24,215.29,74.58,0.047,9869,291,11,47,37,286714.5
Lango|Kole District,Kole District,Lango,2023-10,23.86,190.5,74.06,0.047,6967,3066,35,35,8,307956.3
Karamoja|Kotido District,Kotido District,Karamoja,2023-10,24.5,95.74,56.43,0.022,11015,1005,162,28,1227,219099.7
Teso|Kumi District,Kumi District,Teso,2023-10,24.16,136.07,70.17,0.259,10018,282,15,36,37,308654.4
Lango|Kwania District,Kwania District,Lango,2023-10,23.94,162.56,76.94,0.506,6757,633,11,16,0,233959
Bugisu|Kween District,Kween District,Bugisu,2023-10,22.9,135.03,59.55,0.045,961,276,44,,0,117677.6
North Buganda|Kyankwanzi District,Kyankwanzi District,North Buganda,2023-10,22.75,149.44,78.63,0.041,3577,318,4,12,20,323015
Tooro|Kyegegwa District,Kyegegwa District,Tooro,2023-10,21.34,150.45,79.46,0.043,9934,2019,29,42,233,550392.1
Tooro|Kyenjojo District,Kyenjojo District,Tooro,2023-10,21.12,163.91,82.38,0.043,10957,2250,60,49,49,582803.3
South Buganda|Kyotera District,Kyotera District,South Buganda,2023-10,23.23,117.02,74.75,0.97,6621,597,123,12,25,270359.3
Acholi|Lamwo District,Lamwo District,Acholi,2023-10,24.56,170.55,68.75,0.046,14267,1127,18,17,154,147695.4
Lango|Lira City,Lira City,Lango,2023-10,23.88,200.66,72.82,0.154,5012,546,130,62,23,261583.3
Lango|Lira District,Lira District,Lango,2023-10,24.15,189.32,71.79,0.044,5730,320,47,22,39,253006.8
Busoga|Luuka District,Luuka District,Busoga,2023-10,23.13,171.87,80.48,0.044,14331,389,87,3,2,280830.6
North Buganda|Luwero District,Luwero District,North Buganda,2023-10,22.36,144.86,84.58,0.06,9853,1275,116,61,43,556575.1
South Buganda|Lwengo District,Lwengo District,South Buganda,2023-10,22.07,94.81,75.32,0.043,3957,280,80,12,1,296388
South Buganda|Lyantonde District,Lyantonde District,South Buganda,2023-10,21.83,124.52,75.87,0.036,1302,235,12,9,0,119273.2
West Nile|Madi-Okollo District,Madi-Okollo District,West Nile,2023-10,25.95,190.56,69.59,0.096,15060,389,24,25,50,176316.9
Bugisu|Manafwa District,Manafwa District,Bugisu,2023-10,19.76,192.63,82.8,0.05,1678,248,41,16,0,185791
West Nile|Maracha District,Maracha District,West Nile,2023-10,23.6,234.68,74.08,0.036,12495,408,18,40,10,218900.3
South Buganda|Masaka City,Masaka City,South Buganda,2023-10,22.37,86.07,76.9,0.144,1274,210,52,30,3,236551.9
South Buganda|Masaka District,Masaka District,South Buganda,2023-10,23.38,114.02,75.29,1.84,910,330,74,5,0,127251.4
Bunyoro|Masindi District,Masindi District,Bunyoro,2023-10,23.54,157.3,78.85,0.046,6227,411,71,61,32,365897.5
Busoga|Mayuge District,Mayuge District,Busoga,2023-10,23.78,171.49,76.3,2.23,11454,556,101,26,40,613519.1
Bugisu|Mbale City,Mbale City,Bugisu,2023-10,20.81,153.42,81.24,0.075,5026,684,123,92,21,347747.3
Bugisu|Mbale District,Mbale District,Bugisu,2023-10,20.22,173.11,82.33,0.052,3806,485,11,10,16,290204.9
Ankole|Mbarara City,Mbarara City,Ankole,2023-10,21.07,122.15,74.05,0.114,610,509,79,74,2,234058.7
Ankole|Mbarara District,Mbarara District,Ankole,2023-10,20.76,132.09,76.34,0.043,1542,286,27,1,2,178810.1
Ankole|Mitooma District,Mitooma District,Ankole,2023-10,20.2,125.57,78.81,0.039,2756,239,11,3,0,198356.6
North Buganda|Mityana District,Mityana District,North Buganda,2023-10,21.92,156.99,82.41,0.206,10895,536,73,88,12,377765
Karamoja|Moroto District,Moroto District,Karamoja,2023-10,23.95,109.31,56.7,0.015,3041,340,80,14,388,125954.9
West Nile|Moyo District,Moyo District,West Nile,2023-10,25.51,177.06,71.92,0.13,9716,618,46,28,15,116082
South Buganda|Mpigi District,Mpigi District,South Buganda,2023-10,22.78,116.09,77.42,0.732,3565,526,50,14,1,304465.8
North Buganda|Mubende District,Mubende District,North Buganda,2023-10,21.52,151.43,80.39,0.049,12151,167,106,26,20,640046.4
North Buganda|Mukono District,Mukono District,North Buganda,2023-10,23.34,140.53,78.26,1.804,11281,1437,183,30,77,755430.3
Karamoja|Nabilatuk District,Nabilatuk District,Karamoja,2023-10,24.79,92.81,57.84,0.026,2829,254,55,16,394,102219.9
Karamoja|Nakapiripirit District,Nakapiripirit District,Karamoja,2023-10,23.91,104.34,57.98,0.034,3766,355,67,3,443,127750
North Buganda|Nakaseke District,Nakaseke District,North Buganda,2023-10,22.9,139.57,79.6,0.04,4609,297,68,28,30,254203.6
North Buganda|Nakasongola District,Nakasongola District,North Buganda,2023-10,23.91,153.49,75.9,0.267,3803,374,12,1,1,232762.3
Busoga|Namayingo District,Namayingo District,Busoga,2023-10,24.15,169.97,73.7,2.909,11476,481,41,9,20,246724
Bugisu|Namisindwa District,Namisindwa District,Bugisu,2023-10,17.33,195.57,82.45,0.054,1727,172,18,2,52,247222.7
Busoga|Namutumba District,Namutumba District,Busoga,2023-10,23.02,190.28,80.28,0.045,5380,644,35,30,4,335480.9
Karamoja|Napak District,Napak District,Karamoja,2023-10,25.05,102.47,56.03,0.024,4665,461,158,24,439,165745.9
West Nile|Nebbi District,Nebbi District,West Nile,2023-10,24.93,159.01,70.55,0.035,14362,706,147,94,172,305463.1
Teso|Ngora District,Ngora District,Teso,2023-10,24.05,132.47,74.71,0.325,6334,179,19,60,3,177912.6
Tooro|Ntoroko District,Ntoroko District,Tooro,2023-10,24.53,119.97,76.25,0.453,780,92,27,,8,80479.5
Ankole|Ntungamo District,Ntungamo District,Ankole,2023-10,20.56,121.65,74.24,0.044,9915,1391,31,32,13,567644.8
Acholi|Nwoya District,Nwoya District,Acholi,2023-10,24.47,224.56,76.55,0.085,11080,563,23,17,22,313441.3
West Nile|Obongi District,Obongi District,West Nile,2023-10,26.26,185.16,72.13,0.252,11573,1250,16,59,62,52157.1
Acholi|Omoro District,Omoro District,Acholi,2023-10,24.12,224.69,72.84,0.055,11312,475,41,18,54,215808.7
Lango|Otuke District,Otuke District,Lango,2023-10,24.78,180.53,63.85,0.042,3028,91,8,,29,150188.5
Lango|Oyam District,Oyam District,Lango,2023-10,23.84,207.64,74.78,0.058,15913,888,36,98,106,490256.8
Acholi|Pader District,Pader District,Acholi,2023-10,24.78,194.51,68.56,0.045,17004,755,36,24,38,206135.2
West Nile|Pakwach District,Pakwach District,West Nile,2023-10,25.89,149.48,74.09,0.265,13716,264,42,46,0,218401.6
Bukedi|Pallisa District,Pallisa District,Bukedi,2023-10,23.56,156.88,78.06,0.347,3055,125,30,22,10,398408.5
South Buganda|Rakai District,Rakai District,South Buganda,2023-10,22.05,96.91,76.12,0.131,5277,610,53,1,0,337974
Kigezi|Rubanda District,Rubanda District,Kigezi,2023-10,17.73,123.25,78.84,0.118,319,393,52,10,7,212816.9
Ankole|Rubirizi District,Rubirizi District,Ankole,2023-10,23.38,152.14,73.65,0.836,1649,88,6,8,0,151086.1
Kigezi|Rukiga District,Rukiga District,Kigezi,2023-10,19.74,122.41,74.2,0.036,769,234,97,1,1,106907.1
Kigezi|Rukungiri District,Rukungiri District,Kigezi,2023-10,21.26,124.67,78.36,0.226,5883,882,97,27,9,341065.6
Ankole|Rwampara District,Rwampara District,Ankole,2023-10,20.43,142.27,75.52,0.031,701,228,5,5,14,152681.7
South Buganda|Sembabule District,Sembabule District,South Buganda,2023-10,22.13,127.06,75.37,0.036,5151,93,36,3,0,318427.6
Teso|Serere District,Serere District,Teso,2023-10,24.33,142.3,73.97,0.887,9997,237,22,35,0,400702.2
Ankole|Sheema District,Sheema District,Ankole,2023-10,20.15,133.45,78.99,0.045,588,464,26,12,9,225681.7
Bugisu|Sironko District,Sironko District,Bugisu,2023-10,18.05,179.27,81.44,0.06,4061,425,39,36,2,289706.3
Teso|Soroti City,Soroti City,Teso,2023-10,23.91,152.55,73.27,0.115,4961,206,37,11,5,76989.1
Teso|Soroti District,Soroti District,Teso,2023-10,24.01,140.42,72.49,0.159,6559,76,6,20,0,322915.3
West Nile|Terego District,Terego District,West Nile,2023-10,25.73,225.81,69.23,0.041,21667,1592,66,60,118,250812.8
Bukedi|Tororo District,Tororo District,Bukedi,2023-10,22.16,210.28,77.57,0.046,6027,1355,160,100,27,637952.2
South Buganda|Wakiso District,Wakiso District,South Buganda,2023-10,22.62,126.02,80.95,1.139,21793,1507,377,103,34,3509684.4
West Nile|Yumbe District,Yumbe District,West Nile,2023-10,25.34,195.49,71.76,0.043,41783,1259,190,79,224,772882.5
West Nile|Zombo District,Zombo District,West Nile,2023-10,21.94,191.79,75.74,0.042,5620,531,52,64,4,305263.7
Karamoja|Abim District,Abim District,Karamoja,2023-11,23.76,52.79,61.9,0.039,5565,246,22,15,150,182300.5
West Nile|Adjumani District,Adjumani District,West Nile,2023-11,25.02,144.75,73.7,0.091,25795,2295,128,49,244,239344.3
Acholi|Agago District,Agago District,Acholi,2023-11,24.02,66.34,63.91,0.047,23102,324,85,18,53,261782.8
Lango|Alebtong District,Alebtong District,Lango,2023-11,23.47,87.63,70.47,0.048,10458,412,13,27,17,285617.5
Lango|Amolatar District,Amolatar District,Lango,2023-11,23.55,124.29,77.76,1.568,4778,549,5,12,3,181502.7
Karamoja|Amudat District,Amudat District,Karamoja,2023-11,22.49,47.67,66.01,0.028,2390,282,19,12,268,151485
Teso|Amuria District,Amuria District,Teso,2023-11,23.06,86.51,73.17,0.045,7917,209,19,25,8,247821
Acholi|Amuru District,Amuru District,Acholi,2023-11,24.46,146.35,73.52,0.056,13160,426,8,13,57,231864.8
Lango|Apac District,Apac District,Lango,2023-11,23.18,122.05,78.15,0.18,15274,1111,13,43,7,248918
West Nile|Arua City,Arua City,West Nile,2023-11,22.93,191.17,75.15,0.062,5727,394,131,7,34,388435.8
West Nile|Arua District,Arua District,West Nile,2023-11,23.7,180.21,73.42,0.048,3427,66,4,12,35,167939.9
Bukedi|Budaka District,Budaka District,Bukedi,2023-11,21.47,119.61,81.96,0.043,5039,424,35,16,6,277838.8
Bugisu|Bududa District,Bududa District,Bugisu,2023-11,14.09,141.43,85.38,0.053,1261,694,49,1,10,306360.7
Busoga|Bugiri District,Bugiri District,Busoga,2023-11,21.88,238.32,86.25,0.106,6158,366,57,13,13,534934.4
Busoga|Bugweri District,Bugweri District,Busoga,2023-11,21.85,228.48,86.45,0.062,7402,148,25,2,43,205038.3
Ankole|Buhweju District,Buhweju District,Ankole,2023-11,18.71,157.48,86.24,0.056,261,102,38,7,6,156471.3
North Buganda|Buikwe District,Buikwe District,North Buganda,2023-11,21.64,272.14,86.59,0.563,8219,663,74,54,9,498434.4
Teso|Bukedea District,Bukedea District,Teso,2023-11,21.9,92.33,77.68,0.05,7730,229,22,7,0,291002.7
South Buganda|Bukomansimbi District,Bukomansimbi District,South Buganda,2023-11,20.87,176.46,84.72,0.033,3750,475,61,2,1,157967.2
Bugisu|Bukwo District,Bukwo District,Bugisu,2023-11,18.64,108.74,72.01,0.057,378,983,8,,0,136825.1
Bugisu|Bulambuli District,Bulambuli District,Bugisu,2023-11,19.32,105.55,75.66,0.054,3141,572,32,18,7,263777.3
Bunyoro|Buliisa District,Buliisa District,Bunyoro,2023-11,24.51,162.3,79.25,1.415,4088,357,42,12,11,170832
Tooro|Bundibugyo District,Bundibugyo District,Tooro,2023-11,19.61,164.86,88.14,0.074,8614,777,60,22,170,284221.3
Tooro|Bunyangabu District,Bunyangabu District,Tooro,2023-11,18.32,202.08,88.28,0.053,4016,233,81,53,11,207431.7
Ankole|Bushenyi District,Bushenyi District,Ankole,2023-11,19.21,156.14,86.42,0.06,1090,366,21,21,15,244629.8
Bukedi|Busia District,Busia District,Bukedi,2023-11,21.46,265.34,85.92,0.169,19116,839,90,66,82,415561.5
Bukedi|Butaleja District,Butaleja District,Bukedi,2023-11,21.5,144.73,83.52,0.044,4654,567,119,31,5,331292.3
South Buganda|Butambala District,Butambala District,South Buganda,2023-11,20.98,185.18,86.42,0.039,4309,394,43,,0,110597
Bukedi|Butebo District,Butebo District,Bukedi,2023-11,21.95,107.57,81.01,0.044,2849,141,51,7,33,125356.6
North Buganda|Buvuma District,Buvuma District,North Buganda,2023-11,22.87,258.63,79.05,3.172,2107,214,52,2,3,153778.7
Busoga|Buyende District,Buyende District,Busoga,2023-11,23.25,160.13,79.9,0.985,5673,220,12,22,14,467120.2
Lango|Dokolo District,Dokolo District,Lango,2023-11,23.09,118.28,76.39,0.32,10843,682,39,20,2,232263.7
Tooro|Fort Portal City,Fort Portal City,Tooro,2023-11,18.47,162.61,89.87,0.126,1457,299,85,8,11,121766.4
South Buganda|Gomba District,Gomba District,South Buganda,2023-11,20.86,162.06,85.72,0.06,3567,73,13,6,3,179807.4
Acholi|Gulu City,Gulu City,Acholi,2023-11,23.55,140.34,73.23,0.162,7356,957,158,21,219,224883.9
Acholi|Gulu District,Gulu District,Acholi,2023-11,24.27,123.78,71.29,0.052,10160,159,13,8,23,126653
Bunyoro|Hoima City,Hoima City,Bunyoro,2023-11,21.85,168.09,84.96,0.109,1618,145,24,39,0,134930.3
Bunyoro|Hoima District,Hoima District,Bunyoro,2023-11,23.53,153.61,80.76,1.438,4727,237,7,9,30,277041
Ankole|Ibanda District,Ibanda District,Ankole,2023-11,20.25,148.67,83.9,0.048,9070,399,53,19,1,290105.2
Busoga|Iganga District,Iganga District,Busoga,2023-11,21.96,217.17,85.53,0.081,18853,1151,120,16,26,435606.6
Ankole|Isingiro District,Isingiro District,Ankole,2023-11,20.08,166.26,83.49,0.074,6261,1777,113,36,298,656301.9
Busoga|Jinja City,Jinja City,Busoga,2023-11,21.66,292.57,88.05,0.827,4691,563,76,104,9,280132.5
Busoga|Jinja District,Jinja District,Busoga,2023-11,21.72,252.9,87.33,0.126,6603,441,25,3,6,254203.6
Karamoja|Kaabong District,Kaabong District,Karamoja,2023-11,22.25,40.07,65.73,0.038,4163,498,59,16,789,134032.8
Kigezi|Kabale District,Kabale District,Kigezi,2023-11,17.3,128.78,85.7,0.158,556,756,146,15,14,256198.1
Tooro|Kabarole District,Kabarole District,Tooro,2023-11,20.15,173.54,87.24,0.054,4273,277,16,9,0,234756.8
Teso|Kaberamaido District,Kaberamaido District,Teso,2023-11,23.38,137.18,76.73,0.836,7622,492,5,26,3,148293.7
Bunyoro|Kagadi District,Kagadi District,Bunyoro,2023-11,21.76,172.65,85.86,0.341,6272,140,26,51,30,473403
Bunyoro|Kakumiro District,Kakumiro District,Bunyoro,2023-11,21.21,174.09,85.07,0.05,2898,196,28,13,22,600255.5
Teso|Kalaki District,Kalaki District,Teso,2023-11,23.18,108.66,76.44,0.405,6417,178,8,33,2,154975.4
South Buganda|Kalangala District,Kalangala District,South Buganda,2023-11,22.71,299.41,78.49,3.068,366,95,48,,0,74296.4
Busoga|Kaliro District,Kaliro District,Busoga,2023-11,22.57,165.24,82.49,0.355,6294,483,74,28,28,317031.4
South Buganda|Kalungu District,Kalungu District,South Buganda,2023-11,21.19,193.75,84.67,0.202,2602,293,30,18,1,188683.1
Kampala|Kampala District,Kampala District,Kampala,2023-11,21.27,207.93,87.95,2.366,17391,3028,787,352,99,1761673.5
Busoga|Kamuli District,Kamuli District,Busoga,2023-11,22.14,224.77,85.4,0.1,15739,933,134,44,39,594471.3
Tooro|Kamwenge District,Kamwenge District,Tooro,2023-11,20.41,156.39,84.51,0.052,11271,3558,52,50,245,370983.6
Kigezi|Kanungu District,Kanungu District,Kigezi,2023-11,19.84,146.8,86.41,0.186,6670,762,58,25,22,234756.8
Bugisu|Kapchorwa District,Kapchorwa District,Bugisu,2023-11,18.49,128.32,75.52,0.06,553,972,71,204,5,133534.2
Teso|Kapelebyong District,Kapelebyong District,Teso,2023-11,23.8,74.55,66.09,0.042,4610,166,19,17,13,112192.6
Karamoja|Karenga District,Karenga District,Karamoja,2023-11,22.54,36.63,64.24,0.04,1939,138,44,7,139,72900.3
Tooro|Kasese District,Kasese District,Tooro,2023-11,19.83,158.31,82.91,0.432,16678,2490,199,136,103,841594.3
North Buganda|Kassanda District,Kassanda District,North Buganda,2023-11,20.91,167.4,85.98,0.135,6017,123,32,42,8,333187.2
Teso|Katakwi District,Katakwi District,Teso,2023-11,23.46,75.33,70.51,0.197,6969,315,39,28,18,209127
North Buganda|Kayunga District,Kayunga District,North Buganda,2023-11,22.26,207.99,84.91,0.334,8632,537,29,27,0,425933.1
Ankole|Kazo District,Kazo District,Ankole,2023-11,20.54,137.24,84.56,0.045,4797,129,77,13,0,239743.2
Bunyoro|Kibaale District,Kibaale District,Bunyoro,2023-11,20.75,164.36,86.13,0.057,1549,165,9,19,3,234158.5
North Buganda|Kiboga District,Kiboga District,North Buganda,2023-11,21.72,194.24,84.05,0.045,5904,552,34,38,25,182799.2
Bukedi|Kibuku District,Kibuku District,Bukedi,2023-11,22.06,148.12,83.02,0.07,17396,160,111,,5,277439.9
Bunyoro|Kikuube District,Kikuube District,Bunyoro,2023-11,22.87,174.7,82.55,1.097,12063,869,43,38,159,413267.8
Ankole|Kiruhura District,Kiruhura District,Ankole,2023-11,20.35,161.37,83.74,0.086,3000,156,7,,0,204739.1
Bunyoro|Kiryandongo District,Kiryandongo District,Bunyoro,2023-11,23.16,157.35,78.48,0.069,22521,723,45,76,96,338273.2
Kigezi|Kisoro District,Kisoro District,Kigezi,2023-11,16.51,168.74,88.68,0.144,1664,516,107,41,51,331292.3
Tooro|Kitagwenda District,Kitagwenda District,Tooro,2023-11,21.17,157.92,80.12,0.319,4261,122,7,4,0,197259.6
Acholi|Kitgum District,Kitgum District,Acholi,2023-11,23.75,66.47,65.2,0.048,15053,1121,2782,37,46,232263.7
West Nile|Koboko District,Koboko District,West Nile,2023-11,23.5,164.22,75.33,0.055,9132,149,11,28,27,286714.5
Lango|Kole District,Kole District,Lango,2023-11,23.27,104.01,74.13,0.05,9485,895,7,35,25,307956.3
Karamoja|Kotido District,Kotido District,Karamoja,2023-11,23.27,33.57,61.81,0.029,10505,844,183,23,1313,219099.7
Teso|Kumi District,Kumi District,Teso,2023-11,23.01,94.3,75.4,0.262,10965,434,29,42,3,308654.4
Lango|Kwania District,Kwania District,Lango,2023-11,23.28,115.88,77.66,0.509,8470,698,9,21,0,233959
Bugisu|Kween District,Kween District,Bugisu,2023-11,21.28,90.46,68.17,0.05,1112,516,16,1,0,117677.6
North Buganda|Kyankwanzi District,Kyankwanzi District,North Buganda,2023-11,21.95,182.83,82.17,0.05,4520,474,16,14,12,323015
Tooro|Kyegegwa District,Kyegegwa District,Tooro,2023-11,20.4,153.87,85.59,0.05,7869,2611,48,29,164,550392.1
Tooro|Kyenjojo District,Kyenjojo District,Tooro,2023-11,20.37,163.76,86.79,0.052,11742,2696,99,58,86,582803.3
South Buganda|Kyotera District,Kyotera District,South Buganda,2023-11,21.73,277.71,82.14,0.971,6462,774,92,13,15,270359.3
Acholi|Lamwo District,Lamwo District,Acholi,2023-11,23.97,107.87,69.67,0.051,15426,1375,23,46,129,147695.4
Lango|Lira City,Lira City,Lango,2023-11,23.25,102.8,73.06,0.157,5396,438,119,29,23,261583.3
Lango|Lira District,Lira District,Lango,2023-11,23.46,100.92,72.25,0.047,7851,509,204,28,56,253006.8
Busoga|Luuka District,Luuka District,Busoga,2023-11,22.1,219.35,85.01,0.047,14593,396,17,3,0,280830.6
North Buganda|Luwero District,Luwero District,North Buganda,2023-11,21.42,211.27,88.51,0.062,14564,2367,200,45,26,556575.1
South Buganda|Lwengo District,Lwengo District,South Buganda,2023-11,20.65,171.52,83.98,0.045,4025,317,53,4,0,296388
South Buganda|Lyantonde District,Lyantonde District,South Buganda,2023-11,20.57,158.24,83.86,0.042,1397,206,24,3,0,119273.2
West Nile|Madi-Okollo District,Madi-Okollo District,West Nile,2023-11,25.08,154.47,72.85,0.103,17800,580,19,12,87,176316.9
Bugisu|Manafwa District,Manafwa District,Bugisu,2023-11,19.2,143.42,86.8,0.052,2517,301,78,14,17,185791
West Nile|Maracha District,Maracha District,West Nile,2023-11,23.02,201.12,75.44,0.043,13449,641,23,31,11,218900.3
South Buganda|Masaka City,Masaka City,South Buganda,2023-11,21.06,197.66,84.65,0.143,1398,273,31,58,0,236551.9
South Buganda|Masaka District,Masaka District,South Buganda,2023-11,22,273.98,81.54,1.839,1011,367,8,4,2,127251.4
Bunyoro|Masindi District,Masindi District,Bunyoro,2023-11,22.89,163.5,80.55,0.053,6828,376,100,47,27,365897.5
Busoga|Mayuge District,Mayuge District,Busoga,2023-11,22.52,256.1,81.86,2.229,16093,603,87,46,24,613519.1
Bugisu|Mbale City,Mbale City,Bugisu,2023-11,20.13,124.9,84.97,0.077,4138,949,176,71,35,347747.3
Bugisu|Mbale District,Mbale District,Bugisu,2023-11,19.64,136.73,86.02,0.051,4479,736,34,1,14,290204.9
Ankole|Mbarara City,Mbarara City,Ankole,2023-11,19.78,150.59,82.48,0.12,555,583,112,76,0,234058.7
Ankole|Mbarara District,Mbarara District,Ankole,2023-11,19.63,148.66,83.73,0.048,1099,207,40,15,5,178810.1
Ankole|Mitooma District,Mitooma District,Ankole,2023-11,19.2,149.61,86.28,0.041,2767,248,4,1,0,198356.6
North Buganda|Mityana District,Mityana District,North Buganda,2023-11,20.89,199.05,88.43,0.205,11414,581,59,40,25,377765
Karamoja|Moroto District,Moroto District,Karamoja,2023-11,22.35,36.18,65.43,0.029,2530,421,65,22,451,125954.9
West Nile|Moyo District,Moyo District,West Nile,2023-11,24.84,163.92,73.67,0.135,7833,795,41,24,27,116082
South Buganda|Mpigi District,Mpigi District,South Buganda,2023-11,21.45,202.49,84.79,0.73,3444,581,41,10,0,304465.8
North Buganda|Mubende District,Mubende District,North Buganda,2023-11,20.59,161.16,86.13,0.056,10392,283,108,49,78,640046.4
North Buganda|Mukono District,Mukono District,North Buganda,2023-11,22.16,263.3,82.97,1.804,10897,1484,204,36,88,755430.3
Karamoja|Nabilatuk District,Nabilatuk District,Karamoja,2023-11,23.15,45.21,66.21,0.031,3003,321,61,10,622,102219.9
Karamoja|Nakapiripirit District,Nakapiripirit District,Karamoja,2023-11,22.41,56.25,65.47,0.04,5540,565,98,13,571,127750
North Buganda|Nakaseke District,Nakaseke District,North Buganda,2023-11,21.93,181.9,84.14,0.047,4298,607,39,20,17,254203.6
North Buganda|Nakasongola District,Nakasongola District,North Buganda,2023-11,22.83,147.2,80.65,0.271,7729,458,24,,0,232762.3
Busoga|Namayingo District,Namayingo District,Busoga,2023-11,22.75,244.27,80,2.909,10476,484,31,9,21,246724
Bugisu|Namisindwa District,Namisindwa District,Bugisu,2023-11,16.82,144.52,86.31,0.052,3633,382,90,5,27,247222.7
Busoga|Namutumba District,Namutumba District,Busoga,2023-11,22.09,179.49,84.84,0.045,5040,814,39,10,3,335480.9
Karamoja|Napak District,Napak District,Karamoja,2023-11,23.56,35.36,63.01,0.03,5745,491,133,15,492,165745.9
West Nile|Nebbi District,Nebbi District,West Nile,2023-11,24.02,144.72,74.26,0.044,14971,910,131,98,42,305463.1
Teso|Ngora District,Ngora District,Teso,2023-11,23.07,106.16,78.37,0.326,5269,168,95,56,2,177912.6
Tooro|Ntoroko District,Ntoroko District,Tooro,2023-11,23.5,128.01,82.38,0.458,610,55,17,6,5,80479.5
Ankole|Ntungamo District,Ntungamo District,Ankole,2023-11,19.26,146.71,83.42,0.045,8717,997,40,33,5,567644.8
Acholi|Nwoya District,Nwoya District,Acholi,2023-11,23.93,165.75,76.69,0.09,11076,672,32,23,39,313441.3
West Nile|Obongi District,Obongi District,West Nile,2023-11,25.55,134.13,73.77,0.259,10304,1274,16,19,71,52157.1
Acholi|Omoro District,Omoro District,Acholi,2023-11,23.57,138.83,72.77,0.059,12596,604,17,8,43,215808.7
Lango|Otuke District,Otuke District,Lango,2023-11,23.88,82.06,65.98,0.046,6670,208,17,5,43,150188.5
Lango|Oyam District,Oyam District,Lango,2023-11,23.23,139.27,75.2,0.063,22068,1158,234,114,128,490256.8
Acholi|Pader District,Pader District,Acholi,2023-11,24.28,101.51,68.01,0.049,21228,960,29,16,37,206135.2
West Nile|Pakwach District,Pakwach District,West Nile,2023-11,25.14,145.06,76.4,0.274,7443,328,61,24,0,218401.6
Bukedi|Pallisa District,Pallisa District,Bukedi,2023-11,22.67,131,81.69,0.348,3978,253,38,15,9,398408.5
South Buganda|Rakai District,Rakai District,South Buganda,2023-11,20.45,186.21,86.15,0.136,5527,594,24,5,10,337974
Kigezi|Rubanda District,Rubanda District,Kigezi,2023-11,16.73,149.53,87.64,0.117,273,456,28,10,8,212816.9
Ankole|Rubirizi District,Rubirizi District,Ankole,2023-11,22.1,160.07,81.22,0.84,1647,106,4,5,2,151086.1
Kigezi|Rukiga District,Rukiga District,Kigezi,2023-11,18.36,144.68,84.23,0.034,773,287,13,6,2,106907.1
Kigezi|Rukungiri District,Rukungiri District,Kigezi,2023-11,20.21,152.84,85.62,0.225,4574,839,89,33,22,341065.6
Ankole|Rwampara District,Rwampara District,Ankole,2023-11,19.2,165.68,83.78,0.036,704,232,2,3,4,152681.7
South Buganda|Sembabule District,Sembabule District,South Buganda,2023-11,20.78,150.29,84.16,0.04,5817,164,38,2,0,318427.6
Teso|Serere District,Serere District,Teso,2023-11,23.31,129.64,77.91,0.889,10102,202,21,35,0,400702.2
Ankole|Sheema District,Sheema District,Ankole,2023-11,19.07,147.68,86.35,0.049,553,541,28,8,5,225681.7
Bugisu|Sironko District,Sironko District,Bugisu,2023-11,17.47,122.37,84.78,0.06,4075,595,40,17,2,289706.3
Teso|Soroti City,Soroti City,Teso,2023-11,22.88,84.37,77.55,0.118,4516,923,62,43,0,76989.1
Teso|Soroti District,Soroti District,Teso,2023-11,22.94,89.76,76.87,0.16,5977,167,4,26,0,322915.3
West Nile|Terego District,Terego District,West Nile,2023-11,24.83,185.79,72.42,0.05,26088,1361,47,28,116,250812.8
Bukedi|Tororo District,Tororo District,Bukedi,2023-11,21.16,190.35,83.78,0.043,7325,2052,148,77,23,637952.2
South Buganda|Wakiso District,Wakiso District,South Buganda,2023-11,21.55,226.24,85.64,1.138,24617,1921,372,96,25,3509684.4
West Nile|Yumbe District,Yumbe District,West Nile,2023-11,24.61,149.93,73.66,0.051,39458,1085,112,94,278,772882.5
West Nile|Zombo District,Zombo District,West Nile,2023-11,21.4,184.05,77.51,0.052,7152,967,32,48,10,305263.7
Karamoja|Abim District,Abim District,Karamoja,2023-12,25.9,30.54,46.58,0.026,5880,243,76,12,128,182300.5
West Nile|Adjumani District,Adjumani District,West Nile,2023-12,27.14,24.37,56.05,0.085,23471,1608,171,60,144,239344.3
Acholi|Agago District,Agago District,Acholi,2023-12,26,35.46,50.07,0.037,14832,390,71,39,21,261782.8
Lango|Alebtong District,Alebtong District,Lango,2023-12,25.49,60.08,56.73,0.042,6994,218,20,33,9,285617.5
Lango|Amolatar District,Amolatar District,Lango,2023-12,24.8,54.09,71.53,1.57,9802,747,26,12,3,181502.7
Karamoja|Amudat District,Amudat District,Karamoja,2023-12,24.92,13.89,45.95,0.021,2257,435,24,5,80,151485
Teso|Amuria District,Amuria District,Teso,2023-12,25.02,57.84,59.27,0.037,10590,160,28,48,7,247821
Acholi|Amuru District,Amuru District,Acholi,2023-12,26.47,31.73,57.23,0.049,10464,352,20,33,22,231864.8
Lango|Apac District,Apac District,Lango,2023-12,24.43,48.59,69.98,0.178,10992,773,34,23,6,248918
West Nile|Arua City,Arua City,West Nile,2023-12,24.75,38.47,57.15,0.06,4567,377,91,6,19,388435.8
West Nile|Arua District,Arua District,West Nile,2023-12,25.66,33.88,54.46,0.043,2399,76,2,17,16,167939.9
Bukedi|Budaka District,Budaka District,Bukedi,2023-12,22.3,65.14,75.39,0.043,5243,292,71,7,0,277838.8
Bugisu|Bududa District,Bududa District,Bugisu,2023-12,14.53,51.55,75.33,0.054,1054,448,91,1,17,306360.7
Busoga|Bugiri District,Bugiri District,Busoga,2023-12,22.52,98.35,82.68,0.107,6183,565,64,25,14,534934.4
Busoga|Bugweri District,Bugweri District,Busoga,2023-12,22.52,91.94,82.93,0.063,7310,339,39,12,5,205038.3
Ankole|Buhweju District,Buhweju District,Ankole,2023-12,19.74,176.91,79.51,0.057,217,95,7,2,8,156471.3
North Buganda|Buikwe District,Buikwe District,North Buganda,2023-12,22.32,143.82,84.45,0.567,9699,934,68,17,6,498434.4
Teso|Bukedea District,Bukedea District,Teso,2023-12,23.21,56.62,66.95,0.045,11881,201,40,15,0,291002.7
South Buganda|Bukomansimbi District,Bukomansimbi District,South Buganda,2023-12,21.69,143.46,80.06,0.038,2325,637,69,9,11,157967.2
Bugisu|Bukwo District,Bukwo District,Bugisu,2023-12,20.49,31.66,52.28,0.054,590,981,31,3,2,136825.1
Bugisu|Bulambuli District,Bulambuli District,Bugisu,2023-12,20.69,48.19,61.54,0.048,4189,1163,26,13,3,263777.3
Bunyoro|Buliisa District,Buliisa District,Bunyoro,2023-12,25.76,35.12,72.5,1.414,3934,270,54,17,12,170832
Tooro|Bundibugyo District,Bundibugyo District,Tooro,2023-12,20.62,110.59,77.06,0.08,4469,546,34,22,122,284221.3
Tooro|Bunyangabu District,Bunyangabu District,Tooro,2023-12,19.18,142.54,79.39,0.055,2074,96,43,9,1,207431.7
Ankole|Bushenyi District,Bushenyi District,Ankole,2023-12,20.36,182.61,79.98,0.065,889,305,32,32,6,244629.8
Bukedi|Busia District,Busia District,Bukedi,2023-12,22.14,105.96,81.99,0.17,14557,328,51,83,54,415561.5
Bukedi|Butaleja District,Butaleja District,Bukedi,2023-12,22.27,69.59,77.75,0.045,3845,589,101,18,28,331292.3
South Buganda|Butambala District,Butambala District,South Buganda,2023-12,21.68,161.43,82.57,0.047,3754,391,31,,1,110597
Bukedi|Butebo District,Butebo District,Bukedi,2023-12,22.89,65.97,74.16,0.042,3189,150,26,5,12,125356.6
North Buganda|Buvuma District,Buvuma District,North Buganda,2023-12,23.65,206.53,76.9,3.172,3204,353,39,5,1,153778.7
Busoga|Buyende District,Buyende District,Busoga,2023-12,24.26,58.47,75.11,0.987,9701,172,24,13,20,467120.2
Lango|Dokolo District,Dokolo District,Lango,2023-12,24.34,58.03,69.15,0.319,7596,382,16,25,0,232263.7
Tooro|Fort Portal City,Fort Portal City,Tooro,2023-12,19.25,105.13,80.07,0.13,955,271,107,17,10,121766.4
South Buganda|Gomba District,Gomba District,South Buganda,2023-12,21.67,133.03,80.37,0.065,3309,57,6,9,1,179807.4
Acholi|Gulu City,Gulu City,Acholi,2023-12,25.26,44.91,59.82,0.159,8473,624,143,57,139,224883.9
Acholi|Gulu District,Gulu District,Acholi,2023-12,26.15,36.25,56.42,0.046,9093,153,5,4,10,126653
Bunyoro|Hoima City,Hoima City,Bunyoro,2023-12,22.8,38.58,77.92,0.109,1733,179,37,36,0,134930.3
Bunyoro|Hoima District,Hoima District,Bunyoro,2023-12,24.77,33.44,73.52,1.439,4384,178,49,8,32,277041
Ankole|Ibanda District,Ibanda District,Ankole,2023-12,21.42,133.94,76.01,0.052,7008,324,45,21,4,290105.2
Busoga|Iganga District,Iganga District,Busoga,2023-12,22.66,82.95,82.02,0.082,18043,961,49,45,17,435606.6
Ankole|Isingiro District,Isingiro District,Ankole,2023-12,21.25,151.87,77.72,0.079,4888,1538,71,56,322,656301.9
Busoga|Jinja City,Jinja City,Busoga,2023-12,22.34,99.79,85.8,0.827,6036,684,102,120,5,280132.5
Busoga|Jinja District,Jinja District,Busoga,2023-12,22.36,93.32,84.81,0.126,8492,429,66,10,18,254203.6
Karamoja|Kaabong District,Kaabong District,Karamoja,2023-12,24.3,16.99,47.71,0.033,4095,899,105,22,945,134032.8
Kigezi|Kabale District,Kabale District,Kigezi,2023-12,18.4,110.07,78.82,0.163,486,770,136,36,9,256198.1
Tooro|Kabarole District,Kabarole District,Tooro,2023-12,21.24,96.79,76.9,0.058,1736,159,19,17,2,234756.8
Teso|Kaberamaido District,Kaberamaido District,Teso,2023-12,24.65,65.07,69.97,0.837,8373,176,17,14,2,148293.7
Bunyoro|Kagadi District,Kagadi District,Bunyoro,2023-12,22.93,52.78,77.15,0.344,3355,161,27,58,41,473403
Bunyoro|Kakumiro District,Kakumiro District,Bunyoro,2023-12,22.28,63.45,76.36,0.055,3329,141,71,17,30,600255.5
Teso|Kalaki District,Kalaki District,Teso,2023-12,24.55,58.08,67.93,0.404,6566,270,6,32,1,154975.4
South Buganda|Kalangala District,Kalangala District,South Buganda,2023-12,23.67,294.46,75.42,3.068,473,121,68,5,2,74296.4
Busoga|Kaliro District,Kaliro District,Busoga,2023-12,23.37,61.78,78.25,0.354,11844,527,123,5,10,317031.4
South Buganda|Kalungu District,Kalungu District,South Buganda,2023-12,21.98,152.86,80.95,0.207,2347,354,54,17,0,188683.1
Kampala|Kampala District,Kampala District,Kampala,2023-12,21.93,169.31,85.25,2.366,20521,3318,580,270,48,1761673.5
Busoga|Kamuli District,Kamuli District,Busoga,2023-12,22.94,68.05,81.44,0.101,26157,1048,160,60,45,594471.3
Tooro|Kamwenge District,Kamwenge District,Tooro,2023-12,21.61,106.96,75.57,0.057,8187,2303,51,58,118,370983.6
Kigezi|Kanungu District,Kanungu District,Kigezi,2023-12,20.94,143.44,80.38,0.187,4307,616,74,37,16,234756.8
Bugisu|Kapchorwa District,Kapchorwa District,Bugisu,2023-12,19.84,49.3,60.37,0.057,867,637,74,11,0,133534.2
Teso|Kapelebyong District,Kapelebyong District,Teso,2023-12,26.17,51.56,50.2,0.031,5252,203,18,11,10,112192.6
Karamoja|Karenga District,Karenga District,Karamoja,2023-12,24.41,19.3,47.63,0.033,2159,139,33,6,191,72900.3
Tooro|Kasese District,Kasese District,Tooro,2023-12,21.07,121.22,74.99,0.435,9412,1818,199,203,90,841594.3
North Buganda|Kassanda District,Kassanda District,North Buganda,2023-12,21.83,89.19,79.19,0.139,6630,137,14,40,6,333187.2
Teso|Katakwi District,Katakwi District,Teso,2023-12,25.45,47.61,56.19,0.189,14450,260,20,9,40,209127
North Buganda|Kayunga District,Kayunga District,North Buganda,2023-12,23.13,76.23,80.12,0.336,9302,602,27,21,0,425933.1
Ankole|Kazo District,Kazo District,Ankole,2023-12,21.7,110.26,76.25,0.05,4080,97,64,5,0,239743.2
Bunyoro|Kibaale District,Kibaale District,Bunyoro,2023-12,21.78,79.43,77.4,0.062,1972,151,16,16,13,234158.5
North Buganda|Kiboga District,Kiboga District,North Buganda,2023-12,22.73,74.72,76.25,0.049,5496,465,79,29,7,182799.2
Bukedi|Kibuku District,Kibuku District,Bukedi,2023-12,22.87,61.23,77.36,0.069,19603,314,57,4,6,277439.9
Bunyoro|Kikuube District,Kikuube District,Bunyoro,2023-12,24.12,37.6,74.45,1.098,10207,1115,39,52,139,413267.8
Ankole|Kiruhura District,Kiruhura District,Ankole,2023-12,21.59,127.96,76.45,0.092,2632,143,1,1,0,204739.1
Bunyoro|Kiryandongo District,Kiryandongo District,Bunyoro,2023-12,24.48,45.08,68.72,0.062,10688,718,39,88,91,338273.2
Kigezi|Kisoro District,Kisoro District,Kigezi,2023-12,17.3,142.55,84.47,0.149,1005,437,119,37,31,331292.3
Tooro|Kitagwenda District,Kitagwenda District,Tooro,2023-12,22.65,132.27,69.29,0.325,2638,37,7,9,2,197259.6
Acholi|Kitgum District,Kitgum District,Acholi,2023-12,25.56,25.15,50.07,0.039,12609,716,60,18,50,232263.7
West Nile|Koboko District,Koboko District,West Nile,2023-12,25.6,16.1,54.9,0.05,8767,119,24,61,41,286714.5
Lango|Kole District,Kole District,Lango,2023-12,24.54,57.85,65.31,0.047,4643,454,9,47,21,307956.3
Karamoja|Kotido District,Kotido District,Karamoja,2023-12,25.36,16.6,45.46,0.02,6556,463,159,9,2109,219099.7
Teso|Kumi District,Kumi District,Teso,2023-12,24.57,54.07,62.88,0.256,14886,238,35,34,23,308654.4
Lango|Kwania District,Kwania District,Lango,2023-12,24.46,57.71,71.19,0.509,5013,431,9,50,0,233959
Bugisu|Kween District,Kween District,Bugisu,2023-12,23.55,31.46,48.05,0.042,1557,461,38,2,3,117677.6
North Buganda|Kyankwanzi District,Kyankwanzi District,North Buganda,2023-12,23.04,55.48,73.45,0.051,2904,292,8,16,7,323015
Tooro|Kyegegwa District,Kyegegwa District,Tooro,2023-12,21.37,90.43,77.58,0.055,5457,1389,44,32,147,550392.1
Tooro|Kyenjojo District,Kyenjojo District,Tooro,2023-12,21.37,83.09,78.38,0.055,8044,2140,47,22,68,582803.3
South Buganda|Kyotera District,Kyotera District,South Buganda,2023-12,22.65,197.99,79.82,0.974,5484,775,90,2,15,270359.3
Acholi|Lamwo District,Lamwo District,Acholi,2023-12,25.76,22.68,54.82,0.043,12637,976,61,38,54,147695.4
Lango|Lira City,Lira City,Lango,2023-12,24.63,59.21,63.97,0.152,4921,434,135,71,14,261583.3
Lango|Lira District,Lira District,Lango,2023-12,25.02,58.47,61.83,0.042,6223,273,35,36,38,253006.8
Busoga|Luuka District,Luuka District,Busoga,2023-12,22.84,73.62,81.47,0.046,12669,339,7,6,0,280830.6
North Buganda|Luwero District,Luwero District,North Buganda,2023-12,22.22,97.66,83.32,0.065,12822,2303,113,26,39,556575.1
South Buganda|Lwengo District,Lwengo District,South Buganda,2023-12,21.6,139.23,79.34,0.05,2906,385,30,3,0,296388
South Buganda|Lyantonde District,Lyantonde District,South Buganda,2023-12,21.62,127.64,77.77,0.046,1285,225,23,11,0,119273.2
West Nile|Madi-Okollo District,Madi-Okollo District,West Nile,2023-12,27.02,27.82,55.64,0.098,9094,277,27,14,49,176316.9
Bugisu|Manafwa District,Manafwa District,Bugisu,2023-12,19.58,68.89,81.29,0.052,2836,322,57,12,3,185791
West Nile|Maracha District,Maracha District,West Nile,2023-12,24.89,31.99,56.76,0.039,7184,316,12,31,10,218900.3
South Buganda|Masaka City,Masaka City,South Buganda,2023-12,21.88,165.85,81.25,0.148,1150,423,47,31,5,236551.9
South Buganda|Masaka District,Masaka District,South Buganda,2023-12,22.99,203.45,78.5,1.84,861,320,11,3,2,127251.4
Bunyoro|Masindi District,Masindi District,Bunyoro,2023-12,24.1,42.69,71.47,0.051,6153,284,49,27,4,365897.5
Busoga|Mayuge District,Mayuge District,Busoga,2023-12,23.26,133.97,79.77,2.23,16887,634,84,41,14,613519.1
Bugisu|Mbale City,Mbale City,Bugisu,2023-12,20.82,63.69,79.12,0.077,4495,873,91,78,10,347747.3
Bugisu|Mbale District,Mbale District,Bugisu,2023-12,20.15,71.28,80.6,0.051,5596,912,22,2,22,290204.9
Ankole|Mbarara City,Mbarara City,Ankole,2023-12,21.09,145.39,74.58,0.127,511,509,54,57,0,234058.7
Ankole|Mbarara District,Mbarara District,Ankole,2023-12,20.84,149.61,76.65,0.053,1002,203,17,6,4,178810.1
Ankole|Mitooma District,Mitooma District,Ankole,2023-12,20.22,169.14,80.55,0.043,1996,429,29,1,0,198356.6
North Buganda|Mityana District,Mityana District,North Buganda,2023-12,21.71,112.85,82.91,0.212,9531,500,53,41,40,377765
Karamoja|Moroto District,Moroto District,Karamoja,2023-12,24.75,10.23,44.02,0.023,2680,435,99,30,377,125954.9
West Nile|Moyo District,Moyo District,West Nile,2023-12,26.99,14.05,54.8,0.129,7703,517,40,30,13,116082
South Buganda|Mpigi District,Mpigi District,South Buganda,2023-12,22.25,168.88,81.29,0.735,3297,544,30,16,1,304465.8
North Buganda|Mubende District,Mubende District,North Buganda,2023-12,21.49,92.25,79.17,0.06,8416,272,105,59,58,640046.4
North Buganda|Mukono District,Mukono District,North Buganda,2023-12,22.93,203.61,80.19,1.806,12666,1559,215,23,79,755430.3
Karamoja|Nabilatuk District,Nabilatuk District,Karamoja,2023-12,25.62,26.97,46.99,0.021,2642,187,98,8,613,102219.9
Karamoja|Nakapiripirit District,Nakapiripirit District,Karamoja,2023-12,24.8,28.39,46.38,0.029,4814,399,205,9,678,127750
North Buganda|Nakaseke District,Nakaseke District,North Buganda,2023-12,22.92,74.76,76.49,0.05,3607,313,93,33,14,254203.6
North Buganda|Nakasongola District,Nakasongola District,North Buganda,2023-12,23.99,61.16,72.24,0.273,11916,544,24,2,1,232762.3
Busoga|Namayingo District,Namayingo District,Busoga,2023-12,23.55,120.75,78.02,2.909,9030,527,37,11,34,246724
Bugisu|Namisindwa District,Namisindwa District,Bugisu,2023-12,17.29,58.77,78.04,0.055,2831,229,17,3,27,247222.7
Busoga|Namutumba District,Namutumba District,Busoga,2023-12,22.86,74.75,80.01,0.044,5737,829,104,18,12,335480.9
Karamoja|Napak District,Napak District,Karamoja,2023-12,25.92,25.83,45.41,0.019,6922,511,120,19,501,165745.9
West Nile|Nebbi District,Nebbi District,West Nile,2023-12,25.45,36.63,60.58,0.041,7594,814,138,132,0,305463.1
Teso|Ngora District,Ngora District,Teso,2023-12,24.28,49.26,69.42,0.322,6642,162,24,54,0,177912.6
Tooro|Ntoroko District,Ntoroko District,Tooro,2023-12,25.07,47.85,70.55,0.459,423,68,16,,8,80479.5
Ankole|Ntungamo District,Ntungamo District,Ankole,2023-12,20.42,137.86,76.68,0.049,4563,786,68,37,13,567644.8
Acholi|Nwoya District,Nwoya District,Acholi,2023-12,25.45,44.84,65.38,0.085,8262,452,15,44,23,313441.3
West Nile|Obongi District,Obongi District,West Nile,2023-12,27.62,16.86,56.41,0.253,8863,959,15,7,121,52157.1
Acholi|Omoro District,Omoro District,Acholi,2023-12,25.18,54.69,60.49,0.053,10455,469,4,6,23,215808.7
Lango|Otuke District,Otuke District,Lango,2023-12,26.13,45.45,50.82,0.035,4312,123,6,2,14,150188.5
Lango|Oyam District,Oyam District,Lango,2023-12,24.61,53.74,64.94,0.058,14411,751,55,85,99,490256.8
Acholi|Pader District,Pader District,Acholi,2023-12,26.13,42.14,54.35,0.041,13819,640,69,18,28,206135.2
West Nile|Pakwach District,Pakwach District,West Nile,2023-12,26.57,28.63,66.03,0.271,4499,225,39,26,0,218401.6
Bukedi|Pallisa District,Pallisa District,Bukedi,2023-12,23.5,62.38,76.52,0.345,6215,337,55,25,11,398408.5
South Buganda|Rakai District,Rakai District,South Buganda,2023-12,21.44,149.73,82.11,0.143,5047,561,31,3,7,337974
Kigezi|Rubanda District,Rubanda District,Kigezi,2023-12,17.61,120.19,82.42,0.121,263,360,24,5,11,212816.9
Ankole|Rubirizi District,Rubirizi District,Ankole,2023-12,23.65,123.95,71.45,0.844,1442,66,3,12,1,151086.1
Kigezi|Rukiga District,Rukiga District,Kigezi,2023-12,19.53,122.31,77.07,0.039,488,246,15,1,4,106907.1
Kigezi|Rukungiri District,Rukungiri District,Kigezi,2023-12,21.29,140.75,79.68,0.229,2366,859,102,24,15,341065.6
Ankole|Rwampara District,Rwampara District,Ankole,2023-12,20.39,177.49,76.97,0.043,484,138,0,5,7,152681.7
South Buganda|Sembabule District,Sembabule District,South Buganda,2023-12,21.74,118.39,77.91,0.045,3559,110,53,1,0,318427.6
Teso|Serere District,Serere District,Teso,2023-12,24.38,51.13,71.87,0.888,10651,323,112,23,0,400702.2
Ankole|Sheema District,Sheema District,Ankole,2023-12,20.17,177.85,80.79,0.054,461,426,30,14,11,225681.7
Bugisu|Sironko District,Sironko District,Bugisu,2023-12,18.17,50.97,76.18,0.059,4432,568,30,17,4,289706.3
Teso|Soroti City,Soroti City,Teso,2023-12,24.27,43.88,67.5,0.114,4726,328,74,18,8,76989.1
Teso|Soroti District,Soroti District,Teso,2023-12,24.43,50.97,66.3,0.156,6150,131,34,24,0,322915.3
West Nile|Terego District,Terego District,West Nile,2023-12,27.03,25.83,52.45,0.043,17369,974,40,41,66,250812.8
Bukedi|Tororo District,Tororo District,Bukedi,2023-12,21.85,86.89,78.06,0.044,6251,1432,93,73,28,637952.2
South Buganda|Wakiso District,Wakiso District,South Buganda,2023-12,22.36,169.39,82.2,1.14,31648,2659,411,130,11,3509684.4
West Nile|Yumbe District,Yumbe District,West Nile,2023-12,26.91,12.55,52.59,0.044,29776,1049,113,55,100,772882.5
West Nile|Zombo District,Zombo District,West Nile,2023-12,22.69,39.88,62.83,0.049,5465,727,79,49,4,305263.7
Karamoja|Abim District,Abim District,Karamoja,2024-01,25.96,21.55,46.41,0.02,6983,158,19,10,148,193600
West Nile|Adjumani District,Adjumani District,West Nile,2024-01,29.05,10.27,34.52,0.069,17017,2538,175,47,173,241200
Acholi|Agago District,Agago District,Acholi,2024-01,26.41,11.81,45.4,0.028,9489,240,121,14,80,266000
Lango|Alebtong District,Alebtong District,Lango,2024-01,26.25,29.89,51.05,0.035,6500,194,16,21,28,293200
Lango|Amolatar District,Amolatar District,Lango,2024-01,25.6,35.29,64.01,1.564,8120,441,17,12,2,185900
Karamoja|Amudat District,Amudat District,Karamoja,2024-01,24.66,25.26,49.98,0.017,2148,263,7,5,175,157800
Teso|Amuria District,Amuria District,Teso,2024-01,25.72,46.04,54.65,0.034,11454,158,29,34,7,256400
Acholi|Amuru District,Amuru District,Acholi,2024-01,28.36,12.35,36.61,0.033,6885,380,31,34,20,237700
Lango|Apac District,Apac District,Lango,2024-01,25.76,27.77,57.31,0.169,6150,1235,12,24,11,257500
West Nile|Arua City,Arua City,West Nile,2024-01,26.74,10.12,34.95,0.049,4902,267,141,8,29,399400
West Nile|Arua District,Arua District,West Nile,2024-01,27.45,10.66,34.1,0.03,1575,57,7,12,17,172300
Bukedi|Budaka District,Budaka District,Bukedi,2024-01,23.08,123.45,68.86,0.042,9895,169,60,14,29,287100
Bugisu|Bududa District,Bududa District,Bugisu,2024-01,14.52,116.64,76.62,0.054,1480,669,87,,30,319800
Busoga|Bugiri District,Bugiri District,Busoga,2024-01,22.83,175.13,79.33,0.102,7754,681,89,29,12,555800
Busoga|Bugweri District,Bugweri District,Busoga,2024-01,22.95,163.8,78.19,0.061,8477,188,26,6,4,210300
Ankole|Buhweju District,Buhweju District,Ankole,2024-01,20.74,33.67,68.75,0.059,229,118,19,4,12,161100
North Buganda|Buikwe District,Buikwe District,North Buganda,2024-01,22.86,163.73,78.59,0.566,13062,1259,114,54,11,508000
Teso|Bukedea District,Bukedea District,Teso,2024-01,23.78,72.01,62.5,0.043,14187,178,33,18,1,303100
South Buganda|Bukomansimbi District,Bukomansimbi District,South Buganda,2024-01,22.79,52.01,70.5,0.034,2237,504,74,2,5,158700
Bugisu|Bukwo District,Bukwo District,Bugisu,2024-01,20.33,76.27,55.12,0.041,1428,747,24,,7,143600
Bugisu|Bulambuli District,Bulambuli District,Bugisu,2024-01,20.88,73.87,60.18,0.043,4265,961,37,8,9,276500
Bunyoro|Buliisa District,Buliisa District,Bunyoro,2024-01,26.89,10.35,59.82,1.408,4037,517,43,17,16,179000
Tooro|Bundibugyo District,Bundibugyo District,Tooro,2024-01,21.77,26.39,59.46,0.075,3609,577,66,42,135,292000
Tooro|Bunyangabu District,Bunyangabu District,Tooro,2024-01,20.4,27.2,62.45,0.053,1647,154,88,15,6,212200
Ankole|Bushenyi District,Bushenyi District,Ankole,2024-01,21.21,31.67,71.25,0.063,923,438,24,49,56,246800
Bukedi|Busia District,Busia District,Bukedi,2024-01,22.25,174.35,80.2,0.164,16829,365,71,64,72,427600
Bukedi|Butaleja District,Butaleja District,Bukedi,2024-01,22.9,134.4,72.73,0.043,5254,551,86,15,19,343100
South Buganda|Butambala District,Butambala District,South Buganda,2024-01,22.89,72.92,71.35,0.043,3615,177,26,,2,111900
Bukedi|Butebo District,Butebo District,Bukedi,2024-01,23.64,101.3,67.83,0.041,4411,137,28,14,10,127000
North Buganda|Buvuma District,Buvuma District,North Buganda,2024-01,23.95,120.26,73.23,3.172,4502,328,42,,5,163500
Busoga|Buyende District,Buyende District,Busoga,2024-01,25.09,70.13,66.1,0.983,12159,208,7,14,14,487100
Lango|Dokolo District,Dokolo District,Lango,2024-01,25.15,33.92,62.74,0.313,8031,330,36,21,5,238700
Tooro|Fort Portal City,Fort Portal City,Tooro,2024-01,20.27,20.73,61.33,0.126,838,324,103,34,12,124300
South Buganda|Gomba District,Gomba District,South Buganda,2024-01,23.14,55.81,66.27,0.063,3456,90,8,14,6,182200
Acholi|Gulu City,Gulu City,Acholi,2024-01,26.89,18.69,42.56,0.146,6977,881,142,47,64,231300
Acholi|Gulu District,Gulu District,Acholi,2024-01,27.79,16.5,39.35,0.031,5715,95,11,11,23,130200
Bunyoro|Hoima City,Hoima City,Bunyoro,2024-01,23.78,21.11,62.93,0.098,1717,210,50,62,0,139500
Bunyoro|Hoima District,Hoima District,Bunyoro,2024-01,25.75,14.45,61.03,1.431,2936,189,52,19,24,286800
Ankole|Ibanda District,Ibanda District,Ankole,2024-01,22.82,28.46,61.49,0.049,7658,356,45,18,2,295100
Busoga|Iganga District,Iganga District,Busoga,2024-01,23.27,159.12,75.27,0.082,22857,1149,83,79,24,448300
Ankole|Isingiro District,Isingiro District,Ankole,2024-01,22.26,44.64,67.66,0.078,5216,1800,83,65,333,679200
Busoga|Jinja City,Jinja City,Busoga,2024-01,22.84,174.83,79.37,0.826,7574,770,116,107,15,284300
Busoga|Jinja District,Jinja District,Busoga,2024-01,22.99,149.93,77.31,0.126,10490,845,35,7,21,257900
Karamoja|Kaabong District,Kaabong District,Karamoja,2024-01,24.7,9.29,44.95,0.022,5106,494,106,16,889,137100
Kigezi|Kabale District,Kabale District,Kigezi,2024-01,18.93,52.13,73.55,0.162,434,877,99,37,27,259400
Tooro|Kabarole District,Kabarole District,Tooro,2024-01,22.62,20.19,57.31,0.054,1218,203,6,6,8,239400
Teso|Kaberamaido District,Kaberamaido District,Teso,2024-01,25.34,45.14,64.08,0.831,9394,144,6,11,4,154500
Bunyoro|Kagadi District,Kagadi District,Bunyoro,2024-01,24.2,20.34,59.28,0.333,1976,160,32,47,57,489800
Bunyoro|Kakumiro District,Kakumiro District,Bunyoro,2024-01,23.7,23.05,58.29,0.042,2847,176,38,25,17,651200
Teso|Kalaki District,Kalaki District,Teso,2024-01,25.26,44.45,62.45,0.399,7075,224,21,32,0,161000
South Buganda|Kalangala District,Kalangala District,South Buganda,2024-01,24.21,114.41,70.55,3.068,546,159,52,4,0,77000
Busoga|Kaliro District,Kaliro District,Busoga,2024-01,24.12,115.48,70.53,0.353,14769,917,124,6,10,327800
South Buganda|Kalungu District,Kalungu District,South Buganda,2024-01,22.94,57.81,73.14,0.203,2082,392,29,10,2,190300
Kampala|Kampala District,Kampala District,Kampala,2024-01,22.64,100.6,77.99,2.366,20214,2435,576,492,125,1793600
Busoga|Kamuli District,Kamuli District,Busoga,2024-01,23.92,99.07,70.69,0.098,32183,1785,173,13,36,608400
Tooro|Kamwenge District,Kamwenge District,Tooro,2024-01,23.04,22.06,58.66,0.051,6576,2721,49,65,201,384800
Kigezi|Kanungu District,Kanungu District,Kigezi,2024-01,21.84,29,68.86,0.188,3490,739,57,28,26,239400
Bugisu|Kapchorwa District,Kapchorwa District,Bugisu,2024-01,19.89,84.26,60.5,0.051,913,589,13,4,3,137300
Teso|Kapelebyong District,Kapelebyong District,Teso,2024-01,26.65,49.07,47.83,0.027,6232,172,34,18,10,115500
Karamoja|Karenga District,Karenga District,Karamoja,2024-01,24.85,9.73,43.25,0.02,2009,201,47,4,389,74800
Tooro|Kasese District,Kasese District,Tooro,2024-01,22.1,19.66,64.39,0.433,7362,1528,197,74,79,860300
North Buganda|Kassanda District,Kassanda District,North Buganda,2024-01,23.3,38.57,63.99,0.131,7606,120,12,22,14,341100
Teso|Katakwi District,Katakwi District,Teso,2024-01,26.02,54.45,52.86,0.185,11397,192,34,74,14,214600
North Buganda|Kayunga District,Kayunga District,North Buganda,2024-01,24.15,91.48,68.73,0.33,12280,730,46,6,0,433100
Ankole|Kazo District,Kazo District,Ankole,2024-01,23.51,30.07,57.44,0.048,4950,223,68,,4,248400
Bunyoro|Kibaale District,Kibaale District,Bunyoro,2024-01,23.17,26.69,58.98,0.052,1582,137,8,21,81,248100
North Buganda|Kiboga District,Kiboga District,North Buganda,2024-01,24.38,39.48,58.85,0.04,4683,541,61,36,18,187200
Bukedi|Kibuku District,Kibuku District,Bukedi,2024-01,23.55,110.85,71.88,0.068,23744,380,175,4,6,287700
Bunyoro|Kikuube District,Kikuube District,Bunyoro,2024-01,25.3,17.18,58.97,1.086,8736,913,50,20,159,434300
Ankole|Kiruhura District,Kiruhura District,Ankole,2024-01,22.96,39.17,62.66,0.088,3805,528,4,2,0,211700
Bunyoro|Kiryandongo District,Kiryandongo District,Bunyoro,2024-01,25.98,21.74,52.1,0.053,8020,848,41,56,100,347800
Kigezi|Kisoro District,Kisoro District,Kigezi,2024-01,17.69,70.52,76.27,0.145,975,592,129,20,75,337500
Tooro|Kitagwenda District,Kitagwenda District,Tooro,2024-01,24.09,22.74,55.41,0.323,1848,28,4,4,0,204300
Acholi|Kitgum District,Kitgum District,Acholi,2024-01,26.23,10.62,41.56,0.025,11219,700,85,38,65,235700
West Nile|Koboko District,Koboko District,West Nile,2024-01,27.77,7.72,30.65,0.032,7121,173,20,70,42,297600
Lango|Kole District,Kole District,Lango,2024-01,25.6,28.37,56.08,0.039,3374,306,5,21,15,317000
Karamoja|Kotido District,Kotido District,Karamoja,2024-01,25.31,15.94,45.91,0.013,9440,476,125,24,1645,223900
Teso|Kumi District,Kumi District,Teso,2024-01,25.15,60.09,59.34,0.253,14159,224,24,26,25,317700
Lango|Kwania District,Kwania District,Lango,2024-01,25.44,29.7,62.61,0.501,3956,442,10,19,3,240500
Bugisu|Kween District,Kween District,Bugisu,2024-01,23.42,55.45,50.74,0.032,1705,369,20,4,8,120800
North Buganda|Kyankwanzi District,Kyankwanzi District,North Buganda,2024-01,24.56,23.26,56.03,0.038,2089,367,8,18,20,338300
Tooro|Kyegegwa District,Kyegegwa District,Tooro,2024-01,22.88,30.16,59.05,0.05,4222,1222,48,29,176,593900
Tooro|Kyenjojo District,Kyenjojo District,Tooro,2024-01,22.69,21.88,59.66,0.048,6606,1837,57,67,85,604600
South Buganda|Kyotera District,Kyotera District,South Buganda,2024-01,23.31,95.05,74.15,0.973,5321,879,33,15,15,274200
Acholi|Lamwo District,Lamwo District,Acholi,2024-01,27.06,10.3,39.57,0.026,14653,700,50,36,102,149300
Lango|Lira City,Lira City,Lango,2024-01,25.57,33.14,56.12,0.146,4884,530,121,93,20,268600
Lango|Lira District,Lira District,Lango,2024-01,25.91,28.78,54.18,0.034,5576,283,21,16,38,259800
Busoga|Luuka District,Luuka District,Busoga,2024-01,23.62,140.05,73.06,0.046,16898,286,36,1,0,286200
North Buganda|Luwero District,Luwero District,North Buganda,2024-01,23.3,84.9,71.17,0.06,13688,2045,139,63,49,569200
South Buganda|Lwengo District,Lwengo District,South Buganda,2024-01,22.64,59.1,70.35,0.049,3359,364,23,16,0,298900
South Buganda|Lyantonde District,Lyantonde District,South Buganda,2024-01,23.07,41.3,63.91,0.043,1660,178,59,10,0,122600
West Nile|Madi-Okollo District,Madi-Okollo District,West Nile,2024-01,28.79,7.9,36.66,0.082,5498,358,26,30,49,180900
Bugisu|Manafwa District,Manafwa District,Bugisu,2024-01,19.75,138.76,80.01,0.051,3403,109,69,10,12,190000
West Nile|Maracha District,Maracha District,West Nile,2024-01,27.03,11.07,33.24,0.026,4506,313,14,27,8,222900
South Buganda|Masaka City,Masaka City,South Buganda,2024-01,22.65,60.13,75.21,0.148,1266,480,55,14,0,241400
South Buganda|Masaka District,Masaka District,South Buganda,2024-01,23.64,82.98,73.14,1.84,1083,664,12,10,0,129800
Bunyoro|Masindi District,Masindi District,Bunyoro,2024-01,25.39,17.83,55.28,0.039,4325,278,54,35,37,375600
Busoga|Mayuge District,Mayuge District,Busoga,2024-01,23.42,141.24,76.56,2.23,18735,523,86,69,29,632000
Bugisu|Mbale City,Mbale City,Bugisu,2024-01,21.35,126.08,74.45,0.075,5928,729,161,90,21,358700
Bugisu|Mbale District,Mbale District,Bugisu,2024-01,20.54,139.11,77.34,0.05,7044,1173,54,5,19,299000
Ankole|Mbarara City,Mbarara City,Ankole,2024-01,22.42,36.34,62.1,0.124,787,484,96,67,1,238500
Ankole|Mbarara District,Mbarara District,Ankole,2024-01,22.06,33.01,64.98,0.053,838,291,27,7,8,182600
Ankole|Mitooma District,Mitooma District,Ankole,2024-01,21.02,27.82,71.29,0.048,1508,283,10,2,0,200200
North Buganda|Mityana District,Mityana District,North Buganda,2024-01,22.92,56.91,70.65,0.207,6519,409,34,51,26,383900
Karamoja|Moroto District,Moroto District,Karamoja,2024-01,24.87,17.47,43.91,0.015,2832,448,44,35,450,128800
West Nile|Moyo District,Moyo District,West Nile,2024-01,28.74,6.41,32.39,0.112,4698,513,63,18,14,118800
South Buganda|Mpigi District,Mpigi District,South Buganda,2024-01,23.27,73.61,72.08,0.732,3640,627,40,7,0,311200
North Buganda|Mubende District,Mubende District,North Buganda,2024-01,22.9,33.69,62.74,0.051,5864,234,74,40,21,672900
North Buganda|Mukono District,Mukono District,North Buganda,2024-01,23.58,123.81,73.88,1.803,15986,1901,174,20,69,776000
Karamoja|Nabilatuk District,Nabilatuk District,Karamoja,2024-01,25.53,36.72,48.81,0.019,2711,199,52,11,355,107100
Karamoja|Nakapiripirit District,Nakapiripirit District,Karamoja,2024-01,24.45,34.96,50.19,0.023,4468,344,74,6,650,133200
North Buganda|Nakaseke District,Nakaseke District,North Buganda,2024-01,24.3,43.03,61.02,0.041,4858,285,54,12,24,261800
North Buganda|Nakasongola District,Nakasongola District,North Buganda,2024-01,25.26,43.72,58.6,0.265,11545,725,38,,0,239400
Busoga|Namayingo District,Namayingo District,Busoga,2024-01,23.54,105.32,75.85,2.909,8829,590,63,22,7,250600
Bugisu|Namisindwa District,Namisindwa District,Bugisu,2024-01,17.22,136.43,79.77,0.051,3095,302,18,,26,253200
Busoga|Namutumba District,Namutumba District,Busoga,2024-01,23.47,138.89,74.59,0.044,9342,1199,98,16,31,346600
Karamoja|Napak District,Napak District,Karamoja,2024-01,25.98,36.55,46.07,0.016,6392,606,118,23,407,168700
West Nile|Nebbi District,Nebbi District,West Nile,2024-01,26.98,8.84,43.82,0.026,7798,600,146,79,37,314100
Teso|Ngora District,Ngora District,Teso,2024-01,24.78,61.91,65.83,0.319,7276,255,28,46,8,182600
Tooro|Ntoroko District,Ntoroko District,Tooro,2024-01,26.5,12.28,53.25,0.452,616,65,19,9,17,82100
Ankole|Ntungamo District,Ntungamo District,Ankole,2024-01,21.23,32.27,69.43,0.052,6160,1086,83,41,3,578200
Acholi|Nwoya District,Nwoya District,Acholi,2024-01,27.17,15.1,47.04,0.072,4993,461,32,43,26,345300
West Nile|Obongi District,Obongi District,West Nile,2024-01,29.46,6.92,34.93,0.236,5155,807,29,8,100,53200
Acholi|Omoro District,Omoro District,Acholi,2024-01,26.56,20.01,46.43,0.04,7083,425,24,19,18,223200
Lango|Otuke District,Otuke District,Lango,2024-01,26.63,25.02,47.1,0.027,4839,107,14,3,14,156600
Lango|Oyam District,Oyam District,Lango,2024-01,25.95,23.68,51.94,0.047,11826,587,61,109,74,504200
Acholi|Pader District,Pader District,Acholi,2024-01,27.13,13.97,44.23,0.029,10890,612,54,30,30,209600
West Nile|Pakwach District,Pakwach District,West Nile,2024-01,28.16,7.84,49.54,0.256,4051,144,31,37,0,226600
Bukedi|Pallisa District,Pallisa District,Bukedi,2024-01,24.11,100.42,71.03,0.344,8030,249,37,45,25,415500
South Buganda|Rakai District,Rakai District,South Buganda,2024-01,22.2,59.58,74.92,0.141,4613,691,30,13,2,345700
Kigezi|Rubanda District,Rubanda District,Kigezi,2024-01,18.04,56.38,75.45,0.123,255,462,35,3,20,214800
Ankole|Rubirizi District,Rubirizi District,Ankole,2024-01,24.94,18.95,60.24,0.84,1926,106,3,2,2,153900
Kigezi|Rukiga District,Rukiga District,Kigezi,2024-01,20.21,44.09,70.71,0.042,416,319,5,3,11,107700
Kigezi|Rukungiri District,Rukungiri District,Kigezi,2024-01,22.28,25.85,68.76,0.23,2358,737,83,29,15,344200
Ankole|Rwampara District,Rwampara District,Ankole,2024-01,21.39,41.74,67.44,0.044,592,151,0,4,0,156200
South Buganda|Sembabule District,Sembabule District,South Buganda,2024-01,23.35,42.7,62.26,0.041,3374,100,49,,0,327000
Teso|Serere District,Serere District,Teso,2024-01,25.06,58.48,65.31,0.884,12520,337,35,22,4,416500
Ankole|Sheema District,Sheema District,Ankole,2024-01,20.96,36.06,72.86,0.052,533,511,29,17,12,227900
Bugisu|Sironko District,Sironko District,Bugisu,2024-01,18.45,102.46,73.87,0.05,5135,576,10,22,1,295600
Teso|Soroti City,Soroti City,Teso,2024-01,24.91,59.56,62.72,0.113,4970,399,28,25,4,79500
Teso|Soroti District,Soroti District,Teso,2024-01,25.07,49.04,61.62,0.153,8670,146,16,14,0,334400
West Nile|Terego District,Terego District,West Nile,2024-01,29.01,7.95,30.94,0.027,17197,595,45,39,78,257000
Bukedi|Tororo District,Tororo District,Bukedi,2024-01,22.12,149.58,75.65,0.042,9312,1702,68,73,54,653400
South Buganda|Wakiso District,Wakiso District,South Buganda,2024-01,23.13,89.03,74.6,1.138,27837,2211,364,184,20,3741000
West Nile|Yumbe District,Yumbe District,West Nile,2024-01,28.95,6.34,29.51,0.025,20934,841,146,94,235,815200
West Nile|Zombo District,Zombo District,West Nile,2024-01,24.51,11.36,41.87,0.037,5062,1033,39,42,29,313900
Karamoja|Abim District,Abim District,Karamoja,2024-02,27.31,46.56,41.08,0.02,5157,164,18,13,108,193600
West Nile|Adjumani District,Adjumani District,West Nile,2024-02,29.55,39.31,41.23,0.063,11225,1805,146,38,153,241200
Acholi|Agago District,Agago District,Acholi,2024-02,27.74,52.22,41.29,0.027,5740,220,106,14,77,266000
Lango|Alebtong District,Alebtong District,Lango,2024-02,27.64,52.66,45.6,0.032,4764,155,5,15,25,293200
Lango|Amolatar District,Amolatar District,Lango,2024-02,26.37,40.98,61.87,1.564,5564,346,23,7,21,185900
Karamoja|Amudat District,Amudat District,Karamoja,2024-02,26.18,37.9,41.93,0.015,1905,219,10,6,256,157800
Teso|Amuria District,Amuria District,Teso,2024-02,27.02,50.09,48.01,0.029,9259,99,36,34,7,256400
Acholi|Amuru District,Amuru District,Acholi,2024-02,28.87,44.27,42.63,0.029,3415,200,50,9,31,237700
Lango|Apac District,Apac District,Lango,2024-02,26.7,53,55.26,0.168,3692,440,23,20,20,257500
West Nile|Arua City,Arua City,West Nile,2024-02,27.24,44.69,43.09,0.047,3631,302,220,32,12,399400
West Nile|Arua District,Arua District,West Nile,2024-02,27.95,40.73,42.37,0.026,2103,66,14,5,29,172300
Bukedi|Budaka District,Budaka District,Bukedi,2024-02,24.08,98.15,63.17,0.043,11256,195,37,21,40,287100
Bugisu|Bududa District,Bududa District,Bugisu,2024-02,15.35,126.82,69.62,0.06,1443,738,56,4,12,319800
Busoga|Bugiri District,Bugiri District,Busoga,2024-02,23.42,106.71,77.81,0.107,6554,642,41,21,22,555800
Busoga|Bugweri District,Bugweri District,Busoga,2024-02,23.51,95.75,77.42,0.063,7393,179,38,7,6,210300
Ankole|Buhweju District,Buhweju District,Ankole,2024-02,20.98,60.26,70.53,0.053,211,228,27,2,11,161100
North Buganda|Buikwe District,Buikwe District,North Buganda,2024-02,23.49,80.69,78.69,0.575,9173,1128,61,55,25,508000
Teso|Bukedea District,Bukedea District,Teso,2024-02,24.55,69.76,57.35,0.04,12309,147,37,23,1,303100
South Buganda|Bukomansimbi District,Bukomansimbi District,South Buganda,2024-02,23.14,53.07,72.31,0.043,2077,358,70,,10,158700
Bugisu|Bukwo District,Bukwo District,Bugisu,2024-02,21.58,77.06,47.24,0.042,1370,709,31,,7,143600
Bugisu|Bulambuli District,Bulambuli District,Bugisu,2024-02,22.09,70.52,53.53,0.043,2662,727,33,4,3,276500
Bunyoro|Buliisa District,Buliisa District,Bunyoro,2024-02,27.67,34.28,59.48,1.41,2904,477,50,13,9,179000
Tooro|Bundibugyo District,Bundibugyo District,Tooro,2024-02,22.38,54.17,63.49,0.073,7283,966,76,47,117,292000
Tooro|Bunyangabu District,Bunyangabu District,Tooro,2024-02,20.75,51.94,68.49,0.048,1399,227,69,5,11,212200
Ankole|Bushenyi District,Bushenyi District,Ankole,2024-02,21.5,71.57,72.11,0.062,836,443,44,38,16,246800
Bukedi|Busia District,Busia District,Bukedi,2024-02,23.04,134.2,77.37,0.173,11044,432,62,50,115,427600
Bukedi|Butaleja District,Butaleja District,Bukedi,2024-02,23.68,104.34,69.05,0.046,6684,441,98,18,8,343100
South Buganda|Butambala District,Butambala District,South Buganda,2024-02,23.54,61.06,71.17,0.054,2094,267,10,,1,111900
Bukedi|Butebo District,Butebo District,Bukedi,2024-02,24.59,87.77,62.43,0.04,3839,135,23,7,9,127000
North Buganda|Buvuma District,Buvuma District,North Buganda,2024-02,24.76,76.61,71.87,3.172,2779,199,47,1,1,163500
Busoga|Buyende District,Buyende District,Busoga,2024-02,25.94,57.46,63.93,0.983,9034,213,123,13,25,487100
Lango|Dokolo District,Dokolo District,Lango,2024-02,26.26,53.14,58.18,0.313,6588,279,25,10,1,238700
Tooro|Fort Portal City,Fort Portal City,Tooro,2024-02,20.9,42.36,66.81,0.121,549,346,92,17,6,124300
South Buganda|Gomba District,Gomba District,South Buganda,2024-02,23.61,49.56,68.29,0.067,3223,72,5,9,7,182200
Acholi|Gulu City,Gulu City,Acholi,2024-02,27.7,43.46,44.92,0.144,5002,524,129,39,43,231300
Acholi|Gulu District,Gulu District,Acholi,2024-02,28.59,46.75,42.18,0.028,2436,97,15,3,36,130200
Bunyoro|Hoima City,Hoima City,Bunyoro,2024-02,24.67,41.03,63.8,0.102,1144,187,28,53,0,139500
Bunyoro|Hoima District,Hoima District,Bunyoro,2024-02,26.34,33.45,62.91,1.434,2553,204,48,6,29,286800
Ankole|Ibanda District,Ibanda District,Ankole,2024-02,23.21,43.11,63.51,0.042,7470,368,76,19,2,295100
Busoga|Iganga District,Iganga District,Busoga,2024-02,23.94,84.16,74.31,0.085,18874,921,158,65,21,448300
Ankole|Isingiro District,Isingiro District,Ankole,2024-02,22.51,54.92,69.37,0.076,5931,2251,121,34,318,679200
Busoga|Jinja City,Jinja City,Busoga,2024-02,23.46,83.88,79.61,0.831,6281,775,95,99,23,284300
Busoga|Jinja District,Jinja District,Busoga,2024-02,23.63,76.14,77.36,0.132,8635,771,22,8,24,257900
Karamoja|Kaabong District,Kaabong District,Karamoja,2024-02,25.7,36.59,43.09,0.02,2593,348,61,12,526,137100
Kigezi|Kabale District,Kabale District,Kigezi,2024-02,19.26,52.78,73.9,0.17,418,767,126,28,8,259400
Tooro|Kabarole District,Kabarole District,Tooro,2024-02,23.12,38.98,63.47,0.052,1040,267,27,13,6,239400
Teso|Kaberamaido District,Kaberamaido District,Teso,2024-02,26.26,47.93,60.72,0.83,7685,111,13,14,2,154500
Bunyoro|Kagadi District,Kagadi District,Bunyoro,2024-02,24.8,38.63,64.18,0.336,3201,116,34,57,33,489800
Bunyoro|Kakumiro District,Kakumiro District,Bunyoro,2024-02,24.41,46.28,61.18,0.045,2128,199,51,24,14,651200
Teso|Kalaki District,Kalaki District,Teso,2024-02,26.55,46.13,55.74,0.397,5588,142,33,10,6,161000
South Buganda|Kalangala District,Kalangala District,South Buganda,2024-02,24.81,101.35,70.35,3.069,420,97,44,3,0,77000
Busoga|Kaliro District,Kaliro District,Busoga,2024-02,25,75.71,67.4,0.354,9756,574,72,12,10,327800
South Buganda|Kalungu District,Kalungu District,South Buganda,2024-02,23.31,60.03,74.22,0.213,2219,443,16,7,0,190300
Kampala|Kampala District,Kampala District,Kampala,2024-02,23.31,56.75,77.36,2.368,15650,2545,605,299,100,1793600
Busoga|Kamuli District,Kamuli District,Busoga,2024-02,24.71,69.92,69.35,0.101,26213,1009,97,28,22,608400
Tooro|Kamwenge District,Kamwenge District,Tooro,2024-02,23.54,37,62.94,0.049,6162,2371,63,60,100,384800
Kigezi|Kanungu District,Kanungu District,Kigezi,2024-02,22.03,71.4,72.38,0.188,2707,824,91,20,24,239400
Bugisu|Kapchorwa District,Kapchorwa District,Bugisu,2024-02,21.16,72.93,53.26,0.051,516,403,20,11,13,137300
Teso|Kapelebyong District,Kapelebyong District,Teso,2024-02,27.76,50.36,43.36,0.021,4860,113,32,4,11,115500
Karamoja|Karenga District,Karenga District,Karamoja,2024-02,25.76,35.96,42.99,0.018,1215,108,26,16,144,74800
Tooro|Kasese District,Kasese District,Tooro,2024-02,22.31,51.84,67.59,0.431,9823,1484,337,157,97,860300
North Buganda|Kassanda District,Kassanda District,North Buganda,2024-02,23.93,44.48,65.54,0.14,4447,153,10,60,7,341100
Teso|Katakwi District,Katakwi District,Teso,2024-02,27.47,50.21,46.3,0.182,9578,134,37,25,26,214600
North Buganda|Kayunga District,Kayunga District,North Buganda,2024-02,24.91,59.6,67.43,0.333,9782,564,42,11,0,433100
Ankole|Kazo District,Kazo District,Ankole,2024-02,23.89,38.05,61.21,0.04,5292,90,30,7,10,248400
Bunyoro|Kibaale District,Kibaale District,Bunyoro,2024-02,23.88,47.47,62.29,0.053,1071,149,11,19,54,248100
North Buganda|Kiboga District,Kiboga District,North Buganda,2024-02,25.25,56.04,59.26,0.046,4481,494,90,34,32,187200
Bukedi|Kibuku District,Kibuku District,Bukedi,2024-02,24.42,92.06,67.55,0.07,22214,189,135,2,4,287700
Bunyoro|Kikuube District,Kikuube District,Bunyoro,2024-02,25.79,33.97,63.32,1.092,7406,875,98,31,143,434300
Ankole|Kiruhura District,Kiruhura District,Ankole,2024-02,23.17,44.74,66.26,0.08,4705,278,15,1,0,211700
Bunyoro|Kiryandongo District,Kiryandongo District,Bunyoro,2024-02,27.02,49.76,51.53,0.056,6012,738,77,63,118,347800
Kigezi|Kisoro District,Kisoro District,Kigezi,2024-02,17.9,78.39,79.77,0.152,836,649,145,21,27,337500
Tooro|Kitagwenda District,Kitagwenda District,Tooro,2024-02,24.36,43.11,58.92,0.318,2310,188,5,2,2,204300
Acholi|Kitgum District,Kitgum District,Acholi,2024-02,27.21,41.89,42.09,0.025,6743,466,106,37,33,235700
West Nile|Koboko District,Koboko District,West Nile,2024-02,28.18,37.32,39.58,0.026,5594,154,44,75,15,297600
Lango|Kole District,Kole District,Lango,2024-02,27,52.13,50.66,0.038,2981,263,4,11,14,317000
Karamoja|Kotido District,Kotido District,Karamoja,2024-02,26.65,36.33,41.23,0.012,7828,465,78,12,3341,223900
Teso|Kumi District,Kumi District,Teso,2024-02,26.14,64.94,53.24,0.251,13014,218,13,39,21,317700
Lango|Kwania District,Kwania District,Lango,2024-02,26.41,52.61,59.26,0.5,2774,385,7,20,0,240500
Bugisu|Kween District,Kween District,Bugisu,2024-02,24.93,52.43,42.52,0.03,1372,339,50,5,0,120800
North Buganda|Kyankwanzi District,Kyankwanzi District,North Buganda,2024-02,25.53,46.02,56.45,0.041,2375,273,7,13,18,338300
Tooro|Kyegegwa District,Kyegegwa District,Tooro,2024-02,23.57,38.78,62.03,0.047,4748,1282,58,26,146,593900
Tooro|Kyenjojo District,Kyenjojo District,Tooro,2024-02,23.39,36.56,64.09,0.05,4429,1656,51,57,42,604600
South Buganda|Kyotera District,Kyotera District,South Buganda,2024-02,23.74,73.9,74.48,0.976,4691,853,60,10,0,274200
Acholi|Lamwo District,Lamwo District,Acholi,2024-02,27.81,42.25,43.27,0.026,9276,540,36,32,137,149300
Lango|Lira City,Lira City,Lango,2024-02,27,56.65,50.2,0.145,4736,343,106,89,15,268600
Lango|Lira District,Lira District,Lango,2024-02,27.24,53.74,49.19,0.033,3798,185,23,22,23,259800
Busoga|Luuka District,Luuka District,Busoga,2024-02,24.35,76.28,72.04,0.05,13282,412,7,9,0,286200
North Buganda|Luwero District,Luwero District,North Buganda,2024-02,24.2,59.48,68.9,0.066,11001,1405,182,64,39,569200
South Buganda|Lwengo District,Lwengo District,South Buganda,2024-02,22.93,50.75,71.99,0.054,2872,347,110,17,0,298900
South Buganda|Lyantonde District,Lyantonde District,South Buganda,2024-02,23.27,40.63,67.39,0.039,1883,207,19,7,0,122600
West Nile|Madi-Okollo District,Madi-Okollo District,West Nile,2024-02,29.34,33.75,43.08,0.079,3821,297,50,21,39,180900
Bugisu|Manafwa District,Manafwa District,Bugisu,2024-02,20.35,136.16,76.87,0.053,2302,262,26,5,12,190000
West Nile|Maracha District,Maracha District,West Nile,2024-02,27.46,47.81,41.82,0.023,3987,318,41,33,1,222900
South Buganda|Masaka City,Masaka City,South Buganda,2024-02,23.01,60.15,76.12,0.158,1232,264,20,40,6,241400
South Buganda|Masaka District,Masaka District,South Buganda,2024-02,24.05,79.15,73.7,1.845,895,296,15,2,0,129800
Bunyoro|Masindi District,Masindi District,Bunyoro,2024-02,26.39,44.17,55.23,0.043,5285,255,56,36,20,375600
Busoga|Mayuge District,Mayuge District,Busoga,2024-02,24.28,77.68,74.58,2.231,11950,441,80,31,95,632000
Bugisu|Mbale City,Mbale City,Bugisu,2024-02,21.96,95.56,71.85,0.078,6437,881,217,85,19,358700
Bugisu|Mbale District,Mbale District,Bugisu,2024-02,21.1,106.66,74.79,0.054,6261,908,49,3,22,299000
Ankole|Mbarara City,Mbarara City,Ankole,2024-02,22.62,45.48,64.62,0.118,596,503,129,75,0,238500
Ankole|Mbarara District,Mbarara District,Ankole,2024-02,22.33,44.57,66.74,0.046,692,251,18,7,4,182600
Ankole|Mitooma District,Mitooma District,Ankole,2024-02,21.4,69.75,72.11,0.044,1881,264,8,4,0,200200
North Buganda|Mityana District,Mityana District,North Buganda,2024-02,23.57,58.25,70.93,0.214,4556,294,44,48,10,383900
Karamoja|Moroto District,Moroto District,Karamoja,2024-02,25.99,54.51,41.1,0.014,2499,384,46,34,506,128800
West Nile|Moyo District,Moyo District,West Nile,2024-02,29.37,41.07,39.44,0.109,3416,485,60,31,9,118800
South Buganda|Mpigi District,Mpigi District,South Buganda,2024-02,23.84,62.56,72.17,0.74,3005,429,20,21,0,311200
North Buganda|Mubende District,Mubende District,North Buganda,2024-02,23.43,40.8,66.14,0.053,6210,169,102,35,20,672900
North Buganda|Mukono District,Mukono District,North Buganda,2024-02,24.24,77.07,73.6,1.808,11053,1468,151,29,53,776000
Karamoja|Nabilatuk District,Nabilatuk District,Karamoja,2024-02,27.01,46.5,42.57,0.016,1814,116,17,16,456,107100
Karamoja|Nakapiripirit District,Nakapiripirit District,Karamoja,2024-02,26.15,43.83,41.82,0.02,4067,276,64,12,583,133200
North Buganda|Nakaseke District,Nakaseke District,North Buganda,2024-02,25.31,56.06,59.58,0.047,5708,256,70,23,29,261800
North Buganda|Nakasongola District,Nakasongola District,North Buganda,2024-02,26.2,43.13,56.96,0.269,6269,596,47,1,4,239400
Busoga|Namayingo District,Namayingo District,Busoga,2024-02,24.55,75.98,72.74,2.91,11818,725,70,10,26,250600
Bugisu|Namisindwa District,Namisindwa District,Bugisu,2024-02,18.07,144.94,73.4,0.057,2632,226,11,9,16,253200
Busoga|Namutumba District,Namutumba District,Busoga,2024-02,24.16,102.47,72.62,0.045,9253,807,123,16,25,346600
Karamoja|Napak District,Napak District,Karamoja,2024-02,27.22,46.68,41.49,0.013,4214,294,92,18,409,168700
West Nile|Nebbi District,Nebbi District,West Nile,2024-02,27.72,34.05,48.54,0.023,4516,624,229,94,51,314100
Teso|Ngora District,Ngora District,Teso,2024-02,25.67,62.08,60.14,0.316,4752,191,25,19,4,182600
Tooro|Ntoroko District,Ntoroko District,Tooro,2024-02,27.11,31.82,57.08,0.452,447,55,22,,11,82100
Ankole|Ntungamo District,Ntungamo District,Ankole,2024-02,21.63,60.28,69.08,0.052,4990,1273,49,30,9,578200
Acholi|Nwoya District,Nwoya District,Acholi,2024-02,27.93,45.87,48.83,0.072,3816,391,55,19,12,345300
West Nile|Obongi District,Obongi District,West Nile,2024-02,30.2,36.17,40.36,0.229,2947,848,29,12,96,53200
Acholi|Omoro District,Omoro District,Acholi,2024-02,27.65,47.64,45.37,0.037,4275,286,37,13,19,223200
Lango|Otuke District,Otuke District,Lango,2024-02,27.92,57.06,42.55,0.024,3295,54,22,6,21,156600
Lango|Oyam District,Oyam District,Lango,2024-02,27.17,55.33,49.01,0.046,8516,466,38,105,69,504200
Acholi|Pader District,Pader District,Acholi,2024-02,28.33,53.41,42.07,0.029,6589,431,34,21,60,209600
West Nile|Pakwach District,Pakwach District,West Nile,2024-02,28.92,29.39,50.94,0.253,1905,214,48,29,1,226600
Bukedi|Pallisa District,Pallisa District,Bukedi,2024-02,25.02,77.09,66.57,0.344,7914,231,70,31,17,415500
South Buganda|Rakai District,Rakai District,South Buganda,2024-02,22.55,59.52,75.58,0.138,4402,986,32,1,0,345700
Kigezi|Rubanda District,Rubanda District,Kigezi,2024-02,18.31,71.28,77.69,0.128,206,567,27,6,13,214800
Ankole|Rubirizi District,Rubirizi District,Ankole,2024-02,25.38,57.53,60.8,0.84,2597,143,5,2,13,153900
Kigezi|Rukiga District,Rukiga District,Kigezi,2024-02,20.58,66.62,70.81,0.044,319,314,4,6,4,107700
Kigezi|Rukungiri District,Rukungiri District,Kigezi,2024-02,22.56,69.27,70.84,0.229,1819,849,68,22,18,344200
Ankole|Rwampara District,Rwampara District,Ankole,2024-02,21.71,59.82,68.16,0.043,781,193,1,7,5,156200
South Buganda|Sembabule District,Sembabule District,South Buganda,2024-02,23.65,40.95,65.91,0.04,4569,114,36,,0,327000
Teso|Serere District,Serere District,Teso,2024-02,26.13,54.28,60.83,0.882,11696,264,24,41,2,416500
Ankole|Sheema District,Sheema District,Ankole,2024-02,21.25,58.8,73.41,0.047,371,445,13,9,8,227900
Bugisu|Sironko District,Sironko District,Bugisu,2024-02,19.19,94.59,69.83,0.057,4255,442,34,18,3,295600
Teso|Soroti City,Soroti City,Teso,2024-02,26.19,70.03,56.14,0.108,5242,205,74,36,5,79500
Teso|Soroti District,Soroti District,Teso,2024-02,26.41,54.06,54.67,0.148,7657,135,23,82,0,334400
West Nile|Terego District,Terego District,West Nile,2024-02,29.41,39.93,39.47,0.021,11334,489,31,34,100,257000
Bukedi|Tororo District,Tororo District,Bukedi,2024-02,22.91,140.21,71.92,0.046,10282,1560,75,89,31,653400
South Buganda|Wakiso District,Wakiso District,South Buganda,2024-02,23.79,65.97,74.09,1.144,21842,2103,310,149,21,3741000
West Nile|Yumbe District,Yumbe District,West Nile,2024-02,29.38,37.24,38.16,0.02,14823,803,162,74,183,815200
West Nile|Zombo District,Zombo District,West Nile,2024-02,25.05,40.19,50.27,0.035,2976,601,51,51,5,313900
Karamoja|Abim District,Abim District,Karamoja,2024-03,27.84,48.51,41.82,0.021,4387,91,37,9,54,193600
West Nile|Adjumani District,Adjumani District,West Nile,2024-03,29.88,43.12,46.89,0.062,10540,1619,127,22,187,241200
Acholi|Agago District,Agago District,Acholi,2024-03,28.16,59.73,43.34,0.026,20127,417,102,14,107,266000
Lango|Alebtong District,Alebtong District,Lango,2024-03,28.21,70.98,45.84,0.03,7976,330,24,26,52,293200
Lango|Amolatar District,Amolatar District,Lango,2024-03,26.65,52.48,65.14,1.563,4398,365,26,24,3,185900
Karamoja|Amudat District,Amudat District,Karamoja,2024-03,26.49,49.4,42.26,0.018,1431,218,21,2,57,157800
Teso|Amuria District,Amuria District,Teso,2024-03,27.67,90.51,46.22,0.027,7947,69,25,13,3,256400
Acholi|Amuru District,Amuru District,Acholi,2024-03,29.13,48.38,48.02,0.03,8858,417,43,13,62,237700
Lango|Apac District,Apac District,Lango,2024-03,26.83,60.3,60.04,0.163,6952,946,13,8,20,257500
West Nile|Arua City,Arua City,West Nile,2024-03,27.28,48.24,51.2,0.044,4548,278,112,54,43,399400
West Nile|Arua District,Arua District,West Nile,2024-03,27.98,50.09,50.27,0.026,1918,68,9,13,28,172300
Bukedi|Budaka District,Budaka District,Bukedi,2024-03,24.98,110.79,59.92,0.036,12913,260,52,21,0,287100
Bugisu|Bududa District,Bududa District,Bugisu,2024-03,16.01,117.8,67.79,0.061,938,714,46,8,26,319800
Busoga|Bugiri District,Bugiri District,Busoga,2024-03,24.06,90.33,75.77,0.103,7308,670,28,77,15,555800
Busoga|Bugweri District,Bugweri District,Busoga,2024-03,24.16,79.89,75.95,0.059,6509,132,13,5,3,210300
Ankole|Buhweju District,Buhweju District,Ankole,2024-03,21.16,78.16,72.51,0.058,176,204,5,6,6,161100
North Buganda|Buikwe District,Buikwe District,North Buganda,2024-03,24.04,74.26,78.19,0.57,8434,995,59,38,5,508000
Teso|Bukedea District,Bukedea District,Teso,2024-03,25.43,106.79,53.33,0.037,12037,177,28,12,2,303100
South Buganda|Bukomansimbi District,Bukomansimbi District,South Buganda,2024-03,23.32,87.12,74.27,0.036,1969,330,75,1,11,158700
Bugisu|Bukwo District,Bukwo District,Bugisu,2024-03,22.21,74.67,45.37,0.042,1307,1153,57,,1,143600
Bugisu|Bulambuli District,Bulambuli District,Bugisu,2024-03,22.86,97.25,49.96,0.04,2154,602,32,18,8,276500
Bunyoro|Buliisa District,Buliisa District,Bunyoro,2024-03,27.56,45.56,65.97,1.41,4234,280,21,13,10,179000
Tooro|Bundibugyo District,Bundibugyo District,Tooro,2024-03,23.01,119.46,65.45,0.077,5568,942,87,12,193,292000
Tooro|Bunyangabu District,Bunyangabu District,Tooro,2024-03,21.14,118.24,70,0.05,1286,244,98,9,14,212200
Ankole|Bushenyi District,Bushenyi District,Ankole,2024-03,21.76,85.34,72.73,0.064,809,457,35,57,61,246800
Bukedi|Busia District,Busia District,Bukedi,2024-03,23.71,114.85,74.53,0.167,7800,433,81,40,84,427600
Bukedi|Butaleja District,Butaleja District,Bukedi,2024-03,24.51,107.2,65.98,0.04,9422,498,109,15,26,343100
South Buganda|Butambala District,Butambala District,South Buganda,2024-03,23.56,79.7,74.87,0.043,1940,243,12,,0,111900
Bukedi|Butebo District,Butebo District,Bukedi,2024-03,25.52,109.94,59.49,0.035,5085,348,27,7,4,127000
North Buganda|Buvuma District,Buvuma District,North Buganda,2024-03,25.46,78.88,70.14,3.172,2579,216,10,10,4,163500
Busoga|Buyende District,Buyende District,Busoga,2024-03,26.49,85.5,64.53,0.981,8496,281,28,4,9,487100
Lango|Dokolo District,Dokolo District,Lango,2024-03,26.8,75.75,58.67,0.309,6750,495,28,8,0,238700
Tooro|Fort Portal City,Fort Portal City,Tooro,2024-03,21.36,114.5,69.82,0.129,542,378,201,60,21,124300
South Buganda|Gomba District,Gomba District,South Buganda,2024-03,23.52,79.05,72.78,0.062,2811,107,6,10,3,182200
Acholi|Gulu City,Gulu City,Acholi,2024-03,28.08,65.25,48.61,0.147,5557,832,199,72,93,231300
Acholi|Gulu District,Gulu District,Acholi,2024-03,29.07,63.99,45.52,0.033,7995,176,39,13,53,130200
Bunyoro|Hoima City,Hoima City,Bunyoro,2024-03,24.88,61.53,69.36,0.104,1234,222,53,59,1,139500
Bunyoro|Hoima District,Hoima District,Bunyoro,2024-03,26.55,53.28,67.54,1.435,2897,467,82,13,16,286800
Ankole|Ibanda District,Ibanda District,Ankole,2024-03,23.35,74.54,65.98,0.047,6823,413,34,30,15,295100
Busoga|Iganga District,Iganga District,Busoga,2024-03,24.57,81.66,73.35,0.078,17852,1031,51,63,27,448300
Ankole|Isingiro District,Isingiro District,Ankole,2024-03,22.96,79.43,68.66,0.075,6640,3340,82,35,281,679200
Busoga|Jinja City,Jinja City,Busoga,2024-03,24.03,82.78,79.41,0.827,5344,785,95,111,13,284300
Busoga|Jinja District,Jinja District,Busoga,2024-03,24.18,75.38,77.42,0.126,7578,512,48,,15,257900
Karamoja|Kaabong District,Kaabong District,Karamoja,2024-03,26.11,40.57,45.03,0.018,1921,437,51,20,489,137100
Kigezi|Kabale District,Kabale District,Kigezi,2024-03,19.52,79.53,74.28,0.167,429,1315,103,39,6,259400
Tooro|Kabarole District,Kabarole District,Tooro,2024-03,23.38,103.56,67.65,0.056,950,182,23,6,6,239400
Teso|Kaberamaido District,Kaberamaido District,Teso,2024-03,26.74,78.3,61.84,0.827,7493,121,17,26,5,154500
Bunyoro|Kagadi District,Kagadi District,Bunyoro,2024-03,25.14,82.17,68.15,0.338,3864,162,33,59,38,489800
Bunyoro|Kakumiro District,Kakumiro District,Bunyoro,2024-03,24.66,61.1,65.45,0.045,2848,240,36,16,26,651200
Teso|Kalaki District,Kalaki District,Teso,2024-03,27.1,93.76,55.55,0.392,5389,144,10,8,0,161000
South Buganda|Kalangala District,Kalangala District,South Buganda,2024-03,25.26,117.22,70.87,3.069,427,95,25,,1,77000
Busoga|Kaliro District,Kaliro District,Busoga,2024-03,25.66,107.92,66.97,0.349,9883,673,39,12,2,327800
South Buganda|Kalungu District,Kalungu District,South Buganda,2024-03,23.47,88.91,76.21,0.205,2509,627,28,12,3,190300
Kampala|Kampala District,Kampala District,Kampala,2024-03,23.6,71.63,78.95,2.367,14783,3200,623,427,82,1793600
Busoga|Kamuli District,Kamuli District,Busoga,2024-03,25.11,87.63,71.01,0.097,22189,1513,230,23,34,608400
Tooro|Kamwenge District,Kamwenge District,Tooro,2024-03,23.91,82.54,64.37,0.05,6329,2404,46,42,210,384800
Kigezi|Kanungu District,Kanungu District,Kigezi,2024-03,22.3,92.58,74.11,0.188,1925,905,84,36,25,239400
Bugisu|Kapchorwa District,Kapchorwa District,Bugisu,2024-03,21.85,96.22,50.47,0.049,744,960,17,7,6,137300
Teso|Kapelebyong District,Kapelebyong District,Teso,2024-03,28.37,78.78,41.96,0.023,3956,99,32,9,15,115500
Karamoja|Karenga District,Karenga District,Karamoja,2024-03,26.25,42.57,44.9,0.018,1015,85,11,17,116,74800
Tooro|Kasese District,Kasese District,Tooro,2024-03,22.83,90.91,66.26,0.432,8278,1578,328,138,65,860300
North Buganda|Kassanda District,Kassanda District,North Buganda,2024-03,23.6,64.01,72.44,0.132,4013,96,26,35,7,341100
Teso|Katakwi District,Katakwi District,Teso,2024-03,28.22,82.45,43.49,0.182,11164,239,7,42,3,214600
North Buganda|Kayunga District,Kayunga District,North Buganda,2024-03,25.31,73.63,69.37,0.331,8739,548,40,10,0,433100
Ankole|Kazo District,Kazo District,Ankole,2024-03,24.25,69.27,62.76,0.044,4739,190,54,1,3,248400
Bunyoro|Kibaale District,Kibaale District,Bunyoro,2024-03,24.4,79.66,64.43,0.054,1225,118,11,14,70,248100
North Buganda|Kiboga District,Kiboga District,North Buganda,2024-03,24.99,65.18,66.78,0.04,4656,661,103,6,13,187200
Bukedi|Kibuku District,Kibuku District,Bukedi,2024-03,25.23,109.76,65.35,0.064,23302,464,110,2,0,287700
Bunyoro|Kikuube District,Kikuube District,Bunyoro,2024-03,25.99,71.73,68.12,1.092,8021,1094,63,23,139,434300
Ankole|Kiruhura District,Kiruhura District,Ankole,2024-03,23.47,70.55,67.6,0.085,4618,190,9,6,0,211700
Bunyoro|Kiryandongo District,Kiryandongo District,Bunyoro,2024-03,27.06,58.09,57.82,0.054,7679,982,50,110,111,347800
Kigezi|Kisoro District,Kisoro District,Kigezi,2024-03,18.35,102.68,78.4,0.153,596,833,149,38,63,337500
Tooro|Kitagwenda District,Kitagwenda District,Tooro,2024-03,24.41,80.67,62.09,0.321,2010,50,11,10,0,204300
Acholi|Kitgum District,Kitgum District,Acholi,2024-03,27.95,48.77,42.95,0.028,13897,860,117,52,68,235700
West Nile|Koboko District,Koboko District,West Nile,2024-03,28.25,48.2,48.6,0.025,6823,204,180,33,52,297600
Lango|Kole District,Kole District,Lango,2024-03,27.43,69.59,52.95,0.032,8088,1136,38,103,23,317000
Karamoja|Kotido District,Kotido District,Karamoja,2024-03,27.06,24.81,42.93,0.013,4843,373,99,26,804,223900
Teso|Kumi District,Kumi District,Teso,2024-03,27.11,100.76,48.88,0.248,12517,320,13,35,25,317700
Lango|Kwania District,Kwania District,Lango,2024-03,26.71,64.54,62.18,0.497,5706,950,13,23,2,240500
Bugisu|Kween District,Kween District,Bugisu,2024-03,25.56,74.65,40.19,0.03,1752,514,60,3,0,120800
North Buganda|Kyankwanzi District,Kyankwanzi District,North Buganda,2024-03,25.63,52.14,62.08,0.04,2666,449,24,10,15,338300
Tooro|Kyegegwa District,Kyegegwa District,Tooro,2024-03,24.15,73.19,62.95,0.046,7290,1327,41,37,238,593900
Tooro|Kyenjojo District,Kyenjojo District,Tooro,2024-03,23.95,82.7,65.91,0.052,4906,2065,58,47,16,604600
South Buganda|Kyotera District,Kyotera District,South Buganda,2024-03,24.07,111.86,74.62,0.977,4633,1024,39,5,18,274200
Acholi|Lamwo District,Lamwo District,Acholi,2024-03,28.59,49.09,44.62,0.029,12986,1431,35,29,135,149300
Lango|Lira City,Lira City,Lango,2024-03,27.43,76.93,52.06,0.141,4728,305,187,39,20,268600
Lango|Lira District,Lira District,Lango,2024-03,27.78,71.12,50.3,0.028,6828,267,23,27,32,259800
Busoga|Luuka District,Luuka District,Busoga,2024-03,24.91,86.37,72.01,0.045,12094,370,25,9,0,286200
North Buganda|Luwero District,Luwero District,North Buganda,2024-03,24.25,72.66,73.66,0.061,14630,2036,95,44,63,569200
South Buganda|Lwengo District,Lwengo District,South Buganda,2024-03,23.17,91.34,73.28,0.05,2774,393,36,24,27,298900
South Buganda|Lyantonde District,Lyantonde District,South Buganda,2024-03,23.57,78.52,68.83,0.038,1954,419,16,8,0,122600
West Nile|Madi-Okollo District,Madi-Okollo District,West Nile,2024-03,29.25,46.09,51.47,0.077,6056,442,36,27,51,180900
Bugisu|Manafwa District,Manafwa District,Bugisu,2024-03,21.19,119.5,73.54,0.047,2089,211,48,10,29,190000
West Nile|Maracha District,Maracha District,West Nile,2024-03,27.45,54.31,50.85,0.021,7352,602,20,46,2,222900
South Buganda|Masaka City,Masaka City,South Buganda,2024-03,23.31,93.87,76.7,0.151,973,361,52,35,0,241400
South Buganda|Masaka District,Masaka District,South Buganda,2024-03,24.39,107.85,74.36,1.843,870,196,51,3,0,129800
Bunyoro|Masindi District,Masindi District,Bunyoro,2024-03,26.56,52.49,60.72,0.044,6181,304,36,36,12,375600
Busoga|Mayuge District,Mayuge District,Busoga,2024-03,25.01,79.77,72.75,2.23,8669,480,106,30,18,632000
Bugisu|Mbale City,Mbale City,Bugisu,2024-03,22.77,124.02,69.19,0.071,5847,784,181,119,20,358700
Bugisu|Mbale District,Mbale District,Bugisu,2024-03,21.92,126.76,71.78,0.049,5907,900,25,,37,299000
Ankole|Mbarara City,Mbarara City,Ankole,2024-03,22.91,65.33,65.9,0.121,495,607,135,78,0,238500
Ankole|Mbarara District,Mbarara District,Ankole,2024-03,22.58,64.42,67.84,0.052,707,251,15,5,0,182600
Ankole|Mitooma District,Mitooma District,Ankole,2024-03,21.64,86.53,72.66,0.048,1739,230,9,6,0,200200
North Buganda|Mityana District,Mityana District,North Buganda,2024-03,23.42,79,76.27,0.206,5880,489,48,17,17,383900
Karamoja|Moroto District,Moroto District,Karamoja,2024-03,26.46,43.83,41.97,0.013,2150,315,67,26,376,128800
West Nile|Moyo District,Moyo District,West Nile,2024-03,29.79,41.62,45.19,0.109,3709,600,54,23,9,118800
South Buganda|Mpigi District,Mpigi District,South Buganda,2024-03,23.97,81.78,74.95,0.733,2885,700,105,6,0,311200
North Buganda|Mubende District,Mubende District,North Buganda,2024-03,23.49,69.61,70.36,0.05,8163,285,126,56,20,672900
North Buganda|Mukono District,Mukono District,North Buganda,2024-03,24.71,79.93,73.86,1.805,8875,1221,154,146,114,776000
Karamoja|Nabilatuk District,Nabilatuk District,Karamoja,2024-03,27.53,60.8,41.58,0.017,1693,116,43,14,574,107100
Karamoja|Nakapiripirit District,Nakapiripirit District,Karamoja,2024-03,26.62,62.27,40.71,0.022,3340,344,91,9,306,133200
North Buganda|Nakaseke District,Nakaseke District,North Buganda,2024-03,25.33,63.51,65.43,0.042,4971,390,125,31,12,261800
North Buganda|Nakasongola District,Nakasongola District,North Buganda,2024-03,26.46,53.61,60.78,0.266,8134,914,33,8,3,239400
Busoga|Namayingo District,Namayingo District,Busoga,2024-03,25.32,84.01,70.62,2.909,6641,574,43,6,32,250600
Bugisu|Namisindwa District,Namisindwa District,Bugisu,2024-03,18.8,118.53,70.75,0.052,1974,265,18,5,18,253200
Busoga|Namutumba District,Namutumba District,Busoga,2024-03,24.78,94.02,71.38,0.039,11085,1002,78,23,46,346600
Karamoja|Napak District,Napak District,Karamoja,2024-03,27.75,45.06,41.22,0.014,3601,264,130,20,354,168700
West Nile|Nebbi District,Nebbi District,West Nile,2024-03,27.8,47.2,55.1,0.023,5905,552,171,129,76,314100
Teso|Ngora District,Ngora District,Teso,2024-03,26.52,96.26,56.53,0.311,4964,145,94,57,2,182600
Tooro|Ntoroko District,Ntoroko District,Tooro,2024-03,27.51,87.5,61.48,0.453,498,76,13,,1,82100
Ankole|Ntungamo District,Ntungamo District,Ankole,2024-03,22.04,73.22,68.38,0.048,4404,1410,20,34,14,578200
Acholi|Nwoya District,Nwoya District,Acholi,2024-03,27.8,55.71,56.68,0.073,8400,501,50,41,39,345300
West Nile|Obongi District,Obongi District,West Nile,2024-03,30.43,42.64,47.09,0.227,2688,773,33,19,60,53200
Acholi|Omoro District,Omoro District,Acholi,2024-03,28.01,67.94,48.96,0.039,9733,421,41,4,36,223200
Lango|Otuke District,Otuke District,Lango,2024-03,28.44,66.74,43.07,0.023,4877,131,9,1,27,156600
Lango|Oyam District,Oyam District,Lango,2024-03,27.51,66.71,52.53,0.042,12538,881,76,167,91,504200
Acholi|Pader District,Pader District,Acholi,2024-03,28.91,66.84,44.03,0.03,14698,679,86,29,43,209600
West Nile|Pakwach District,Pakwach District,West Nile,2024-03,28.61,47,59.39,0.251,4607,531,64,30,0,226600
Bukedi|Pallisa District,Pallisa District,Bukedi,2024-03,25.86,105.07,64.75,0.34,7667,203,7,25,2,415500
South Buganda|Rakai District,Rakai District,South Buganda,2024-03,22.89,97.64,74.93,0.141,4363,1242,31,,3,345700
Kigezi|Rubanda District,Rubanda District,Kigezi,2024-03,18.76,87.5,76.24,0.125,172,786,21,9,10,214800
Ankole|Rubirizi District,Rubirizi District,Ankole,2024-03,25.56,84.37,63.33,0.84,2079,159,9,2,9,153900
Kigezi|Rukiga District,Rukiga District,Kigezi,2024-03,20.96,79.75,70.17,0.043,277,422,10,11,15,107700
Kigezi|Rukungiri District,Rukungiri District,Kigezi,2024-03,22.74,87.05,72.78,0.229,1693,1027,74,33,18,344200
Ankole|Rwampara District,Rwampara District,Ankole,2024-03,22.11,72.44,68.41,0.043,661,234,3,11,7,156200
South Buganda|Sembabule District,Sembabule District,South Buganda,2024-03,23.82,79.9,68.42,0.039,3748,143,42,1,0,327000
Teso|Serere District,Serere District,Teso,2024-03,26.82,95.79,59.84,0.88,10801,239,15,22,0,416500
Ankole|Sheema District,Sheema District,Ankole,2024-03,21.64,73.71,72.9,0.054,347,597,25,12,25,227900
Bugisu|Sironko District,Sironko District,Bugisu,2024-03,19.87,114.8,67.88,0.055,3469,454,25,9,6,295600
Teso|Soroti City,Soroti City,Teso,2024-03,26.91,98,53.17,0.106,4309,100,85,6,3,79500
Teso|Soroti District,Soroti District,Teso,2024-03,27.13,99.18,52.2,0.145,6809,102,13,26,0,334400
West Nile|Terego District,Terego District,West Nile,2024-03,29.3,50.22,48.62,0.019,12323,591,37,48,127,257000
Bukedi|Tororo District,Tororo District,Bukedi,2024-03,23.8,113.27,68.29,0.041,11430,1524,127,103,18,653400
South Buganda|Wakiso District,Wakiso District,South Buganda,2024-03,24.01,82.84,76.39,1.139,18450,1651,408,132,24,3741000
West Nile|Yumbe District,Yumbe District,West Nile,2024-03,29.53,43.67,46.46,0.019,14655,925,176,98,210,815200
West Nile|Zombo District,Zombo District,West Nile,2024-03,25.12,54.31,56.92,0.033,4576,779,66,52,10,313900
Karamoja|Abim District,Abim District,Karamoja,2024-04,23.79,199.18,72.77,0.04,2967,157,8,5,21,193600
West Nile|Adjumani District,Adjumani District,West Nile,2024-04,26.49,73.96,70.28,0.086,7410,1910,86,66,317,241200
Acholi|Agago District,Agago District,Acholi,2024-04,24.06,147.05,74.35,0.042,11983,228,46,15,39,266000
Lango|Alebtong District,Alebtong District,Lango,2024-04,23.98,214.51,76.78,0.039,5915,238,14,13,16,293200
Lango|Amolatar District,Amolatar District,Lango,2024-04,24.43,173.12,77.49,1.565,3490,320,9,15,0,185900
Karamoja|Amudat District,Amudat District,Karamoja,2024-04,23.46,203.67,68.94,0.028,977,182,6,2,359,157800
Teso|Amuria District,Amuria District,Teso,2024-04,23.62,235.14,77.75,0.039,4694,240,9,47,2,256400
Acholi|Amuru District,Amuru District,Acholi,2024-04,25.74,78.22,71.98,0.051,7488,286,24,30,29,237700
Lango|Apac District,Apac District,Lango,2024-04,24.17,155.28,78.01,0.171,7877,882,14,13,15,257500
West Nile|Arua City,Arua City,West Nile,2024-04,24.68,50.27,70.25,0.056,3090,234,108,71,22,399400
West Nile|Arua District,Arua District,West Nile,2024-04,25.45,56.51,68.44,0.042,1689,69,3,25,23,172300
Bukedi|Budaka District,Budaka District,Bukedi,2024-04,22.31,223.49,79.94,0.04,9083,140,81,22,26,287100
Bugisu|Bududa District,Bududa District,Bugisu,2024-04,14.83,226.14,84.8,0.054,969,694,63,6,17,319800
Busoga|Bugiri District,Bugiri District,Busoga,2024-04,22.5,268.35,84.8,0.104,6386,586,72,42,18,555800
Busoga|Bugweri District,Bugweri District,Busoga,2024-04,22.52,235.74,84.82,0.061,6627,165,20,5,3,210300
Ankole|Buhweju District,Buhweju District,Ankole,2024-04,19.98,163.93,81.38,0.057,135,162,12,8,32,161100
North Buganda|Buikwe District,Buikwe District,North Buganda,2024-04,22.48,237.02,84.99,0.566,6910,926,50,55,16,508000
Teso|Bukedea District,Bukedea District,Teso,2024-04,22.46,228.14,77.61,0.042,8151,242,28,21,2,303100
South Buganda|Bukomansimbi District,Bukomansimbi District,South Buganda,2024-04,21.8,194.12,83.07,0.039,1628,348,82,4,8,158700
Bugisu|Bukwo District,Bukwo District,Bugisu,2024-04,19.65,240.19,70.29,0.042,692,1104,13,,13,143600
Bugisu|Bulambuli District,Bulambuli District,Bugisu,2024-04,20.21,215.19,75.32,0.046,1551,945,49,12,12,276500
Bunyoro|Buliisa District,Buliisa District,Bunyoro,2024-04,25.82,92.14,76.69,1.415,3851,502,23,12,23,179000
Tooro|Bundibugyo District,Bundibugyo District,Tooro,2024-04,21.45,154.43,80.53,0.079,5526,833,162,6,160,292000
Tooro|Bunyangabu District,Bunyangabu District,Tooro,2024-04,19.95,158.49,81.46,0.052,1324,363,60,4,13,212200
Ankole|Bushenyi District,Bushenyi District,Ankole,2024-04,20.6,133.56,80.85,0.061,648,521,31,39,46,246800
Bukedi|Busia District,Busia District,Bukedi,2024-04,22.08,328.29,84.57,0.167,10302,644,87,313,39,427600
Bukedi|Butaleja District,Butaleja District,Bukedi,2024-04,22.32,226.87,81.69,0.041,9003,444,75,23,12,343100
South Buganda|Butambala District,Butambala District,South Buganda,2024-04,21.77,191.92,85.62,0.041,1369,232,19,29,7,111900
Bukedi|Butebo District,Butebo District,Bukedi,2024-04,22.75,237.32,79.13,0.04,4918,138,42,2,9,127000
North Buganda|Buvuma District,Buvuma District,North Buganda,2024-04,23.65,265.76,78.26,3.172,1748,243,23,8,5,163500
Busoga|Buyende District,Buyende District,Busoga,2024-04,23.99,231.95,79.4,0.983,7652,299,13,10,29,487100
Lango|Dokolo District,Dokolo District,Lango,2024-04,23.82,191.61,79.46,0.315,5479,488,67,10,2,238700
Tooro|Fort Portal City,Fort Portal City,Tooro,2024-04,20.15,145.22,82.61,0.129,504,827,110,169,9,124300
South Buganda|Gomba District,Gomba District,South Buganda,2024-04,21.81,158.17,83.38,0.061,2140,64,6,3,2,182200
Acholi|Gulu City,Gulu City,Acholi,2024-04,24.47,92.07,74.85,0.155,5748,742,79,46,51,231300
Acholi|Gulu District,Gulu District,Acholi,2024-04,25.25,93.29,72.71,0.05,5731,145,15,18,17,130200
Bunyoro|Hoima City,Hoima City,Bunyoro,2024-04,23.21,128.34,80.91,0.111,1047,266,36,28,0,139500
Bunyoro|Hoima District,Hoima District,Bunyoro,2024-04,25.06,105.07,76.76,1.439,2443,229,39,22,37,286800
Ankole|Ibanda District,Ibanda District,Ankole,2024-04,21.79,150.78,77.11,0.048,6006,361,32,23,13,295100
Busoga|Iganga District,Iganga District,Busoga,2024-04,22.7,229.27,83.96,0.08,20649,1253,66,47,46,448300
Ankole|Isingiro District,Isingiro District,Ankole,2024-04,21.29,156.81,80.27,0.074,7989,2390,77,47,364,679200
Busoga|Jinja City,Jinja City,Busoga,2024-04,22.44,272.93,86.75,0.825,4789,842,84,72,18,284300
Busoga|Jinja District,Jinja District,Busoga,2024-04,22.5,244.92,85.99,0.125,7145,609,59,6,15,257900
Karamoja|Kaabong District,Kaabong District,Karamoja,2024-04,23.07,172.24,72.06,0.03,1212,292,48,17,423,137100
Kigezi|Kabale District,Kabale District,Kigezi,2024-04,18.54,157.61,83.18,0.16,304,1112,78,40,37,259400
Tooro|Kabarole District,Kabarole District,Tooro,2024-04,21.97,143.02,79.66,0.056,877,249,27,6,8,239400
Teso|Kaberamaido District,Kaberamaido District,Teso,2024-04,24.22,201.57,78.27,0.834,5300,90,24,6,2,154500
Bunyoro|Kagadi District,Kagadi District,Bunyoro,2024-04,23.52,134.95,79.23,0.343,3642,174,36,61,46,489800
Bunyoro|Kakumiro District,Kakumiro District,Bunyoro,2024-04,22.85,138.14,77.73,0.054,4028,323,48,13,21,651200
Teso|Kalaki District,Kalaki District,Teso,2024-04,23.96,219.07,78.97,0.401,3365,109,7,10,0,161000
South Buganda|Kalangala District,Kalangala District,South Buganda,2024-04,23.48,306.5,78.14,3.069,497,113,36,1,0,77000
Busoga|Kaliro District,Kaliro District,Busoga,2024-04,23.31,252.49,81.45,0.353,7604,325,52,11,11,327800
South Buganda|Kalungu District,Kalungu District,South Buganda,2024-04,22.01,204.27,83.83,0.207,2203,491,19,8,3,190300
Kampala|Kampala District,Kampala District,Kampala,2024-04,22.1,214.62,86.05,2.367,13781,3476,932,497,70,1793600
Busoga|Kamuli District,Kamuli District,Busoga,2024-04,22.95,248.93,83.92,0.099,18888,2163,206,38,33,608400
Tooro|Kamwenge District,Kamwenge District,Tooro,2024-04,22.09,139.84,77.06,0.053,6776,2639,38,70,115,384800
Kigezi|Kanungu District,Kanungu District,Kigezi,2024-04,21.4,164.77,81.24,0.189,2130,752,90,22,27,239400
Bugisu|Kapchorwa District,Kapchorwa District,Bugisu,2024-04,19.5,233.27,74.57,0.05,496,900,9,16,10,137300
Teso|Kapelebyong District,Kapelebyong District,Teso,2024-04,23.87,249.55,75.67,0.038,2658,112,15,5,13,115500
Karamoja|Karenga District,Karenga District,Karamoja,2024-04,23.02,130.35,72.62,0.031,869,119,49,17,118,74800
Tooro|Kasese District,Kasese District,Tooro,2024-04,21.44,140.24,76.27,0.434,7392,2019,339,149,97,860300
North Buganda|Kassanda District,Kassanda District,North Buganda,2024-04,21.91,133.16,83.31,0.135,3648,130,17,33,12,341100
Teso|Katakwi District,Katakwi District,Teso,2024-04,23.97,218.92,75.61,0.196,7857,189,82,11,23,214600
North Buganda|Kayunga District,Kayunga District,North Buganda,2024-04,23.16,216.8,82.76,0.333,5870,542,45,23,0,433100
Ankole|Kazo District,Kazo District,Ankole,2024-04,22.29,127.22,76.14,0.047,4635,233,35,,0,248400
Bunyoro|Kibaale District,Kibaale District,Bunyoro,2024-04,22.59,140.85,77.07,0.059,1423,190,17,22,10,248100
North Buganda|Kiboga District,Kiboga District,North Buganda,2024-04,22.85,152.47,80.78,0.047,3892,754,68,30,22,187200
Bukedi|Kibuku District,Kibuku District,Bukedi,2024-04,22.84,234.99,81.37,0.07,15374,355,84,4,3,287700
Bunyoro|Kikuube District,Kikuube District,Bunyoro,2024-04,24.54,119.84,77.69,1.097,12437,1533,80,50,222,434300
Ankole|Kiruhura District,Kiruhura District,Ankole,2024-04,21.86,147.59,77.97,0.087,4161,316,6,8,1,211700
Bunyoro|Kiryandongo District,Kiryandongo District,Bunyoro,2024-04,24.24,129.67,77.55,0.063,6988,776,55,70,117,347800
Kigezi|Kisoro District,Kisoro District,Kigezi,2024-04,17.81,178.37,85.15,0.148,606,746,148,30,92,337500
Tooro|Kitagwenda District,Kitagwenda District,Tooro,2024-04,22.67,158.39,74.1,0.319,1968,61,3,14,8,204300
Acholi|Kitgum District,Kitgum District,Acholi,2024-04,24.23,118.57,71.86,0.044,7960,786,53,19,53,235700
West Nile|Koboko District,Koboko District,West Nile,2024-04,25.3,59.26,69.74,0.043,4541,174,32,51,55,297600
Lango|Kole District,Kole District,Lango,2024-04,24.04,167.35,77.48,0.039,5314,866,4,25,29,317000
Karamoja|Kotido District,Kotido District,Karamoja,2024-04,23.55,166.13,71.16,0.026,4913,345,122,20,237,223900
Teso|Kumi District,Kumi District,Teso,2024-04,23.64,229.99,76.16,0.255,8341,333,10,52,19,317700
Lango|Kwania District,Kwania District,Lango,2024-04,24.15,162.11,78.98,0.502,4846,925,13,24,2,240500
Bugisu|Kween District,Kween District,Bugisu,2024-04,22.52,205.38,67.14,0.037,1208,488,130,3,0,120800
North Buganda|Kyankwanzi District,Kyankwanzi District,North Buganda,2024-04,23.36,126.09,77.35,0.05,2721,391,11,16,38,338300
Tooro|Kyegegwa District,Kyegegwa District,Tooro,2024-04,22.22,126.97,76.38,0.052,7525,1207,31,21,205,593900
Tooro|Kyenjojo District,Kyenjojo District,Tooro,2024-04,22.22,133.54,78.6,0.054,6076,2617,96,41,53,604600
South Buganda|Kyotera District,Kyotera District,South Buganda,2024-04,22.54,264.9,81.45,0.973,3948,849,51,8,8,274200
Acholi|Lamwo District,Lamwo District,Acholi,2024-04,24.92,89.33,71.74,0.05,9777,985,21,23,101,149300
Lango|Lira City,Lira City,Lango,2024-04,23.95,177.03,77.12,0.146,4517,349,106,36,26,268600
Lango|Lira District,Lira District,Lango,2024-04,24.12,181.64,76.84,0.036,5908,246,22,20,41,259800
Busoga|Luuka District,Luuka District,Busoga,2024-04,22.9,233.94,83.52,0.046,15054,800,64,24,9,286200
North Buganda|Luwero District,Luwero District,North Buganda,2024-04,22.42,202.9,85.66,0.063,11133,1768,174,56,80,569200
South Buganda|Lwengo District,Lwengo District,South Buganda,2024-04,21.61,202.17,82.38,0.05,2478,575,39,5,0,298900
South Buganda|Lyantonde District,Lyantonde District,South Buganda,2024-04,21.82,154.16,79.87,0.042,1456,319,17,9,0,122600
West Nile|Madi-Okollo District,Madi-Okollo District,West Nile,2024-04,26.65,59.99,68.91,0.097,3527,435,15,22,60,180900
Bugisu|Manafwa District,Manafwa District,Bugisu,2024-04,19.87,223.63,85.41,0.044,3338,304,50,3,27,190000
West Nile|Maracha District,Maracha District,West Nile,2024-04,24.73,51.92,70.83,0.034,4156,422,15,29,10,222900
South Buganda|Masaka City,Masaka City,South Buganda,2024-04,21.89,217.25,83.8,0.15,1098,430,43,26,0,241400
South Buganda|Masaka District,Masaka District,South Buganda,2024-04,22.81,254.22,80.81,1.842,827,456,4,2,0,129800
Bunyoro|Masindi District,Masindi District,Bunyoro,2024-04,24.17,120.85,77.46,0.052,5046,327,32,40,14,375600
Busoga|Mayuge District,Mayuge District,Busoga,2024-04,23.24,261.44,80.82,2.23,15993,570,118,53,42,632000
Bugisu|Mbale City,Mbale City,Bugisu,2024-04,20.93,240.73,83.48,0.067,4908,858,226,49,12,358700
Bugisu|Mbale District,Mbale District,Bugisu,2024-04,20.4,227.94,84.45,0.045,5245,841,35,11,15,299000
Ankole|Mbarara City,Mbarara City,Ankole,2024-04,21.29,127.15,77.42,0.121,426,398,54,68,0,238500
Ankole|Mbarara District,Mbarara District,Ankole,2024-04,21.17,134.59,77.82,0.051,789,326,41,10,3,182600
Ankole|Mitooma District,Mitooma District,Ankole,2024-04,20.64,127,80,0.045,1579,360,9,4,0,200200
North Buganda|Mityana District,Mityana District,North Buganda,2024-04,21.77,189.81,86.37,0.205,5345,567,63,7,37,383900
Karamoja|Moroto District,Moroto District,Karamoja,2024-04,23.1,194.42,71.53,0.024,1430,531,56,36,84,128800
West Nile|Moyo District,Moyo District,West Nile,2024-04,26.75,65.67,67.1,0.131,2246,489,29,15,13,118800
South Buganda|Mpigi District,Mpigi District,South Buganda,2024-04,22.23,219.06,83.94,0.732,2338,624,41,19,4,311200
North Buganda|Mubende District,Mubende District,North Buganda,2024-04,21.83,132.17,81.55,0.055,7942,208,66,49,16,672900
North Buganda|Mukono District,Mukono District,North Buganda,2024-04,22.98,249.25,81.77,1.804,7353,1408,158,51,55,776000
Karamoja|Nabilatuk District,Nabilatuk District,Karamoja,2024-04,23.73,219.59,72,0.032,1278,120,16,13,41,107100
Karamoja|Nakapiripirit District,Nakapiripirit District,Karamoja,2024-04,23.12,206.56,69.85,0.035,2361,302,67,7,136,133200
North Buganda|Nakaseke District,Nakaseke District,North Buganda,2024-04,23.06,173.03,81.03,0.048,3753,267,40,17,6,261800
North Buganda|Nakasongola District,Nakasongola District,North Buganda,2024-04,23.9,180.78,78.12,0.272,5666,670,109,3,1,239400
Busoga|Namayingo District,Namayingo District,Busoga,2024-04,23.49,271.34,78.94,2.909,6644,499,41,9,33,250600
Bugisu|Namisindwa District,Namisindwa District,Bugisu,2024-04,17.49,233.21,85.67,0.047,2090,170,26,4,4,253200
Busoga|Namutumba District,Namutumba District,Busoga,2024-04,22.82,233.12,83.12,0.043,6761,825,72,15,26,346600
Karamoja|Napak District,Napak District,Karamoja,2024-04,23.9,203.57,71.63,0.029,1722,238,122,18,99,168700
West Nile|Nebbi District,Nebbi District,West Nile,2024-04,25.55,58.9,70.77,0.036,5879,461,136,114,75,314100
Teso|Ngora District,Ngora District,Teso,2024-04,23.62,241.47,79.22,0.32,3798,212,11,26,0,182600
Tooro|Ntoroko District,Ntoroko District,Tooro,2024-04,25.86,115.72,73.67,0.458,369,84,19,5,8,82100
Ankole|Ntungamo District,Ntungamo District,Ankole,2024-04,20.72,103.42,77.9,0.044,2968,1084,66,50,15,578200
Acholi|Nwoya District,Nwoya District,Acholi,2024-04,24.93,79.55,76.6,0.087,7957,362,64,14,40,345300
West Nile|Obongi District,Obongi District,West Nile,2024-04,27.16,63.57,69.56,0.251,1869,445,15,20,173,53200
Acholi|Omoro District,Omoro District,Acholi,2024-04,24.35,112.85,75.7,0.048,10278,324,11,7,35,223200
Lango|Otuke District,Otuke District,Lango,2024-04,24.04,205.06,75.66,0.038,3444,166,7,4,22,156600
Lango|Oyam District,Oyam District,Lango,2024-04,24.08,132.25,77.48,0.048,11348,940,53,80,101,504200
Acholi|Pader District,Pader District,Acholi,2024-04,24.79,120.08,73.97,0.046,11825,768,58,26,37,209600
West Nile|Pakwach District,Pakwach District,West Nile,2024-04,26.44,61.67,73.47,0.266,3120,232,42,34,0,226600
Bukedi|Pallisa District,Pallisa District,Bukedi,2024-04,23.34,251.27,80.9,0.345,5244,192,10,44,7,415500
South Buganda|Rakai District,Rakai District,South Buganda,2024-04,21.44,221.33,84,0.138,3373,663,36,7,5,345700
Kigezi|Rubanda District,Rubanda District,Kigezi,2024-04,18.03,164,84.24,0.12,195,845,32,11,22,214800
Ankole|Rubirizi District,Rubirizi District,Ankole,2024-04,23.84,144.95,73.92,0.841,2366,226,11,2,10,153900
Kigezi|Rukiga District,Rukiga District,Kigezi,2024-04,19.82,135.96,79.54,0.036,249,539,10,4,8,107700
Kigezi|Rukungiri District,Rukungiri District,Kigezi,2024-04,21.67,143.72,80.23,0.226,1396,1347,91,31,10,344200
Ankole|Rwampara District,Rwampara District,Ankole,2024-04,20.63,133.66,79.4,0.04,747,211,18,4,0,156200
South Buganda|Sembabule District,Sembabule District,South Buganda,2024-04,21.98,151.31,80.17,0.042,3224,119,22,1,0,327000
Teso|Serere District,Serere District,Teso,2024-04,24.08,231.2,78.03,0.885,6063,282,12,22,0,416500
Ankole|Sheema District,Sheema District,Ankole,2024-04,20.33,128.74,81.64,0.052,299,632,41,14,12,227900
Bugisu|Sironko District,Sironko District,Bugisu,2024-04,18.27,218.62,83.53,0.05,3868,440,27,24,4,295600
Teso|Soroti City,Soroti City,Teso,2024-04,23.72,239.05,78.63,0.115,3622,137,50,29,9,79500
Teso|Soroti District,Soroti District,Teso,2024-04,23.76,232.54,78.65,0.155,3875,161,29,21,0,334400
West Nile|Terego District,Terego District,West Nile,2024-04,26.5,55.46,68.05,0.039,7268,548,25,39,93,257000
Bukedi|Tororo District,Tororo District,Bukedi,2024-04,21.9,270.69,82.2,0.042,12122,2635,138,37,37,653400
South Buganda|Wakiso District,Wakiso District,South Buganda,2024-04,22.39,234.09,84.08,1.139,15697,2622,292,138,41,3741000
West Nile|Yumbe District,Yumbe District,West Nile,2024-04,26.41,59.28,68.28,0.043,10336,839,146,71,174,815200
West Nile|Zombo District,Zombo District,West Nile,2024-04,22.93,56.57,74.34,0.047,5075,740,40,50,6,313900
Karamoja|Abim District,Abim District,Karamoja,2024-05,23.54,86.07,72.89,0.057,5405,135,25,11,93,193600
West Nile|Adjumani District,Adjumani District,West Nile,2024-05,26.25,102.18,70.32,0.094,9224,1768,146,56,215,241200
Acholi|Agago District,Agago District,Acholi,2024-05,23.81,84.65,74.7,0.056,20158,231,51,12,42,266000
Lango|Alebtong District,Alebtong District,Lango,2024-05,23.9,94.86,75.45,0.05,11258,269,25,41,19,293200
Lango|Amolatar District,Amolatar District,Lango,2024-05,24.71,78.42,75.12,1.569,5521,408,11,20,19,185900
Karamoja|Amudat District,Amudat District,Karamoja,2024-05,23.01,107.48,69.45,0.043,1807,329,9,,39,157800
Teso|Amuria District,Amuria District,Teso,2024-05,23.67,96.65,75.85,0.049,11874,261,6,7,1,256400
Acholi|Amuru District,Amuru District,Acholi,2024-05,25.51,108.8,71.55,0.061,10861,199,24,25,75,237700
Lango|Apac District,Apac District,Lango,2024-05,24.34,81.13,75.35,0.18,9098,749,10,39,19,257500
West Nile|Arua City,Arua City,West Nile,2024-05,24.82,89.34,66.97,0.06,4580,226,92,112,17,399400
West Nile|Arua District,Arua District,West Nile,2024-05,25.72,97.52,64.27,0.049,1404,81,4,5,33,172300
Bukedi|Budaka District,Budaka District,Bukedi,2024-05,22.55,145.01,76.99,0.046,8840,266,94,35,39,287100
Bugisu|Bududa District,Bududa District,Bugisu,2024-05,14.88,186.89,81.22,0.066,1365,1062,44,8,30,319800
Busoga|Bugiri District,Bugiri District,Busoga,2024-05,22.82,149.13,81.93,0.109,6330,688,28,83,21,555800
Busoga|Bugweri District,Bugweri District,Busoga,2024-05,22.84,124.04,82.42,0.066,8492,144,44,,10,210300
Ankole|Buhweju District,Buhweju District,Ankole,2024-05,20.55,64.77,75.11,0.072,132,103,14,4,6,161100
North Buganda|Buikwe District,Buikwe District,North Buganda,2024-05,22.89,78.54,82.08,0.573,7507,784,29,37,14,508000
Teso|Bukedea District,Bukedea District,Teso,2024-05,22.65,119.78,74.97,0.051,16371,271,31,9,3,303100
South Buganda|Bukomansimbi District,Bukomansimbi District,South Buganda,2024-05,22.11,110.3,79.04,0.049,2098,459,149,20,5,158700
Bugisu|Bukwo District,Bukwo District,Bugisu,2024-05,19.18,156.28,70.86,0.061,613,1425,24,,6,143600
Bugisu|Bulambuli District,Bulambuli District,Bugisu,2024-05,20.15,131.74,73.43,0.058,5219,1093,44,6,13,276500
Bunyoro|Buliisa District,Buliisa District,Bunyoro,2024-05,25.95,96.85,74.31,1.418,4021,368,44,12,23,179000
Tooro|Bundibugyo District,Bundibugyo District,Tooro,2024-05,21.94,137.68,74.19,0.087,4617,1040,93,20,85,292000
Tooro|Bunyangabu District,Bunyangabu District,Tooro,2024-05,20.37,120.21,76.15,0.063,1112,296,85,25,15,212200
Ankole|Bushenyi District,Bushenyi District,Ankole,2024-05,21.35,54.08,73.74,0.078,784,487,26,76,30,246800
Bukedi|Busia District,Busia District,Bukedi,2024-05,22.45,208.22,81.13,0.173,12433,726,75,68,110,427600
Bukedi|Butaleja District,Butaleja District,Bukedi,2024-05,22.6,149.99,78.47,0.047,5601,574,98,24,13,343100
South Buganda|Butambala District,Butambala District,South Buganda,2024-05,22.09,106.05,81.34,0.046,1618,150,6,19,0,111900
Bukedi|Butebo District,Butebo District,Bukedi,2024-05,23,132.65,76.57,0.046,4831,224,37,4,13,127000
North Buganda|Buvuma District,Buvuma District,North Buganda,2024-05,24.5,112.2,72.62,3.172,2485,253,42,8,1,163500
Busoga|Buyende District,Buyende District,Busoga,2024-05,24.34,88.76,77.22,0.987,12187,279,32,21,34,487100
Lango|Dokolo District,Dokolo District,Lango,2024-05,24,89.7,77.03,0.322,7391,339,56,16,2,238700
Tooro|Fort Portal City,Fort Portal City,Tooro,2024-05,20.53,104.48,76.58,0.135,554,719,171,55,9,124300
South Buganda|Gomba District,Gomba District,South Buganda,2024-05,22.03,91.88,79.62,0.071,2588,47,15,4,3,182200
Acholi|Gulu City,Gulu City,Acholi,2024-05,24.26,125.58,74.35,0.161,7791,641,117,58,62,231300
Acholi|Gulu District,Gulu District,Acholi,2024-05,24.92,108.27,73.06,0.058,11536,110,15,8,40,130200
Bunyoro|Hoima City,Hoima City,Bunyoro,2024-05,23.51,86.15,76.75,0.116,1032,222,37,5,3,139500
Bunyoro|Hoima District,Hoima District,Bunyoro,2024-05,25.33,93.32,73.43,1.441,2928,282,40,12,31,286800
Ankole|Ibanda District,Ibanda District,Ankole,2024-05,22.5,69.45,70.65,0.063,6644,783,29,24,7,295100
Busoga|Iganga District,Iganga District,Busoga,2024-05,22.97,115.98,81.89,0.086,18702,1271,93,83,36,448300
Ankole|Isingiro District,Isingiro District,Ankole,2024-05,22.17,60.37,70.71,0.087,10770,1803,69,65,361,679200
Busoga|Jinja City,Jinja City,Busoga,2024-05,22.69,84.17,84.61,0.831,5799,839,91,94,4,284300
Busoga|Jinja District,Jinja District,Busoga,2024-05,22.72,85.04,83.86,0.132,9724,862,53,8,10,257900
Karamoja|Kaabong District,Kaabong District,Karamoja,2024-05,22.93,68.3,70.39,0.051,2959,641,57,28,600,137100
Kigezi|Kabale District,Kabale District,Kigezi,2024-05,19.2,57.75,73.64,0.175,323,816,81,52,20,259400
Tooro|Kabarole District,Kabarole District,Tooro,2024-05,22.48,107.97,73.89,0.066,920,230,12,12,4,239400
Teso|Kaberamaido District,Kaberamaido District,Teso,2024-05,24.57,82.92,75.35,0.837,7792,337,19,17,5,154500
Bunyoro|Kagadi District,Kagadi District,Bunyoro,2024-05,23.95,108.24,74.35,0.348,3817,87,20,60,34,489800
Bunyoro|Kakumiro District,Kakumiro District,Bunyoro,2024-05,23.32,87.29,71.22,0.059,6379,276,75,97,17,651200
Teso|Kalaki District,Kalaki District,Teso,2024-05,24.22,93.45,76.3,0.407,8164,162,21,23,4,161000
South Buganda|Kalangala District,Kalangala District,South Buganda,2024-05,24.48,178.28,71.47,3.069,450,166,34,1,0,77000
Busoga|Kaliro District,Kaliro District,Busoga,2024-05,23.59,124.17,79.35,0.359,11520,858,74,17,8,327800
South Buganda|Kalungu District,Kalungu District,South Buganda,2024-05,22.39,133.09,79.7,0.213,2100,521,47,12,3,190300
Kampala|Kampala District,Kampala District,Kampala,2024-05,22.5,73.98,82.44,2.368,15155,3068,716,330,66,1793600
Busoga|Kamuli District,Kamuli District,Busoga,2024-05,23.17,105.97,82.09,0.106,30011,2652,110,49,54,608400
Tooro|Kamwenge District,Kamwenge District,Tooro,2024-05,22.84,90.85,70.05,0.065,9011,2875,49,63,142,384800
Kigezi|Kanungu District,Kanungu District,Kigezi,2024-05,21.68,76.62,78.21,0.202,1810,632,85,26,30,239400
Bugisu|Kapchorwa District,Kapchorwa District,Bugisu,2024-05,19.34,154.69,73.11,0.062,705,1044,12,10,50,137300
Teso|Kapelebyong District,Kapelebyong District,Teso,2024-05,23.79,97.8,74.12,0.049,5270,135,17,2,8,115500
Karamoja|Karenga District,Karenga District,Karamoja,2024-05,22.63,65.53,73.35,0.05,1653,117,37,15,148,74800
Tooro|Kasese District,Kasese District,Tooro,2024-05,21.77,108.88,72.5,0.443,6382,1626,236,155,179,860300
North Buganda|Kassanda District,Kassanda District,North Buganda,2024-05,22.05,86.52,79.95,0.144,3804,175,22,24,8,341100
Teso|Katakwi District,Katakwi District,Teso,2024-05,23.95,103.27,74.09,0.203,10740,372,62,60,40,214600
North Buganda|Kayunga District,Kayunga District,North Buganda,2024-05,23.41,84.23,80.46,0.338,9457,457,40,23,7,433100
Ankole|Kazo District,Kazo District,Ankole,2024-05,22.97,75.08,69.44,0.058,5413,171,22,,1,248400
Bunyoro|Kibaale District,Kibaale District,Bunyoro,2024-05,23.18,87.88,69.71,0.069,1883,153,28,13,9,248100
North Buganda|Kiboga District,Kiboga District,North Buganda,2024-05,22.94,105.92,77.4,0.054,4316,663,83,43,10,187200
Bukedi|Kibuku District,Kibuku District,Bukedi,2024-05,23.14,132.13,78.62,0.076,18922,175,127,8,7,287700
Bunyoro|Kikuube District,Kikuube District,Bunyoro,2024-05,24.8,94.02,74.46,1.102,9293,1259,86,48,256,434300
Ankole|Kiruhura District,Kiruhura District,Ankole,2024-05,22.56,65.63,70.8,0.098,4084,295,2,5,0,211700
Bunyoro|Kiryandongo District,Kiryandongo District,Bunyoro,2024-05,24.35,106.09,74.38,0.073,10098,837,60,77,147,347800
Kigezi|Kisoro District,Kisoro District,Kigezi,2024-05,18.13,87.8,78.27,0.162,609,618,102,44,74,337500
Tooro|Kitagwenda District,Kitagwenda District,Tooro,2024-05,23.3,81.39,68.38,0.334,1963,65,7,3,0,204300
Acholi|Kitgum District,Kitgum District,Acholi,2024-05,23.82,77.38,73.08,0.058,14930,495,80,28,41,235700
West Nile|Koboko District,Koboko District,West Nile,2024-05,25.28,101.88,67.75,0.049,4785,178,87,37,49,297600
Lango|Kole District,Kole District,Lango,2024-05,24.02,94.77,76.29,0.05,7484,1018,8,18,23,317000
Karamoja|Kotido District,Kotido District,Karamoja,2024-05,23.28,68.5,71.35,0.048,4293,475,303,8,911,223900
Teso|Kumi District,Kumi District,Teso,2024-05,23.85,109.82,73.61,0.263,12766,334,15,35,17,317700
Lango|Kwania District,Kwania District,Lango,2024-05,24.3,83.96,77,0.507,6048,802,18,25,2,240500
Bugisu|Kween District,Kween District,Bugisu,2024-05,22.06,128.39,67.65,0.052,1462,570,34,1,0,120800
North Buganda|Kyankwanzi District,Kyankwanzi District,North Buganda,2024-05,23.73,95.08,71.8,0.056,3262,388,13,9,27,338300
Tooro|Kyegegwa District,Kyegegwa District,Tooro,2024-05,22.85,101.2,68.96,0.064,9651,1811,63,35,165,593900
Tooro|Kyenjojo District,Kyenjojo District,Tooro,2024-05,22.78,101.41,72.57,0.063,7823,2176,56,49,73,604600
South Buganda|Kyotera District,Kyotera District,South Buganda,2024-05,23.37,180.94,75.09,0.983,4738,597,44,5,18,274200
Acholi|Lamwo District,Lamwo District,Acholi,2024-05,24.53,78.53,72.68,0.063,19875,760,28,34,135,149300
Lango|Lira City,Lira City,Lango,2024-05,23.93,99.09,76.04,0.156,5723,326,119,45,40,268600
Lango|Lira District,Lira District,Lango,2024-05,24.07,94.7,75.72,0.047,10269,352,23,30,34,259800
Busoga|Luuka District,Luuka District,Busoga,2024-05,23.13,108.09,81.64,0.052,17643,487,79,6,2,286200
North Buganda|Luwero District,Luwero District,North Buganda,2024-05,22.48,88.89,83.28,0.069,13503,1680,72,58,71,569200
South Buganda|Lwengo District,Lwengo District,South Buganda,2024-05,22.15,107.02,76.33,0.063,2797,275,30,6,1,298900
South Buganda|Lyantonde District,Lyantonde District,South Buganda,2024-05,22.34,77.1,73.98,0.054,1285,194,24,8,8,122600
West Nile|Madi-Okollo District,Madi-Okollo District,West Nile,2024-05,26.99,94.5,64.66,0.106,3232,355,40,33,49,180900
Bugisu|Manafwa District,Manafwa District,Bugisu,2024-05,20.05,177.62,82.01,0.056,4280,205,79,8,18,190000
West Nile|Maracha District,Maracha District,West Nile,2024-05,24.78,90.1,68.09,0.037,4112,320,33,57,16,222900
South Buganda|Masaka City,Masaka City,South Buganda,2024-05,22.39,155,78.93,0.16,1258,402,62,28,0,241400
South Buganda|Masaka District,Masaka District,South Buganda,2024-05,23.58,190.99,75.3,1.846,918,452,8,,0,129800
Bunyoro|Masindi District,Masindi District,Bunyoro,2024-05,24.46,97.28,72.57,0.059,4963,151,29,50,19,375600
Busoga|Mayuge District,Mayuge District,Busoga,2024-05,23.89,105.2,76.75,2.232,15148,549,139,30,33,632000
Bugisu|Mbale City,Mbale City,Bugisu,2024-05,21.19,157.9,80.09,0.079,6084,913,172,69,15,358700
Bugisu|Mbale District,Mbale District,Bugisu,2024-05,20.62,166.61,81.03,0.057,8275,1348,49,9,15,299000
Ankole|Mbarara City,Mbarara City,Ankole,2024-05,22.13,48.32,69.04,0.134,621,530,82,86,1,238500
Ankole|Mbarara District,Mbarara District,Ankole,2024-05,22.02,56.47,69.65,0.061,750,174,18,10,4,182600
Ankole|Mitooma District,Mitooma District,Ankole,2024-05,21.45,56.21,71.63,0.058,1621,254,4,8,0,200200
North Buganda|Mityana District,Mityana District,North Buganda,2024-05,21.95,89.44,82.88,0.214,5646,461,57,40,12,383900
Karamoja|Moroto District,Moroto District,Karamoja,2024-05,22.87,69.18,70.5,0.043,1563,1360,111,34,442,128800
West Nile|Moyo District,Moyo District,West Nile,2024-05,26.34,95.71,68.08,0.139,1984,466,42,22,4,118800
South Buganda|Mpigi District,Mpigi District,South Buganda,2024-05,22.73,129.04,79.28,0.738,2715,639,53,23,4,311200
North Buganda|Mubende District,Mubende District,North Buganda,2024-05,22.16,87.84,76.17,0.065,7908,218,82,55,16,672900
North Buganda|Mukono District,Mukono District,North Buganda,2024-05,23.64,96.5,76.99,1.807,8553,1344,163,18,19,776000
Karamoja|Nabilatuk District,Nabilatuk District,Karamoja,2024-05,23.58,85.45,70.54,0.045,1783,265,57,11,218,107100
Karamoja|Nakapiripirit District,Nakapiripirit District,Karamoja,2024-05,22.89,97.81,68.72,0.05,3633,533,128,4,67,133200
North Buganda|Nakaseke District,Nakaseke District,North Buganda,2024-05,23.19,91.83,77.43,0.054,4068,309,51,13,20,261800
North Buganda|Nakasongola District,Nakasongola District,North Buganda,2024-05,24.12,80.45,74.75,0.276,5507,395,88,5,0,239400
Busoga|Namayingo District,Namayingo District,Busoga,2024-05,24.25,116.84,74.22,2.91,6579,742,67,11,34,250600
Bugisu|Namisindwa District,Namisindwa District,Bugisu,2024-05,17.61,190.5,82.01,0.061,3976,351,2,8,0,253200
Busoga|Namutumba District,Namutumba District,Busoga,2024-05,23.14,139.8,80.42,0.048,7297,787,60,26,12,346600
Karamoja|Napak District,Napak District,Karamoja,2024-05,23.65,78.64,71.23,0.048,3577,486,345,41,236,168700
West Nile|Nebbi District,Nebbi District,West Nile,2024-05,25.95,84.14,65.43,0.039,6948,734,199,96,86,314100
Teso|Ngora District,Ngora District,Teso,2024-05,23.86,105.57,76.69,0.327,5214,215,26,73,8,182600
Tooro|Ntoroko District,Ntoroko District,Tooro,2024-05,26.43,108.44,68.65,0.465,447,78,15,1,5,82100
Ankole|Ntungamo District,Ntungamo District,Ankole,2024-05,21.81,45.05,66.97,0.06,2712,943,18,45,5,578200
Acholi|Nwoya District,Nwoya District,Acholi,2024-05,24.96,114.24,73.99,0.095,9749,302,44,44,44,345300
West Nile|Obongi District,Obongi District,West Nile,2024-05,26.98,102.98,69.25,0.26,2107,330,24,22,102,53200
Acholi|Omoro District,Omoro District,Acholi,2024-05,24.18,116.96,74.93,0.058,14735,285,31,9,34,223200
Lango|Otuke District,Otuke District,Lango,2024-05,23.85,92.1,74.64,0.051,7049,159,7,6,20,156600
Lango|Oyam District,Oyam District,Lango,2024-05,24.05,100.21,75.82,0.06,19438,1129,31,106,97,504200
Acholi|Pader District,Pader District,Acholi,2024-05,24.45,92.41,74.59,0.056,21446,584,41,46,33,209600
West Nile|Pakwach District,Pakwach District,West Nile,2024-05,26.7,82.11,69.65,0.271,2272,144,67,32,1,226600
Bukedi|Pallisa District,Pallisa District,Bukedi,2024-05,23.65,116.37,78.42,0.351,5775,184,19,35,14,415500
South Buganda|Rakai District,Rakai District,South Buganda,2024-05,22.07,115.46,76.73,0.15,4019,553,60,6,5,345700
Kigezi|Rubanda District,Rubanda District,Kigezi,2024-05,18.47,68.35,76.09,0.133,137,484,13,13,9,214800
Ankole|Rubirizi District,Rubirizi District,Ankole,2024-05,24.09,64.24,72.12,0.853,2171,188,4,2,5,153900
Kigezi|Rukiga District,Rukiga District,Kigezi,2024-05,20.63,59.7,70.18,0.052,223,409,3,5,21,107700
Kigezi|Rukungiri District,Rukungiri District,Kigezi,2024-05,22.3,59.55,74.55,0.241,1363,953,60,53,14,344200
Ankole|Rwampara District,Rwampara District,Ankole,2024-05,21.56,47.39,70.01,0.057,580,134,5,11,0,156200
South Buganda|Sembabule District,Sembabule District,South Buganda,2024-05,22.32,90.27,75.57,0.052,3402,116,35,,0,327000
Teso|Serere District,Serere District,Teso,2024-05,24.44,88.39,75.18,0.89,13910,467,33,149,3,416500
Ankole|Sheema District,Sheema District,Ankole,2024-05,21.43,51.81,71.8,0.066,333,460,16,16,9,227900
Bugisu|Sironko District,Sironko District,Bugisu,2024-05,18.39,157.06,80.46,0.063,5951,602,19,22,1,295600
Teso|Soroti City,Soroti City,Teso,2024-05,23.92,101.13,76.14,0.122,4809,194,58,12,0,79500
Teso|Soroti District,Soroti District,Teso,2024-05,23.95,101.16,76.25,0.164,9506,178,42,20,0,334400
West Nile|Terego District,Terego District,West Nile,2024-05,26.65,98.71,65.05,0.047,8758,632,32,55,99,257000
Bukedi|Tororo District,Tororo District,Bukedi,2024-05,22.16,171.18,78.69,0.049,9794,2128,140,91,45,653400
South Buganda|Wakiso District,Wakiso District,South Buganda,2024-05,22.88,104.33,79.85,1.141,18080,2684,431,144,38,3741000
West Nile|Yumbe District,Yumbe District,West Nile,2024-05,26.35,99.23,66.79,0.051,10030,666,169,81,196,815200
West Nile|Zombo District,Zombo District,West Nile,2024-05,23.14,105.27,70.28,0.053,6207,794,53,63,13,313900
Karamoja|Abim District,Abim District,Karamoja,2024-06,23.35,52,66.72,0.06,8042,229,32,14,79,193600
West Nile|Adjumani District,Adjumani District,West Nile,2024-06,25.64,170.04,68.49,0.096,11583,2545,110,49,217,241200
Acholi|Agago District,Agago District,Acholi,2024-06,23.55,80.7,69.76,0.058,30091,209,100,20,95,266000
Lango|Alebtong District,Alebtong District,Lango,2024-06,23.94,58.58,67.84,0.051,12291,304,9,33,15,293200
Lango|Amolatar District,Amolatar District,Lango,2024-06,24.49,54.06,69.62,1.568,4827,496,39,23,7,185900
Karamoja|Amudat District,Amudat District,Karamoja,2024-06,23.28,36.39,60.94,0.041,2199,339,16,12,88,157800
Teso|Amuria District,Amuria District,Teso,2024-06,23.72,47.41,67.36,0.047,14564,226,32,26,1,256400
Acholi|Amuru District,Amuru District,Acholi,2024-06,25.03,160.33,68.28,0.061,11454,233,18,29,194,237700
Lango|Apac District,Apac District,Lango,2024-06,24.21,59.3,68.24,0.175,10701,697,11,61,24,257500
West Nile|Arua City,Arua City,West Nile,2024-06,24.04,172.77,65.65,0.061,5603,246,100,70,15,399400
West Nile|Arua District,Arua District,West Nile,2024-06,25.19,155.79,61.07,0.05,1918,42,4,21,19,172300
Bukedi|Budaka District,Budaka District,Bukedi,2024-06,22.14,67.77,73.06,0.042,7599,169,56,23,28,287100
Bugisu|Bududa District,Bududa District,Bugisu,2024-06,14.05,86.64,78.97,0.052,1360,931,85,11,13,319800
Busoga|Bugiri District,Bugiri District,Busoga,2024-06,22.27,55.97,78.47,0.103,4983,672,105,60,17,555800
Busoga|Bugweri District,Bugweri District,Busoga,2024-06,22.26,56.63,79.06,0.061,8444,183,16,4,18,210300
Ankole|Buhweju District,Buhweju District,Ankole,2024-06,20.53,12.44,61.63,0.072,138,119,22,1,3,161100
North Buganda|Buikwe District,Buikwe District,North Buganda,2024-06,22.46,64.69,77.44,0.569,7832,861,95,36,12,508000
Teso|Bukedea District,Bukedea District,Teso,2024-06,22.57,61.56,68.45,0.047,17017,176,27,12,2,303100
South Buganda|Bukomansimbi District,Bukomansimbi District,South Buganda,2024-06,22.29,31.04,65.6,0.049,2352,502,131,3,8,158700
Bugisu|Bukwo District,Bukwo District,Bugisu,2024-06,19.27,68.7,62.37,0.058,460,1507,29,,3,143600
Bugisu|Bulambuli District,Bulambuli District,Bugisu,2024-06,20.18,68.01,66.1,0.052,4704,846,41,2,8,276500
Bunyoro|Buliisa District,Buliisa District,Bunyoro,2024-06,25.67,89.12,69.22,1.416,5185,359,34,11,26,179000
Tooro|Bundibugyo District,Bundibugyo District,Tooro,2024-06,21.49,47.39,66.31,0.09,5365,1318,94,9,109,292000
Tooro|Bunyangabu District,Bunyangabu District,Tooro,2024-06,20.11,32.55,66.21,0.063,1205,340,83,4,12,212200
Ankole|Bushenyi District,Bushenyi District,Ankole,2024-06,21.49,11.96,58.89,0.075,851,688,35,45,18,246800
Bukedi|Busia District,Busia District,Bukedi,2024-06,21.87,69.5,77.85,0.168,10168,564,85,43,107,427600
Bukedi|Butaleja District,Butaleja District,Bukedi,2024-06,22.06,65.03,75.44,0.042,6002,658,103,20,7,343100
South Buganda|Butambala District,Butambala District,South Buganda,2024-06,22.15,46.28,69.68,0.053,1774,181,27,,5,111900
Bukedi|Butebo District,Butebo District,Bukedi,2024-06,22.66,64.09,72.18,0.043,4146,140,45,1,8,127000
North Buganda|Buvuma District,Buvuma District,North Buganda,2024-06,24.36,60.4,66.03,3.172,2379,287,30,5,4,163500
Busoga|Buyende District,Buyende District,Busoga,2024-06,24.01,58,72.37,0.984,14234,291,31,32,32,487100
Lango|Dokolo District,Dokolo District,Lango,2024-06,23.49,55.21,73.41,0.319,8974,354,36,21,3,238700
Tooro|Fort Portal City,Fort Portal City,Tooro,2024-06,20.06,36.94,68,0.136,626,379,142,48,9,124300
South Buganda|Gomba District,Gomba District,South Buganda,2024-06,22.4,29.83,64.74,0.07,2725,76,6,7,0,182200
Acholi|Gulu City,Gulu City,Acholi,2024-06,23.99,135.7,69.15,0.159,7721,899,304,22,94,231300
Acholi|Gulu District,Gulu District,Acholi,2024-06,24.59,140.74,68.27,0.056,10471,87,11,7,16,130200
Bunyoro|Hoima City,Hoima City,Bunyoro,2024-06,23.31,74.16,70.05,0.114,1484,256,32,62,1,139500
Bunyoro|Hoima District,Hoima District,Bunyoro,2024-06,25.01,72.95,68.26,1.44,3052,266,26,12,22,286800
Ankole|Ibanda District,Ibanda District,Ankole,2024-06,23.22,17.92,53.14,0.059,7982,588,54,32,27,295100
Busoga|Iganga District,Iganga District,Busoga,2024-06,22.4,61.66,78.43,0.083,18639,1214,73,66,49,448300
Ankole|Isingiro District,Isingiro District,Ankole,2024-06,22.74,9.23,51.66,0.081,11236,1681,59,46,349,679200
Busoga|Jinja City,Jinja City,Busoga,2024-06,22.17,57.39,81.01,0.828,6446,1043,92,63,12,284300
Busoga|Jinja District,Jinja District,Busoga,2024-06,22.18,50.68,80.09,0.129,10495,1004,61,16,13,257900
Karamoja|Kaabong District,Kaabong District,Karamoja,2024-06,22.99,43.27,59.59,0.049,3434,407,76,19,511,137100
Kigezi|Kabale District,Kabale District,Kigezi,2024-06,19.49,3.23,55.64,0.174,360,811,101,27,27,259400
Tooro|Kabarole District,Kabarole District,Tooro,2024-06,22.16,37.47,65.15,0.068,689,311,30,7,10,239400
Teso|Kaberamaido District,Kaberamaido District,Teso,2024-06,24.24,53.81,70.99,0.833,8409,388,34,23,3,154500
Bunyoro|Kagadi District,Kagadi District,Bunyoro,2024-06,23.91,44.87,64.96,0.346,4736,126,21,54,28,489800
Bunyoro|Kakumiro District,Kakumiro District,Bunyoro,2024-06,23.94,50.71,56.02,0.056,6705,250,45,29,25,651200
Teso|Kalaki District,Kalaki District,Teso,2024-06,23.9,49.53,71.11,0.402,8916,149,20,12,10,161000
South Buganda|Kalangala District,Kalangala District,South Buganda,2024-06,24.35,72.33,64.74,3.07,605,128,58,16,0,77000
Busoga|Kaliro District,Kaliro District,Busoga,2024-06,23.11,60.8,75.58,0.356,13679,629,61,14,9,327800
South Buganda|Kalungu District,Kalungu District,South Buganda,2024-06,22.34,40.97,69.13,0.217,2110,598,25,5,1,190300
Kampala|Kampala District,Kampala District,Kampala,2024-06,22.15,57.61,76.14,2.368,14863,3140,729,318,100,1793600
Busoga|Kamuli District,Kamuli District,Busoga,2024-06,22.7,61.87,77.54,0.101,31212,1465,81,46,59,608400
Tooro|Kamwenge District,Kamwenge District,Tooro,2024-06,23.38,26.28,54.5,0.063,9587,2640,31,49,111,384800
Kigezi|Kanungu District,Kanungu District,Kigezi,2024-06,21.39,14.75,67.86,0.2,2242,857,61,19,32,239400
Bugisu|Kapchorwa District,Kapchorwa District,Bugisu,2024-06,19.27,69.42,66.25,0.055,1009,956,23,15,19,137300
Teso|Kapelebyong District,Kapelebyong District,Teso,2024-06,24.16,44,64.13,0.051,6973,133,26,18,8,115500
Karamoja|Karenga District,Karenga District,Karamoja,2024-06,22.34,67.76,66.72,0.052,2715,200,34,9,89,74800
Tooro|Kasese District,Kasese District,Tooro,2024-06,21.62,24.34,62.03,0.442,6948,2262,320,132,83,860300
North Buganda|Kassanda District,Kassanda District,North Buganda,2024-06,22.23,36.91,66.47,0.14,3753,155,19,36,16,341100
Teso|Katakwi District,Katakwi District,Teso,2024-06,24.09,42.46,66.59,0.203,14034,278,77,35,34,214600
North Buganda|Kayunga District,Kayunga District,North Buganda,2024-06,23.16,63.37,73.54,0.334,10747,393,32,12,0,433100
Ankole|Kazo District,Kazo District,Ankole,2024-06,24.05,18.34,49.58,0.051,5560,375,35,3,16,248400
Bunyoro|Kibaale District,Kibaale District,Bunyoro,2024-06,23.86,41.39,53.7,0.068,2004,117,7,9,9,248100
North Buganda|Kiboga District,Kiboga District,North Buganda,2024-06,23.45,49.8,62.48,0.051,4198,599,49,37,39,187200
Bukedi|Kibuku District,Kibuku District,Bukedi,2024-06,22.62,64.3,75.48,0.071,25464,431,101,3,7,287700
Bunyoro|Kikuube District,Kikuube District,Bunyoro,2024-06,24.6,60.99,67.78,1.1,8456,1296,60,39,149,434300
Ankole|Kiruhura District,Kiruhura District,Ankole,2024-06,23.23,14.97,52.52,0.09,4492,307,10,6,0,211700
Bunyoro|Kiryandongo District,Kiryandongo District,Bunyoro,2024-06,24.4,87.91,65.87,0.07,13757,1308,39,69,126,347800
Kigezi|Kisoro District,Kisoro District,Kigezi,2024-06,17.92,13.49,64.22,0.161,808,600,199,31,52,337500
Tooro|Kitagwenda District,Kitagwenda District,Tooro,2024-06,23.6,20.36,55.23,0.333,1741,160,7,11,0,204300
Acholi|Kitgum District,Kitgum District,Acholi,2024-06,23.43,99.43,68.25,0.06,17391,634,57,14,58,235700
West Nile|Koboko District,Koboko District,West Nile,2024-06,24.27,190.33,68.5,0.051,5087,199,51,39,47,297600
Lango|Kole District,Kole District,Lango,2024-06,23.54,64.46,72.1,0.048,7009,1008,6,23,31,317000
Karamoja|Kotido District,Kotido District,Karamoja,2024-06,23.09,43.81,64.23,0.051,4501,629,188,28,893,223900
Teso|Kumi District,Kumi District,Teso,2024-06,23.91,52.31,66,0.26,15448,195,29,31,62,317700
Lango|Kwania District,Kwania District,Lango,2024-06,23.9,57.95,72.58,0.507,6089,742,19,23,3,240500
Bugisu|Kween District,Kween District,Bugisu,2024-06,22.6,56.48,57.38,0.048,1559,444,22,2,0,120800
North Buganda|Kyankwanzi District,Kyankwanzi District,North Buganda,2024-06,24.55,51.74,55.55,0.051,3513,354,23,3,14,338300
Tooro|Kyegegwa District,Kyegegwa District,Tooro,2024-06,23.64,25.04,51.64,0.06,9824,1764,27,43,126,593900
Tooro|Kyenjojo District,Kyenjojo District,Tooro,2024-06,22.82,36.82,61.4,0.062,7398,2081,79,42,66,604600
South Buganda|Kyotera District,Kyotera District,South Buganda,2024-06,23.34,47.19,65.13,0.984,5428,598,78,8,20,274200
Acholi|Lamwo District,Lamwo District,Acholi,2024-06,23.9,141.84,69.9,0.063,23120,655,23,31,149,149300
Lango|Lira City,Lira City,Lango,2024-06,23.48,55.8,71.67,0.156,6537,384,152,33,36,268600
Lango|Lira District,Lira District,Lango,2024-06,23.76,66.1,70.69,0.048,11456,158,21,30,14,259800
Busoga|Luuka District,Luuka District,Busoga,2024-06,22.6,62.47,77.85,0.049,16675,484,93,3,0,286200
North Buganda|Luwero District,Luwero District,North Buganda,2024-06,22.24,69.79,75.1,0.065,13571,1709,96,41,34,569200
South Buganda|Lwengo District,Lwengo District,South Buganda,2024-06,22.46,27.43,61.51,0.059,3289,315,99,14,1,298900
South Buganda|Lyantonde District,Lyantonde District,South Buganda,2024-06,22.96,19.96,56.47,0.045,1795,326,54,12,5,122600
West Nile|Madi-Okollo District,Madi-Okollo District,West Nile,2024-06,26.69,134.14,60.18,0.105,3654,402,37,22,55,180900
Bugisu|Manafwa District,Manafwa District,Bugisu,2024-06,19.39,73.79,80.43,0.05,3811,211,75,9,24,190000
West Nile|Maracha District,Maracha District,West Nile,2024-06,23.91,176.51,67.57,0.039,3803,299,43,35,28,222900
South Buganda|Masaka City,Masaka City,South Buganda,2024-06,22.28,46.59,68.36,0.162,1407,433,66,17,3,241400
South Buganda|Masaka District,Masaka District,South Buganda,2024-06,23.43,65.82,67.39,1.848,852,191,11,3,0,129800
Bunyoro|Masindi District,Masindi District,Bunyoro,2024-06,24.61,80.9,62.84,0.056,4463,251,17,35,27,375600
Busoga|Mayuge District,Mayuge District,Busoga,2024-06,23.64,61.08,70.99,2.23,16828,627,75,34,43,632000
Bugisu|Mbale City,Mbale City,Bugisu,2024-06,20.67,75.62,77.63,0.073,6539,880,144,41,15,358700
Bugisu|Mbale District,Mbale District,Bugisu,2024-06,20.02,75.23,79.23,0.049,9069,1127,31,1,7,299000
Ankole|Mbarara City,Mbarara City,Ankole,2024-06,22.81,8.06,50.09,0.128,646,716,116,101,0,238500
Ankole|Mbarara District,Mbarara District,Ankole,2024-06,22.67,9.24,51.11,0.06,918,225,36,5,5,182600
Ankole|Mitooma District,Mitooma District,Ankole,2024-06,21.86,11.71,55.05,0.051,1942,449,17,5,0,200200
North Buganda|Mityana District,Mityana District,North Buganda,2024-06,21.88,55.27,71.89,0.213,5418,466,66,4,26,383900
Karamoja|Moroto District,Moroto District,Karamoja,2024-06,23.25,29.42,58.08,0.043,2410,1524,138,33,673,128800
West Nile|Moyo District,Moyo District,West Nile,2024-06,25.65,131.89,67.29,0.14,3133,506,43,9,19,118800
South Buganda|Mpigi District,Mpigi District,South Buganda,2024-06,22.7,57.78,69.7,0.742,3354,682,24,13,0,311200
North Buganda|Mubende District,Mubende District,North Buganda,2024-06,22.8,29.61,59.21,0.061,7307,185,47,84,25,672900
North Buganda|Mukono District,Mukono District,North Buganda,2024-06,23.36,63.52,70.85,1.807,9344,1595,162,45,53,776000
Karamoja|Nabilatuk District,Nabilatuk District,Karamoja,2024-06,24.2,35.31,59.26,0.047,4186,326,89,15,122,107100
Karamoja|Nakapiripirit District,Nakapiripirit District,Karamoja,2024-06,23.3,41.75,59.05,0.05,5073,700,105,4,200,133200
North Buganda|Nakaseke District,Nakaseke District,North Buganda,2024-06,23.62,54.45,63.99,0.049,5287,753,94,28,8,261800
North Buganda|Nakasongola District,Nakasongola District,North Buganda,2024-06,24.35,53.7,64.19,0.273,6658,686,39,,7,239400
Busoga|Namayingo District,Namayingo District,Busoga,2024-06,24.07,60.46,67.94,2.909,6920,741,53,8,20,250600
Bugisu|Namisindwa District,Namisindwa District,Bugisu,2024-06,16.85,77.14,80.17,0.053,2711,201,34,7,5,253200
Busoga|Namutumba District,Namutumba District,Busoga,2024-06,22.57,67.86,77.33,0.044,6786,928,30,32,12,346600
Karamoja|Napak District,Napak District,Karamoja,2024-06,23.89,32.26,62.31,0.051,7273,890,202,43,271,168700
West Nile|Nebbi District,Nebbi District,West Nile,2024-06,25.97,101.16,57.89,0.039,5781,664,150,117,101,314100
Teso|Ngora District,Ngora District,Teso,2024-06,23.57,48.43,71.66,0.324,6016,219,7,78,4,182600
Tooro|Ntoroko District,Ntoroko District,Tooro,2024-06,25.89,43.14,63.88,0.466,608,98,21,2,0,82100
Ankole|Ntungamo District,Ntungamo District,Ankole,2024-06,22.53,3.8,47.45,0.052,2701,1221,64,22,7,578200
Acholi|Nwoya District,Nwoya District,Acholi,2024-06,24.87,116.04,67.62,0.093,11162,359,58,46,85,345300
West Nile|Obongi District,Obongi District,West Nile,2024-06,26.5,127.63,66.79,0.258,2560,418,8,18,347,53200
Acholi|Omoro District,Omoro District,Acholi,2024-06,23.94,116.37,69.35,0.057,15502,363,20,14,62,223200
Lango|Otuke District,Otuke District,Lango,2024-06,24.08,60.5,65.7,0.052,9087,151,6,5,14,156600
Lango|Oyam District,Oyam District,Lango,2024-06,23.76,79.98,70.2,0.058,21963,922,41,106,110,504200
Acholi|Pader District,Pader District,Acholi,2024-06,24.12,110.34,69.63,0.057,23537,491,42,38,93,209600
West Nile|Pakwach District,Pakwach District,West Nile,2024-06,26.75,91.08,62.95,0.266,2017,733,36,31,0,226600
Bukedi|Pallisa District,Pallisa District,Bukedi,2024-06,23.21,57.94,74.98,0.348,6488,229,34,32,2,415500
South Buganda|Rakai District,Rakai District,South Buganda,2024-06,22.3,22.45,61.14,0.146,4530,923,16,8,3,345700
Kigezi|Rubanda District,Rubanda District,Kigezi,2024-06,18.4,8.07,61.4,0.133,266,684,17,13,18,214800
Ankole|Rubirizi District,Rubirizi District,Ankole,2024-06,24.01,16.15,61.56,0.852,2890,182,2,,31,153900
Kigezi|Rukiga District,Rukiga District,Kigezi,2024-06,21.17,3.97,51.68,0.046,273,329,5,11,10,107700
Kigezi|Rukungiri District,Rukungiri District,Kigezi,2024-06,22.4,11.64,61.17,0.237,1418,960,95,28,10,344200
Ankole|Rwampara District,Rwampara District,Ankole,2024-06,22.07,13.15,51.67,0.054,867,199,0,12,0,156200
South Buganda|Sembabule District,Sembabule District,South Buganda,2024-06,23.11,22.65,57.49,0.046,4474,123,23,,2,327000
Teso|Serere District,Serere District,Teso,2024-06,24.25,54.06,69.36,0.886,16824,418,24,42,3,416500
Ankole|Sheema District,Sheema District,Ankole,2024-06,21.8,8.28,54.74,0.062,289,481,29,15,5,227900
Bugisu|Sironko District,Sironko District,Bugisu,2024-06,17.82,83.33,77.77,0.053,5230,685,34,25,10,295600
Teso|Soroti City,Soroti City,Teso,2024-06,23.85,52.12,69.14,0.119,5942,176,45,56,5,79500
Teso|Soroti District,Soroti District,Teso,2024-06,23.86,49.22,69.32,0.16,11555,208,37,11,0,334400
West Nile|Terego District,Terego District,West Nile,2024-06,26.19,149.53,61.78,0.045,7820,662,40,34,75,257000
Bukedi|Tororo District,Tororo District,Bukedi,2024-06,21.57,67.09,76.01,0.044,8281,1707,105,34,39,653400
South Buganda|Wakiso District,Wakiso District,South Buganda,2024-06,22.58,77.14,72.95,1.143,18835,2347,340,138,38,3741000
West Nile|Yumbe District,Yumbe District,West Nile,2024-06,25.7,156.86,64.99,0.05,10592,617,167,88,201,815200
West Nile|Zombo District,Zombo District,West Nile,2024-06,22.45,132.3,67.49,0.054,6427,573,52,61,4,313900
Karamoja|Abim District,Abim District,Karamoja,2024-07,22.49,265.31,73.63,0.048,9704,351,39,12,90,193600
West Nile|Adjumani District,Adjumani District,West Nile,2024-07,24.51,145.72,75.61,0.089,11589,2777,90,38,263,241200
Acholi|Agago District,Agago District,Acholi,2024-07,22.8,259.87,75.62,0.05,34559,339,24,21,139,266000
Lango|Alebtong District,Alebtong District,Lango,2024-07,23.01,266.06,74.65,0.043,12054,420,26,34,49,293200
Lango|Amolatar District,Amolatar District,Lango,2024-07,23.71,168.48,74.07,1.563,5243,572,14,10,3,185900
Karamoja|Amudat District,Amudat District,Karamoja,2024-07,21.48,193.08,74.04,0.033,3766,494,8,12,61,157800
Teso|Amuria District,Amuria District,Teso,2024-07,22.87,257,74.3,0.042,12932,248,18,60,19,256400
Acholi|Amuru District,Amuru District,Acholi,2024-07,23.92,159.69,76.03,0.054,13941,279,25,22,107,237700
Lango|Apac District,Apac District,Lango,2024-07,23.38,152.2,73.79,0.167,8851,852,16,25,26,257500
West Nile|Arua City,Arua City,West Nile,2024-07,22.5,182.62,76.35,0.057,5704,396,75,92,55,399400
West Nile|Arua District,Arua District,West Nile,2024-07,23.45,155.56,72.87,0.043,1742,104,7,14,42,172300
Bukedi|Budaka District,Budaka District,Bukedi,2024-07,22,187.46,73.36,0.038,7693,230,87,15,49,287100
Bugisu|Bududa District,Bududa District,Bugisu,2024-07,13.79,212.7,82.35,0.05,1708,1141,69,11,2,319800
Busoga|Bugiri District,Bugiri District,Busoga,2024-07,22.06,117.65,78.5,0.097,3967,736,28,19,6,555800
Busoga|Bugweri District,Bugweri District,Busoga,2024-07,22.06,125.22,78.76,0.054,8464,220,21,1,9,210300
Ankole|Buhweju District,Buhweju District,Ankole,2024-07,20.29,27.49,66.49,0.057,130,138,25,13,10,161100
North Buganda|Buikwe District,Buikwe District,North Buganda,2024-07,21.93,116.61,80.64,0.565,8488,1243,65,39,3,508000
Teso|Bukedea District,Bukedea District,Teso,2024-07,21.98,260.67,72.63,0.043,16159,225,18,8,6,303100
South Buganda|Bukomansimbi District,Bukomansimbi District,South Buganda,2024-07,22.46,59.31,65.68,0.039,2678,620,190,21,16,158700
Bugisu|Bukwo District,Bukwo District,Bugisu,2024-07,17.49,255.5,76.01,0.045,654,1561,51,2,11,143600
Bugisu|Bulambuli District,Bulambuli District,Bugisu,2024-07,19.13,272.03,73.54,0.045,4937,1392,40,11,6,276500
Bunyoro|Buliisa District,Buliisa District,Bunyoro,2024-07,24.9,110.2,73.94,1.41,6112,654,60,9,18,179000
Tooro|Bundibugyo District,Bundibugyo District,Tooro,2024-07,20.13,73.84,79.2,0.076,5769,1976,72,41,87,292000
Tooro|Bunyangabu District,Bunyangabu District,Tooro,2024-07,19.3,49.8,74.67,0.046,1044,340,55,17,18,212200
Ankole|Bushenyi District,Bushenyi District,Ankole,2024-07,21.02,23.29,65.85,0.06,707,712,33,49,15,246800
Bukedi|Busia District,Busia District,Bukedi,2024-07,21.66,87.19,77.84,0.163,9902,749,58,59,136,427600
Bukedi|Butaleja District,Butaleja District,Bukedi,2024-07,22.06,153.51,74.61,0.038,5844,665,100,24,4,343100
South Buganda|Butambala District,Butambala District,South Buganda,2024-07,22.11,99.89,70.51,0.046,1936,295,46,1,0,111900
Bukedi|Butebo District,Butebo District,Bukedi,2024-07,22.34,213.31,73.93,0.038,4771,305,63,10,1,127000
North Buganda|Buvuma District,Buvuma District,North Buganda,2024-07,23.68,119.96,70.92,3.172,2370,268,50,6,2,163500
Busoga|Buyende District,Buyende District,Busoga,2024-07,23.69,148.63,73.49,0.98,13627,342,10,24,24,487100
Lango|Dokolo District,Dokolo District,Lango,2024-07,22.88,179.72,76.35,0.313,10005,781,33,5,5,238700
Tooro|Fort Portal City,Fort Portal City,Tooro,2024-07,19.07,53.11,79.38,0.124,613,431,145,28,8,124300
South Buganda|Gomba District,Gomba District,South Buganda,2024-07,22.54,86.6,65.52,0.06,2435,82,15,8,2,182200
Acholi|Gulu City,Gulu City,Acholi,2024-07,22.97,218.76,76.68,0.158,8963,1239,172,74,65,231300
Acholi|Gulu District,Gulu District,Acholi,2024-07,23.58,193.74,75.52,0.051,12108,147,34,4,54,130200
Bunyoro|Hoima City,Hoima City,Bunyoro,2024-07,22.49,136.43,78.33,0.1,1508,189,25,24,0,139500
Bunyoro|Hoima District,Hoima District,Bunyoro,2024-07,24.05,107.32,75.61,1.434,3337,285,33,11,22,286800
Ankole|Ibanda District,Ibanda District,Ankole,2024-07,22.75,35.9,58.41,0.045,8733,1066,19,40,0,295100
Busoga|Iganga District,Iganga District,Busoga,2024-07,22.35,125.52,77.25,0.074,19710,1273,127,80,38,448300
Ankole|Isingiro District,Isingiro District,Ankole,2024-07,22.52,21.8,55.56,0.069,7229,1979,109,53,389,679200
Busoga|Jinja City,Jinja City,Busoga,2024-07,21.78,118.05,82.39,0.821,7232,1087,98,124,12,284300
Busoga|Jinja District,Jinja District,Busoga,2024-07,21.91,114.03,80.91,0.118,12033,1188,51,12,21,257900
Karamoja|Kaabong District,Kaabong District,Karamoja,2024-07,21.57,233.7,72.63,0.038,3985,530,42,17,369,137100
Kigezi|Kabale District,Kabale District,Kigezi,2024-07,19.91,7.64,55.74,0.159,338,1033,177,39,34,259400
Tooro|Kabarole District,Kabarole District,Tooro,2024-07,21.23,57.21,73.71,0.052,746,238,22,7,6,239400
Teso|Kaberamaido District,Kaberamaido District,Teso,2024-07,23.61,190.53,73.88,0.828,6834,189,28,30,12,154500
Bunyoro|Kagadi District,Kagadi District,Bunyoro,2024-07,22.8,93.33,75.28,0.335,5571,142,28,69,20,489800
Bunyoro|Kakumiro District,Kakumiro District,Bunyoro,2024-07,23.05,128.09,66.13,0.045,5841,285,42,73,28,651200
Teso|Kalaki District,Kalaki District,Teso,2024-07,23.34,209.21,74.6,0.398,7646,248,17,23,0,161000
South Buganda|Kalangala District,Kalangala District,South Buganda,2024-07,23.62,152.03,70.39,3.069,507,151,56,2,0,77000
Busoga|Kaliro District,Kaliro District,Busoga,2024-07,23.07,160.65,74.28,0.35,19320,814,121,23,10,327800
South Buganda|Kalungu District,Kalungu District,South Buganda,2024-07,22.35,72.49,69.64,0.208,2350,768,36,9,1,190300
Kampala|Kampala District,Kampala District,Kampala,2024-07,21.85,100.45,78.2,2.367,15602,4600,1194,363,149,1793600
Busoga|Kamuli District,Kamuli District,Busoga,2024-07,22.57,146.96,78.41,0.095,34845,3385,255,37,56,608400
Tooro|Kamwenge District,Kamwenge District,Tooro,2024-07,22.71,53.88,61.24,0.048,8324,3894,69,60,112,384800
Kigezi|Kanungu District,Kanungu District,Kigezi,2024-07,20.94,21.92,73.77,0.183,2165,869,61,29,27,239400
Bugisu|Kapchorwa District,Kapchorwa District,Bugisu,2024-07,18.12,284.3,75.28,0.05,909,1287,31,10,14,137300
Teso|Kapelebyong District,Kapelebyong District,Teso,2024-07,23.1,247.09,72.45,0.043,7682,119,20,28,10,115500
Karamoja|Karenga District,Karenga District,Karamoja,2024-07,21.59,239.9,73.47,0.044,2591,120,27,3,96,74800
Tooro|Kasese District,Kasese District,Tooro,2024-07,21.08,36.02,66.66,0.427,7170,1724,273,105,117,860300
North Buganda|Kassanda District,Kassanda District,North Buganda,2024-07,22.32,108.65,68,0.132,3914,225,39,28,10,341100
Teso|Katakwi District,Katakwi District,Teso,2024-07,23.29,221.79,72.07,0.196,11982,258,9,35,40,214600
North Buganda|Kayunga District,Kayunga District,North Buganda,2024-07,22.91,136.56,76.04,0.33,11463,541,60,31,0,433100
Ankole|Kazo District,Kazo District,Ankole,2024-07,23.69,38.91,54.48,0.036,5740,205,40,,5,248400
Bunyoro|Kibaale District,Kibaale District,Bunyoro,2024-07,22.75,119.12,65.53,0.051,2422,250,23,8,5,248100
North Buganda|Kiboga District,Kiboga District,North Buganda,2024-07,23.29,145.31,66.5,0.044,4289,995,75,32,23,187200
Bukedi|Kibuku District,Kibuku District,Bukedi,2024-07,22.47,185.6,75.62,0.066,29591,614,145,3,0,287700
Bunyoro|Kikuube District,Kikuube District,Bunyoro,2024-07,23.61,96.31,75.76,1.091,10222,1519,40,37,152,434300
Ankole|Kiruhura District,Kiruhura District,Ankole,2024-07,23.03,34.43,56.02,0.074,4219,427,6,2,2,211700
Bunyoro|Kiryandongo District,Kiryandongo District,Bunyoro,2024-07,23.39,162.83,74.38,0.062,11020,1903,62,71,119,347800
Kigezi|Kisoro District,Kisoro District,Kigezi,2024-07,17.84,15.34,68.97,0.144,808,593,285,28,119,337500
Tooro|Kitagwenda District,Kitagwenda District,Tooro,2024-07,22.97,39.28,60.04,0.318,1938,141,6,3,2,204300
Acholi|Kitgum District,Kitgum District,Acholi,2024-07,22.8,232.2,73,0.053,22075,1010,83,29,78,235700
West Nile|Koboko District,Koboko District,West Nile,2024-07,22.82,206.85,78.8,0.043,4812,304,19,40,43,297600
Lango|Kole District,Kole District,Lango,2024-07,22.83,207.38,76.35,0.042,7104,969,11,13,43,317000
Karamoja|Kotido District,Kotido District,Karamoja,2024-07,22.22,247.51,71.99,0.041,8057,1172,208,18,420,223900
Teso|Kumi District,Kumi District,Teso,2024-07,23.09,269.28,72.05,0.256,14719,337,27,36,30,317700
Lango|Kwania District,Kwania District,Lango,2024-07,23.17,159.27,75.94,0.5,5897,857,9,30,1,240500
Bugisu|Kween District,Kween District,Bugisu,2024-07,20.6,259.01,71.58,0.04,1349,716,39,1,0,120800
North Buganda|Kyankwanzi District,Kyankwanzi District,North Buganda,2024-07,23.71,133.04,64.85,0.044,3221,326,25,11,21,338300
Tooro|Kyegegwa District,Kyegegwa District,Tooro,2024-07,22.96,80.62,59.72,0.043,8545,1745,40,41,148,593900
Tooro|Kyenjojo District,Kyenjojo District,Tooro,2024-07,21.89,80.2,71.09,0.047,8267,2591,104,73,58,604600
South Buganda|Kyotera District,Kyotera District,South Buganda,2024-07,22.91,73.08,68.71,0.976,4515,938,65,10,4,274200
Acholi|Lamwo District,Lamwo District,Acholi,2024-07,22.99,187.07,75.84,0.056,25346,1320,15,36,117,149300
Lango|Lira City,Lira City,Lango,2024-07,22.72,200.71,76.39,0.148,6438,410,124,36,38,268600
Lango|Lira District,Lira District,Lango,2024-07,22.96,225.47,75.88,0.041,7880,405,49,21,31,259800
Busoga|Luuka District,Luuka District,Busoga,2024-07,22.56,132.46,76.82,0.041,19180,461,29,10,7,286200
North Buganda|Luwero District,Luwero District,North Buganda,2024-07,22.17,144.91,77.54,0.062,14361,1931,109,43,59,569200
South Buganda|Lwengo District,Lwengo District,South Buganda,2024-07,22.44,50.17,63.33,0.048,2828,412,38,9,0,298900
South Buganda|Lyantonde District,Lyantonde District,South Buganda,2024-07,22.9,47.7,58.97,0.033,1520,357,90,32,1,122600
West Nile|Madi-Okollo District,Madi-Okollo District,West Nile,2024-07,25.09,134.35,70.56,0.096,4966,631,42,14,55,180900
Bugisu|Manafwa District,Manafwa District,Bugisu,2024-07,19.44,147.37,78.57,0.044,4630,156,52,21,8,190000
West Nile|Maracha District,Maracha District,West Nile,2024-07,22.47,213.59,77.82,0.035,3856,585,27,32,30,222900
South Buganda|Masaka City,Masaka City,South Buganda,2024-07,22.2,69.21,69.38,0.153,1371,789,80,20,16,241400
South Buganda|Masaka District,Masaka District,South Buganda,2024-07,22.94,90.04,71.05,1.845,711,316,50,3,0,129800
Bunyoro|Masindi District,Masindi District,Bunyoro,2024-07,23.54,146.09,72.87,0.047,5305,180,70,33,11,375600
Busoga|Mayuge District,Mayuge District,Busoga,2024-07,23.05,94.04,74.26,2.228,15478,680,114,76,44,632000
Bugisu|Mbale City,Mbale City,Bugisu,2024-07,20.77,218.81,75.84,0.069,7842,1311,133,128,38,358700
Bugisu|Mbale District,Mbale District,Bugisu,2024-07,20.15,187.71,76.95,0.045,9649,2360,32,11,6,299000
Ankole|Mbarara City,Mbarara City,Ankole,2024-07,22.49,26.1,54.39,0.115,453,663,97,32,1,238500
Ankole|Mbarara District,Mbarara District,Ankole,2024-07,22.39,28.49,55.61,0.045,913,295,16,7,14,182600
Ankole|Mitooma District,Mitooma District,Ankole,2024-07,21.29,24.68,62.85,0.037,2163,337,16,,0,200200
North Buganda|Mityana District,Mityana District,North Buganda,2024-07,21.84,110.67,73.78,0.21,6014,798,65,4,28,383900
Karamoja|Moroto District,Moroto District,Karamoja,2024-07,21.97,180.27,69.77,0.034,4793,1111,57,39,354,128800
West Nile|Moyo District,Moyo District,West Nile,2024-07,24.31,166.3,75.9,0.134,2518,621,48,14,19,118800
South Buganda|Mpigi District,Mpigi District,South Buganda,2024-07,22.38,109.84,72.32,0.736,3174,1489,33,4,0,311200
North Buganda|Mubende District,Mubende District,North Buganda,2024-07,22.61,91.88,63.63,0.046,7584,374,128,163,28,672900
North Buganda|Mukono District,Mukono District,North Buganda,2024-07,22.81,144.05,75.16,1.804,10181,1655,173,20,24,776000
Karamoja|Nabilatuk District,Nabilatuk District,Karamoja,2024-07,22.67,193.4,70.47,0.039,4845,362,47,11,144,107100
Karamoja|Nakapiripirit District,Nakapiripirit District,Karamoja,2024-07,21.64,229.31,71.26,0.041,6434,721,86,9,266,133200
North Buganda|Nakaseke District,Nakaseke District,North Buganda,2024-07,23.2,151.56,70,0.043,4864,328,28,18,15,261800
North Buganda|Nakasongola District,Nakasongola District,North Buganda,2024-07,23.68,135.72,70.69,0.267,8096,1071,101,3,2,239400
Busoga|Namayingo District,Namayingo District,Busoga,2024-07,23.44,65.7,72.06,2.908,6651,932,58,15,21,250600
Bugisu|Namisindwa District,Namisindwa District,Bugisu,2024-07,16.6,163.84,81.87,0.049,3245,200,7,18,8,253200
Busoga|Namutumba District,Namutumba District,Busoga,2024-07,22.51,145.53,76.67,0.039,6923,1527,237,18,49,346600
Karamoja|Napak District,Napak District,Karamoja,2024-07,22.8,206.04,70.78,0.041,11342,960,132,36,195,168700
West Nile|Nebbi District,Nebbi District,West Nile,2024-07,24.27,131.97,69.93,0.032,7876,697,154,138,71,314100
Teso|Ngora District,Ngora District,Teso,2024-07,23.03,246.72,75.36,0.319,7203,167,12,74,1,182600
Tooro|Ntoroko District,Ntoroko District,Tooro,2024-07,24.55,64.38,72.76,0.455,649,103,14,7,1,82100
Ankole|Ntungamo District,Ntungamo District,Ankole,2024-07,22.3,21.53,52.62,0.038,2267,1268,94,26,9,578200
Acholi|Nwoya District,Nwoya District,Acholi,2024-07,23.91,170.4,74.57,0.085,10472,494,61,35,60,345300
West Nile|Obongi District,Obongi District,West Nile,2024-07,25.24,160.44,74.11,0.254,2186,561,12,13,80,53200
Acholi|Omoro District,Omoro District,Acholi,2024-07,23.05,230.45,75.94,0.052,14215,518,23,20,19,223200
Lango|Otuke District,Otuke District,Lango,2024-07,23.05,283.39,73.85,0.039,8916,262,9,10,18,156600
Lango|Oyam District,Oyam District,Lango,2024-07,23.01,208,75.42,0.051,17104,825,65,114,112,504200
Acholi|Pader District,Pader District,Acholi,2024-07,23.26,213.47,76.03,0.049,22887,726,28,14,76,209600
West Nile|Pakwach District,Pakwach District,West Nile,2024-07,25.68,115.2,69.45,0.26,2779,951,53,26,1,226600
Bukedi|Pallisa District,Pallisa District,Bukedi,2024-07,22.91,208.19,75.85,0.342,6272,259,37,44,6,415500
South Buganda|Rakai District,Rakai District,South Buganda,2024-07,22.22,43.35,63.62,0.136,3987,980,33,7,6,345700
Kigezi|Rubanda District,Rubanda District,Kigezi,2024-07,18.32,11.71,66.21,0.119,279,844,42,15,7,214800
Ankole|Rubirizi District,Rubirizi District,Ankole,2024-07,23.59,26.17,64.71,0.837,3728,273,32,5,34,153900
Kigezi|Rukiga District,Rukiga District,Kigezi,2024-07,21.15,9.97,55.39,0.033,249,295,9,2,6,107700
Kigezi|Rukungiri District,Rukungiri District,Kigezi,2024-07,21.95,21.52,66.84,0.223,1403,1085,137,29,24,344200
Ankole|Rwampara District,Rwampara District,Ankole,2024-07,21.84,45.38,56.21,0.039,1033,380,4,10,0,156200
South Buganda|Sembabule District,Sembabule District,South Buganda,2024-07,23.13,52.01,59.53,0.034,4170,215,65,3,6,327000
Teso|Serere District,Serere District,Teso,2024-07,23.76,186.32,71.65,0.881,13540,401,19,18,0,416500
Ankole|Sheema District,Sheema District,Ankole,2024-07,21.5,26.59,60.96,0.047,305,599,40,31,0,227900
Bugisu|Sironko District,Sironko District,Bugisu,2024-07,17.59,247.02,79.27,0.052,5328,670,29,19,0,295600
Teso|Soroti City,Soroti City,Teso,2024-07,23.23,217.44,73.51,0.114,6010,191,62,10,3,79500
Teso|Soroti District,Soroti District,Teso,2024-07,23.21,230.12,74.14,0.156,9441,118,41,18,0,334400
West Nile|Terego District,Terego District,West Nile,2024-07,24.62,174.52,72.29,0.037,9322,1076,46,34,109,257000
Bukedi|Tororo District,Tororo District,Bukedi,2024-07,21.53,122.25,75.26,0.039,6990,2339,134,105,45,653400
South Buganda|Wakiso District,Wakiso District,South Buganda,2024-07,22.18,133.95,76.35,1.14,20569,3252,589,120,21,3741000
West Nile|Yumbe District,Yumbe District,West Nile,2024-07,24.25,189.99,74.75,0.042,10663,760,206,92,241,815200
West Nile|Zombo District,Zombo District,West Nile,2024-07,20.95,180.13,78.34,0.044,5723,1312,49,64,8,313900
Karamoja|Abim District,Abim District,Karamoja,2024-08,21.91,157.73,76.25,0.055,8094,325,41,10,96,193600
West Nile|Adjumani District,Adjumani District,West Nile,2024-08,23.86,222.21,79.9,0.093,10287,2828,134,55,258,241200
Acholi|Agago District,Agago District,Acholi,2024-08,22.28,182.45,77.78,0.057,19249,312,67,24,132,266000
Lango|Alebtong District,Alebtong District,Lango,2024-08,22.39,167.97,78.52,0.053,8045,344,25,30,28,293200
Lango|Amolatar District,Amolatar District,Lango,2024-08,23.51,102.92,75.38,1.567,5024,574,15,17,7,185900
Karamoja|Amudat District,Amudat District,Karamoja,2024-08,20.75,129.79,77.81,0.045,3961,788,30,12,39,157800
Teso|Amuria District,Amuria District,Teso,2024-08,22.28,125.54,78.25,0.049,11191,197,13,53,9,256400
Acholi|Amuru District,Amuru District,Acholi,2024-08,23.28,224.99,80.03,0.057,8770,768,27,29,29,237700
Lango|Apac District,Apac District,Lango,2024-08,22.94,141.49,76.68,0.179,7376,759,18,33,18,257500
West Nile|Arua City,Arua City,West Nile,2024-08,21.93,226.63,79.6,0.059,6126,377,99,88,22,399400
West Nile|Arua District,Arua District,West Nile,2024-08,22.8,230.53,77,0.045,1372,97,3,25,17,172300
Bukedi|Budaka District,Budaka District,Bukedi,2024-08,22.18,131.23,71.56,0.043,7044,269,47,12,70,287100
Bugisu|Bududa District,Bududa District,Bugisu,2024-08,13.8,179.81,81.86,0.055,1545,1222,69,,50,319800
Busoga|Bugiri District,Bugiri District,Busoga,2024-08,22.12,98.74,77.72,0.103,3477,519,56,47,37,555800
Busoga|Bugweri District,Bugweri District,Busoga,2024-08,22.11,103.3,77.79,0.058,8878,202,62,1,11,210300
Ankole|Buhweju District,Buhweju District,Ankole,2024-08,20.07,77.03,70.68,0.062,183,126,31,17,18,161100
North Buganda|Buikwe District,Buikwe District,North Buganda,2024-08,21.88,81.97,80.58,0.569,7642,1222,35,45,25,508000
Teso|Bukedea District,Bukedea District,Teso,2024-08,21.98,127.07,72.13,0.048,13452,368,32,12,3,303100
South Buganda|Bukomansimbi District,Bukomansimbi District,South Buganda,2024-08,22.47,51.55,66.85,0.043,1762,484,104,13,4,158700
Bugisu|Bukwo District,Bukwo District,Bugisu,2024-08,16.91,184.25,80.74,0.05,733,1518,31,6,0,143600
Bugisu|Bulambuli District,Bulambuli District,Bugisu,2024-08,18.9,169.2,74.61,0.051,3629,1645,33,6,5,276500
Bunyoro|Buliisa District,Buliisa District,Bunyoro,2024-08,24.55,151.18,76.64,1.414,5012,188,63,19,16,179000
Tooro|Bundibugyo District,Bundibugyo District,Tooro,2024-08,19.66,127.76,83.65,0.08,4585,1727,61,41,110,292000
Tooro|Bunyangabu District,Bunyangabu District,Tooro,2024-08,19.08,104.11,77.28,0.048,1239,350,80,4,14,212200
Ankole|Bushenyi District,Bushenyi District,Ankole,2024-08,20.85,72.53,69.66,0.065,734,643,42,47,26,246800
Bukedi|Busia District,Busia District,Bukedi,2024-08,21.7,111.49,77.4,0.166,8258,658,98,27,136,427600
Bukedi|Butaleja District,Butaleja District,Bukedi,2024-08,22.23,119.96,73,0.043,6229,679,112,33,16,343100
South Buganda|Butambala District,Butambala District,South Buganda,2024-08,22.23,76.43,70.32,0.047,1390,250,6,1,0,111900
Bukedi|Butebo District,Butebo District,Bukedi,2024-08,22.41,128.25,72.79,0.043,4663,357,54,19,7,127000
North Buganda|Buvuma District,Buvuma District,North Buganda,2024-08,23.52,72.1,71.66,3.172,2281,200,55,,2,163500
Busoga|Buyende District,Buyende District,Busoga,2024-08,23.6,89.01,74.25,0.984,11740,567,18,26,14,487100
Lango|Dokolo District,Dokolo District,Lango,2024-08,22.6,137.38,77.67,0.321,9003,733,29,16,0,238700
Tooro|Fort Portal City,Fort Portal City,Tooro,2024-08,18.78,105.8,83.23,0.12,606,439,122,14,28,124300
South Buganda|Gomba District,Gomba District,South Buganda,2024-08,22.39,68.91,67.84,0.061,2475,38,11,8,2,182200
Acholi|Gulu City,Gulu City,Acholi,2024-08,22.37,224.3,80.07,0.159,6573,799,73,83,61,231300
Acholi|Gulu District,Gulu District,Acholi,2024-08,22.95,207.21,79.36,0.053,7883,233,8,14,33,130200
Bunyoro|Hoima City,Hoima City,Bunyoro,2024-08,22.12,165.03,81.54,0.104,1637,300,40,28,0,139500
Bunyoro|Hoima District,Hoima District,Bunyoro,2024-08,23.75,139.59,77.68,1.436,2798,257,39,24,17,286800
Ankole|Ibanda District,Ibanda District,Ankole,2024-08,22.12,81.02,65.28,0.05,7000,1030,42,37,18,295100
Busoga|Iganga District,Iganga District,Busoga,2024-08,22.45,108.77,75.95,0.081,20845,1485,81,127,55,448300
Ankole|Isingiro District,Isingiro District,Ankole,2024-08,22.48,29.18,57.66,0.068,4736,2002,107,45,344,679200
Busoga|Jinja City,Jinja City,Busoga,2024-08,21.75,92.83,82.09,0.826,6558,1008,103,82,18,284300
Busoga|Jinja District,Jinja District,Busoga,2024-08,21.92,106.47,80.35,0.126,10817,1312,53,5,8,257900
Karamoja|Kaabong District,Kaabong District,Karamoja,2024-08,20.94,100.65,75.13,0.052,3030,777,64,10,309,137100
Kigezi|Kabale District,Kabale District,Kigezi,2024-08,20.02,30.64,55.77,0.16,306,997,127,44,35,259400
Tooro|Kabarole District,Kabarole District,Tooro,2024-08,20.84,103.22,78.19,0.054,595,164,21,10,3,239400
Teso|Kaberamaido District,Kaberamaido District,Teso,2024-08,23.34,121.89,75.26,0.834,6095,208,55,24,4,154500
Bunyoro|Kagadi District,Kagadi District,Bunyoro,2024-08,22.45,127.76,78.54,0.341,4525,201,28,72,23,489800
Bunyoro|Kakumiro District,Kakumiro District,Bunyoro,2024-08,22.35,142.9,72.18,0.054,5818,207,35,26,10,651200
Teso|Kalaki District,Kalaki District,Teso,2024-08,22.96,132.45,76.64,0.404,6117,119,10,27,0,161000
South Buganda|Kalangala District,Kalangala District,South Buganda,2024-08,23.55,90.86,70.43,3.069,400,194,66,,0,77000
Busoga|Kaliro District,Kaliro District,Busoga,2024-08,23.12,101.72,73.69,0.355,18679,661,92,6,15,327800
South Buganda|Kalungu District,Kalungu District,South Buganda,2024-08,22.48,48.4,69.75,0.21,2355,661,32,3,0,190300
Kampala|Kampala District,Kampala District,Kampala,2024-08,22,85.91,76.39,2.367,13973,3358,894,352,82,1793600
Busoga|Kamuli District,Kamuli District,Busoga,2024-08,22.58,105.82,78.87,0.102,34132,4762,121,86,11,608400
Tooro|Kamwenge District,Kamwenge District,Tooro,2024-08,21.93,99.77,68.36,0.053,6899,2058,62,47,113,384800
Kigezi|Kanungu District,Kanungu District,Kigezi,2024-08,20.88,62.87,75.7,0.192,2332,864,178,27,51,239400
Bugisu|Kapchorwa District,Kapchorwa District,Bugisu,2024-08,17.84,205.33,77.41,0.055,775,1559,19,32,12,137300
Teso|Kapelebyong District,Kapelebyong District,Teso,2024-08,22.36,120.49,76.94,0.05,6812,190,13,7,21,115500
Karamoja|Karenga District,Karenga District,Karamoja,2024-08,20.79,105.41,77.79,0.055,1363,190,21,7,79,74800
Tooro|Kasese District,Kasese District,Tooro,2024-08,20.92,80.39,69.58,0.429,6142,1744,360,120,89,860300
North Buganda|Kassanda District,Kassanda District,North Buganda,2024-08,22.18,89.75,70.21,0.135,3329,153,20,34,0,341100
Teso|Katakwi District,Katakwi District,Teso,2024-08,22.66,124.07,75.82,0.202,11196,381,36,24,5,214600
North Buganda|Kayunga District,Kayunga District,North Buganda,2024-08,22.83,99.42,77.3,0.336,11296,506,56,37,0,433100
Ankole|Kazo District,Kazo District,Ankole,2024-08,22.67,83.14,62.73,0.042,4324,365,31,1,11,248400
Bunyoro|Kibaale District,Kibaale District,Bunyoro,2024-08,22.1,145.66,70.76,0.062,2687,141,16,4,11,248100
North Buganda|Kiboga District,Kiboga District,North Buganda,2024-08,23.02,105.69,69.15,0.048,2784,1045,74,26,23,187200
Bukedi|Kibuku District,Kibuku District,Bukedi,2024-08,22.56,119.63,74.85,0.071,25628,549,87,6,0,287700
Bunyoro|Kikuube District,Kikuube District,Bunyoro,2024-08,23.3,125.25,78.24,1.095,10214,1396,57,175,118,434300
Ankole|Kiruhura District,Kiruhura District,Ankole,2024-08,22.69,54.88,60.25,0.078,2889,482,8,6,0,211700
Bunyoro|Kiryandongo District,Kiryandongo District,Bunyoro,2024-08,22.81,171.58,78.33,0.068,7699,1419,212,70,129,347800
Kigezi|Kisoro District,Kisoro District,Kigezi,2024-08,17.84,62.49,69.6,0.148,783,587,206,49,145,337500
Tooro|Kitagwenda District,Kitagwenda District,Tooro,2024-08,22.55,82.62,65.59,0.318,1636,79,5,4,6,204300
Acholi|Kitgum District,Kitgum District,Acholi,2024-08,22.25,157.39,75.76,0.06,14006,1306,53,23,70,235700
West Nile|Koboko District,Koboko District,West Nile,2024-08,22.18,252.87,81.96,0.046,5645,319,53,66,46,297600
Lango|Kole District,Kole District,Lango,2024-08,22.5,176.59,77.75,0.05,5523,767,6,21,27,317000
Karamoja|Kotido District,Kotido District,Karamoja,2024-08,21.43,121.15,75.29,0.05,9874,1012,266,22,329,223900
Teso|Kumi District,Kumi District,Teso,2024-08,22.86,108.41,73.66,0.26,13890,322,16,16,16,317700
Lango|Kwania District,Kwania District,Lango,2024-08,22.93,140.29,77.16,0.508,4305,523,18,43,1,240500
Bugisu|Kween District,Kween District,Bugisu,2024-08,19.75,169.77,77.65,0.048,1265,805,79,1,3,120800
North Buganda|Kyankwanzi District,Kyankwanzi District,North Buganda,2024-08,22.82,146.6,72,0.048,2825,466,25,8,12,338300
Tooro|Kyegegwa District,Kyegegwa District,Tooro,2024-08,22.04,110.64,66.88,0.051,7387,1678,65,41,178,593900
Tooro|Kyenjojo District,Kyenjojo District,Tooro,2024-08,21.35,124.76,75.87,0.053,7287,2676,82,175,41,604600
South Buganda|Kyotera District,Kyotera District,South Buganda,2024-08,22.93,65.81,69.59,0.978,3975,873,57,14,0,274200
Acholi|Lamwo District,Lamwo District,Acholi,2024-08,22.56,166.68,78.56,0.06,17516,1372,20,42,119,149300
Lango|Lira City,Lira City,Lango,2024-08,22.36,176.88,77.66,0.157,5643,439,103,35,35,268600
Lango|Lira District,Lira District,Lango,2024-08,22.53,167.54,77.86,0.049,5118,364,17,33,23,259800
Busoga|Luuka District,Luuka District,Busoga,2024-08,22.65,108.94,75.8,0.049,21109,524,121,8,7,286200
North Buganda|Luwero District,Luwero District,North Buganda,2024-08,22.05,93.92,79.85,0.066,13361,2160,134,56,95,569200
South Buganda|Lwengo District,Lwengo District,South Buganda,2024-08,22.44,49.79,65.13,0.051,2756,421,47,9,5,298900
South Buganda|Lyantonde District,Lyantonde District,South Buganda,2024-08,22.59,54.86,62.9,0.036,1310,265,65,4,0,122600
West Nile|Madi-Okollo District,Madi-Okollo District,West Nile,2024-08,24.34,221.3,75.07,0.103,4162,774,40,17,56,180900
Bugisu|Manafwa District,Manafwa District,Bugisu,2024-08,19.55,144.55,77.13,0.049,3347,100,56,19,8,190000
West Nile|Maracha District,Maracha District,West Nile,2024-08,21.87,230.19,80.81,0.038,3582,690,27,46,35,222900
South Buganda|Masaka City,Masaka City,South Buganda,2024-08,22.35,58.81,69.56,0.157,1303,616,55,49,3,241400
South Buganda|Masaka District,Masaka District,South Buganda,2024-08,22.96,62,71.45,1.846,692,221,30,,0,129800
Bunyoro|Masindi District,Masindi District,Bunyoro,2024-08,22.9,173.12,77.88,0.051,5175,412,52,43,18,375600
Busoga|Mayuge District,Mayuge District,Busoga,2024-08,22.97,62.6,74.42,2.23,12237,539,115,40,16,632000
Bugisu|Mbale City,Mbale City,Bugisu,2024-08,21.02,168.83,73.86,0.073,7303,1020,116,154,15,358700
Bugisu|Mbale District,Mbale District,Bugisu,2024-08,20.34,159.16,75.16,0.049,7660,1457,31,7,17,299000
Ankole|Mbarara City,Mbarara City,Ankole,2024-08,22.27,42.66,57.82,0.118,448,562,127,94,6,238500
Ankole|Mbarara District,Mbarara District,Ankole,2024-08,22.05,53.71,59.99,0.05,743,400,28,6,3,182600
Ankole|Mitooma District,Mitooma District,Ankole,2024-08,21.21,61.2,65.28,0.045,2298,444,22,,0,200200
North Buganda|Mityana District,Mityana District,North Buganda,2024-08,21.89,88.59,74.36,0.211,5706,689,104,6,26,383900
Karamoja|Moroto District,Moroto District,Karamoja,2024-08,21.05,83.19,74.72,0.046,4111,1122,67,23,388,128800
West Nile|Moyo District,Moyo District,West Nile,2024-08,23.62,202.84,80.24,0.136,2499,936,31,27,15,118800
South Buganda|Mpigi District,Mpigi District,South Buganda,2024-08,22.45,74.06,72.2,0.736,2678,1191,42,41,0,311200
North Buganda|Mubende District,Mubende District,North Buganda,2024-08,22,99.18,69.47,0.053,7085,219,127,83,9,672900
North Buganda|Mukono District,Mukono District,North Buganda,2024-08,22.77,87.47,75.19,1.806,11026,1866,265,24,62,776000
Karamoja|Nabilatuk District,Nabilatuk District,Karamoja,2024-08,21.82,119.98,75.55,0.045,4473,461,39,25,157,107100
Karamoja|Nakapiripirit District,Nakapiripirit District,Karamoja,2024-08,20.93,137.24,75.45,0.048,6043,1007,112,6,252,133200
North Buganda|Nakaseke District,Nakaseke District,North Buganda,2024-08,22.58,120.22,75.33,0.048,4906,370,72,30,18,261800
North Buganda|Nakasongola District,Nakasongola District,North Buganda,2024-08,23.21,111.65,74.97,0.272,6729,857,103,7,2,239400
Busoga|Namayingo District,Namayingo District,Busoga,2024-08,23.33,57.03,72.37,2.909,5678,892,65,17,31,250600
Bugisu|Namisindwa District,Namisindwa District,Bugisu,2024-08,16.6,163.52,81.23,0.053,2802,111,1,20,3,253200
Busoga|Namutumba District,Namutumba District,Busoga,2024-08,22.58,107.26,76.02,0.043,6034,1174,33,14,20,346600
Karamoja|Napak District,Napak District,Karamoja,2024-08,21.94,112.59,75.18,0.048,9259,1102,99,26,324,168700
West Nile|Nebbi District,Nebbi District,West Nile,2024-08,23.6,200.39,74.32,0.041,6677,955,154,148,114,314100
Teso|Ngora District,Ngora District,Teso,2024-08,22.85,103.04,76.53,0.323,6580,189,25,29,5,182600
Tooro|Ntoroko District,Ntoroko District,Tooro,2024-08,24.08,106.75,76.44,0.456,674,78,25,,18,82100
Ankole|Ntungamo District,Ntungamo District,Ankole,2024-08,22.36,34.07,53.83,0.043,2303,1369,73,46,9,578200
Acholi|Nwoya District,Nwoya District,Acholi,2024-08,23.25,226.61,78.8,0.09,6252,502,66,42,11,345300
West Nile|Obongi District,Obongi District,West Nile,2024-08,24.41,187.44,79.25,0.255,1679,885,21,17,54,53200
Acholi|Omoro District,Omoro District,Acholi,2024-08,22.47,198.72,79.19,0.058,9068,420,8,20,42,223200
Lango|Otuke District,Otuke District,Lango,2024-08,22.38,163.42,77.87,0.054,5962,222,9,8,24,156600
Lango|Oyam District,Oyam District,Lango,2024-08,22.51,200.33,78.23,0.058,13990,1011,51,108,103,504200
Acholi|Pader District,Pader District,Acholi,2024-08,22.81,177.2,78.21,0.055,13732,703,46,12,44,209600
West Nile|Pakwach District,Pakwach District,West Nile,2024-08,24.93,179.55,74.52,0.27,2411,789,37,46,0,226600
Bukedi|Pallisa District,Pallisa District,Bukedi,2024-08,22.89,109.07,75.93,0.346,6092,324,48,34,14,415500
South Buganda|Rakai District,Rakai District,South Buganda,2024-08,22.21,45.01,65.6,0.135,3214,997,68,11,4,345700
Kigezi|Rubanda District,Rubanda District,Kigezi,2024-08,18.36,45.49,66.32,0.12,279,788,56,18,16,214800
Ankole|Rubirizi District,Rubirizi District,Ankole,2024-08,23.39,69.8,68.78,0.843,3365,281,18,3,9,153900
Kigezi|Rukiga District,Rukiga District,Kigezi,2024-08,21.29,36.07,55.47,0.036,173,299,22,5,5,107700
Kigezi|Rukungiri District,Rukungiri District,Kigezi,2024-08,21.92,54.82,68.75,0.232,1461,1157,98,35,15,344200
Ankole|Rwampara District,Rwampara District,Ankole,2024-08,21.65,39.11,59.09,0.041,858,529,7,11,0,156200
South Buganda|Sembabule District,Sembabule District,South Buganda,2024-08,22.69,59.03,64.07,0.038,3383,159,55,2,1,327000
Teso|Serere District,Serere District,Teso,2024-08,23.53,104.08,72.86,0.886,10294,297,16,36,0,416500
Ankole|Sheema District,Sheema District,Ankole,2024-08,21.25,51.95,64.46,0.051,320,670,52,22,2,227900
Bugisu|Sironko District,Sironko District,Bugisu,2024-08,17.73,189.16,77.99,0.053,5291,744,13,7,18,295600
Teso|Soroti City,Soroti City,Teso,2024-08,22.82,100.93,75.81,0.122,5736,262,29,53,1,79500
Teso|Soroti District,Soroti District,Teso,2024-08,22.8,113.93,76.63,0.162,6359,143,23,63,2,334400
West Nile|Terego District,Terego District,West Nile,2024-08,23.78,203.36,76.98,0.045,7804,1145,41,45,116,257000
Bukedi|Tororo District,Tororo District,Bukedi,2024-08,21.71,119.41,73.82,0.042,5214,2443,116,84,59,653400
South Buganda|Wakiso District,Wakiso District,South Buganda,2024-08,22.22,82.25,76.2,1.141,18545,3207,455,202,27,3741000
West Nile|Yumbe District,Yumbe District,West Nile,2024-08,23.43,210.92,79.65,0.045,10944,1178,236,53,200,815200
West Nile|Zombo District,Zombo District,West Nile,2024-08,20.55,240.61,80.81,0.043,4416,2078,79,68,24,313900
Karamoja|Abim District,Abim District,Karamoja,2024-09,24.05,105.72,62.4,0.051,9491,341,54,17,83,193600
West Nile|Adjumani District,Adjumani District,West Nile,2024-09,24.83,163.24,76.34,0.098,10732,2920,134,50,135,241200
Acholi|Agago District,Agago District,Acholi,2024-09,24.06,96.21,66.99,0.057,29666,441,48,18,59,266000
Lango|Alebtong District,Alebtong District,Lango,2024-09,23.92,165.29,68.89,0.053,10843,366,19,24,24,293200
Lango|Amolatar District,Amolatar District,Lango,2024-09,24.65,131.23,71.52,1.567,5186,698,45,31,7,185900
Karamoja|Amudat District,Amudat District,Karamoja,2024-09,22.76,96.32,62.72,0.044,2491,514,30,3,142,157800
Teso|Amuria District,Amuria District,Teso,2024-09,23.94,185.06,67.85,0.05,12074,123,16,54,13,256400
Acholi|Amuru District,Amuru District,Acholi,2024-09,24.35,170.55,76.21,0.06,8855,447,38,38,47,237700
Lango|Apac District,Apac District,Lango,2024-09,24.01,148.78,72.78,0.179,10996,971,49,27,10,257500
West Nile|Arua City,Arua City,West Nile,2024-09,22.5,227.78,77.03,0.062,5451,361,88,108,16,399400
West Nile|Arua District,Arua District,West Nile,2024-09,23.18,225.68,73.95,0.049,1541,117,3,20,33,172300
Bukedi|Budaka District,Budaka District,Bukedi,2024-09,23.23,162.79,68.22,0.043,5290,153,56,16,56,287100
Bugisu|Bududa District,Bududa District,Bugisu,2024-09,16.33,186.4,80.07,0.06,1367,1138,74,15,17,319800
Busoga|Bugiri District,Bugiri District,Busoga,2024-09,22.97,150.53,75.77,0.101,3325,472,71,44,29,555800
Busoga|Bugweri District,Bugweri District,Busoga,2024-09,22.99,128.04,76.42,0.057,8612,175,45,21,11,210300
Ankole|Buhweju District,Buhweju District,Ankole,2024-09,20.6,141.99,69.63,0.063,175,139,18,15,36,161100
North Buganda|Buikwe District,Buikwe District,North Buganda,2024-09,22.63,84.77,79.45,0.563,7017,821,70,36,20,508000
Teso|Bukedea District,Bukedea District,Teso,2024-09,23.21,160.13,65.73,0.05,9889,242,22,12,9,303100
South Buganda|Bukomansimbi District,Bukomansimbi District,South Buganda,2024-09,22.81,83.3,67.31,0.039,1464,225,86,5,5,158700
Bugisu|Bukwo District,Bukwo District,Bugisu,2024-09,15.81,128.46,71.57,0.06,373,634,43,12,3,143600
Bugisu|Bulambuli District,Bulambuli District,Bugisu,2024-09,20.23,169.06,69.78,0.054,2755,1339,34,6,18,276500
Bunyoro|Buliisa District,Buliisa District,Bunyoro,2024-09,25.43,138.52,74.84,1.415,5601,887,53,16,0,179000
Tooro|Bundibugyo District,Bundibugyo District,Tooro,2024-09,19.31,134.62,82.64,0.084,4826,1067,55,38,92,292000
Tooro|Bunyangabu District,Bunyangabu District,Tooro,2024-09,19.08,159.88,75.37,0.055,952,280,108,10,31,212200
Ankole|Bushenyi District,Bushenyi District,Ankole,2024-09,21.44,150.41,66.95,0.066,736,463,29,36,15,246800
Bukedi|Busia District,Busia District,Bukedi,2024-09,22.58,167.7,75.94,0.164,8339,401,67,34,150,427600
Bukedi|Butaleja District,Butaleja District,Bukedi,2024-09,23.12,145.45,71.34,0.043,4543,522,140,12,17,343100
South Buganda|Butambala District,Butambala District,South Buganda,2024-09,22.53,74.94,72.01,0.045,1194,242,8,,0,111900
Bukedi|Butebo District,Butebo District,Bukedi,2024-09,23.52,152.23,68.34,0.043,4263,390,71,12,22,127000
North Buganda|Buvuma District,Buvuma District,North Buganda,2024-09,24.31,63.82,69.72,3.172,1833,452,29,3,27,163500
Busoga|Buyende District,Buyende District,Busoga,2024-09,24.31,107.87,73.23,0.982,11173,393,25,27,17,487100
Lango|Dokolo District,Dokolo District,Lango,2024-09,23.96,194.7,72.85,0.323,11153,804,37,3,2,238700
Tooro|Fort Portal City,Fort Portal City,Tooro,2024-09,18.95,148.19,81.5,0.129,753,446,108,15,11,124300
South Buganda|Gomba District,Gomba District,South Buganda,2024-09,22.83,90.6,68.09,0.061,1946,51,10,9,6,182200
Acholi|Gulu City,Gulu City,Acholi,2024-09,23.26,173.79,76.66,0.163,6098,734,88,83,76,231300
Acholi|Gulu District,Gulu District,Acholi,2024-09,23.93,150,74.9,0.057,6412,168,15,7,29,130200
Bunyoro|Hoima City,Hoima City,Bunyoro,2024-09,22.93,177.24,81.07,0.11,1438,346,44,43,2,139500
Bunyoro|Hoima District,Hoima District,Bunyoro,2024-09,24.36,146.04,76.89,1.438,3666,322,61,9,27,286800
Ankole|Ibanda District,Ibanda District,Ankole,2024-09,22.1,114.08,66,0.054,6633,524,42,27,9,295100
Busoga|Iganga District,Iganga District,Busoga,2024-09,23.3,116.5,74.59,0.079,22267,1477,99,93,81,448300
Ankole|Isingiro District,Isingiro District,Ankole,2024-09,22.31,75.83,63.16,0.07,3578,1365,90,36,466,679200
Busoga|Jinja City,Jinja City,Busoga,2024-09,22.45,106.59,82.02,0.825,7112,669,143,92,17,284300
Busoga|Jinja District,Jinja District,Busoga,2024-09,22.6,102.67,80.58,0.123,10617,953,31,13,21,257900
Karamoja|Kaabong District,Kaabong District,Karamoja,2024-09,22.76,64.43,56.04,0.048,3196,904,25,14,264,137100
Kigezi|Kabale District,Kabale District,Kigezi,2024-09,19.24,105.19,63.27,0.16,320,652,90,19,26,259400
Tooro|Kabarole District,Kabarole District,Tooro,2024-09,21.28,144.73,77.31,0.059,637,202,10,7,8,239400
Teso|Kaberamaido District,Kaberamaido District,Teso,2024-09,24.47,178.16,71.22,0.838,7990,221,12,14,14,154500
Bunyoro|Kagadi District,Kagadi District,Bunyoro,2024-09,22.71,142.37,78.96,0.338,6172,142,24,40,24,489800
Bunyoro|Kakumiro District,Kakumiro District,Bunyoro,2024-09,22.4,144.51,75.1,0.053,6967,292,116,26,41,651200
Teso|Kalaki District,Kalaki District,Teso,2024-09,24.22,184.81,70.69,0.406,6051,158,31,11,2,161000
South Buganda|Kalangala District,Kalangala District,South Buganda,2024-09,24.21,65,69.94,3.069,453,156,34,1,4,77000
Busoga|Kaliro District,Kaliro District,Busoga,2024-09,24.16,120.1,70.13,0.354,11482,701,133,13,35,327800
South Buganda|Kalungu District,Kalungu District,South Buganda,2024-09,22.75,71.29,70.21,0.207,2046,342,21,10,6,190300
Kampala|Kampala District,Kampala District,Kampala,2024-09,22.3,72.17,77.35,2.367,12344,3188,1099,215,75,1793600
Busoga|Kamuli District,Kamuli District,Busoga,2024-09,23.12,98.99,78.95,0.096,28646,2280,81,33,74,608400
Tooro|Kamwenge District,Kamwenge District,Tooro,2024-09,22.58,124.01,66.76,0.058,9995,1771,54,48,128,384800
Kigezi|Kanungu District,Kanungu District,Kigezi,2024-09,21.14,157.25,73.76,0.192,2337,829,69,25,12,239400
Bugisu|Kapchorwa District,Kapchorwa District,Bugisu,2024-09,17.95,173.38,71.86,0.062,709,746,12,14,2,137300
Teso|Kapelebyong District,Kapelebyong District,Teso,2024-09,24.31,140.41,64.13,0.048,7541,97,22,3,24,115500
Karamoja|Karenga District,Karenga District,Karamoja,2024-09,23.08,77.35,60.16,0.052,1530,163,18,12,67,74800
Tooro|Kasese District,Kasese District,Tooro,2024-09,21.67,133.07,67.28,0.436,6067,1582,240,167,102,860300
North Buganda|Kassanda District,Kassanda District,North Buganda,2024-09,22.43,92.65,72.42,0.135,3688,156,41,32,14,341100
Teso|Katakwi District,Katakwi District,Teso,2024-09,24.64,142.79,62.9,0.201,13103,320,77,12,24,214600
North Buganda|Kayunga District,Kayunga District,North Buganda,2024-09,23.36,95.28,76.88,0.33,13028,558,75,60,1,433100
Ankole|Kazo District,Kazo District,Ankole,2024-09,22.96,94.21,63.43,0.047,3653,204,21,2,3,248400
Bunyoro|Kibaale District,Kibaale District,Bunyoro,2024-09,22.29,142.85,72.68,0.062,3897,143,8,22,10,248100
North Buganda|Kiboga District,Kiboga District,North Buganda,2024-09,22.94,86.91,72.52,0.046,2965,803,56,28,19,187200
Bukedi|Kibuku District,Kibuku District,Bukedi,2024-09,23.38,152.8,72.96,0.071,21306,446,63,2,5,287700
Bunyoro|Kikuube District,Kikuube District,Bunyoro,2024-09,23.83,149.45,77.37,1.094,12632,1420,23,98,142,434300
Ankole|Kiruhura District,Kiruhura District,Ankole,2024-09,22.69,94.98,63.3,0.084,2611,311,6,4,0,211700
Bunyoro|Kiryandongo District,Kiryandongo District,Bunyoro,2024-09,23.58,161.08,76.85,0.069,9172,1833,57,64,97,347800
Kigezi|Kisoro District,Kisoro District,Kigezi,2024-09,18.24,153.95,71.29,0.148,1156,482,166,31,238,337500
Tooro|Kitagwenda District,Kitagwenda District,Tooro,2024-09,23.38,136.1,63.25,0.325,1834,72,2,8,6,204300
Acholi|Kitgum District,Kitgum District,Acholi,2024-09,24.5,116.47,63.47,0.059,17671,1124,39,18,41,235700
West Nile|Koboko District,Koboko District,West Nile,2024-09,22.85,255.25,79.26,0.055,5052,272,32,48,35,297600
Lango|Kole District,Kole District,Lango,2024-09,23.78,173.91,71.69,0.054,7517,1039,24,22,20,317000
Karamoja|Kotido District,Kotido District,Karamoja,2024-09,24.19,84.29,56.17,0.045,8898,969,292,22,284,223900
Teso|Kumi District,Kumi District,Teso,2024-09,24.48,132.39,64.53,0.261,11521,205,25,27,15,317700
Lango|Kwania District,Kwania District,Lango,2024-09,24.22,167.56,72.56,0.51,5115,788,13,27,1,240500
Bugisu|Kween District,Kween District,Bugisu,2024-09,19.88,132.72,67.84,0.051,975,512,21,,3,120800
North Buganda|Kyankwanzi District,Kyankwanzi District,North Buganda,2024-09,22.9,113.27,74.52,0.051,3545,353,53,15,11,338300
Tooro|Kyegegwa District,Kyegegwa District,Tooro,2024-09,22.64,108.65,66.48,0.057,11369,1619,36,58,192,593900
Tooro|Kyenjojo District,Kyenjojo District,Tooro,2024-09,21.45,135.34,76.92,0.055,9570,1856,84,50,47,604600
South Buganda|Kyotera District,Kyotera District,South Buganda,2024-09,23.08,71.22,71.78,0.976,3305,715,55,4,12,274200
Acholi|Lamwo District,Lamwo District,Acholi,2024-09,24.03,137.24,72.24,0.059,21607,1627,18,40,142,149300
Lango|Lira City,Lira City,Lango,2024-09,23.73,171.83,70.91,0.158,5884,500,85,46,24,268600
Lango|Lira District,Lira District,Lango,2024-09,23.94,154.31,70.71,0.051,5708,325,43,15,25,259800
Busoga|Luuka District,Luuka District,Busoga,2024-09,23.25,105.98,75.77,0.043,16608,379,57,9,21,286200
North Buganda|Luwero District,Luwero District,North Buganda,2024-09,22.23,75.48,81.77,0.061,12610,1707,127,69,78,569200
South Buganda|Lwengo District,Lwengo District,South Buganda,2024-09,22.39,83.71,68.39,0.048,2464,254,149,13,6,298900
South Buganda|Lyantonde District,Lyantonde District,South Buganda,2024-09,22.7,97.94,65.34,0.041,1094,192,61,13,0,122600
West Nile|Madi-Okollo District,Madi-Okollo District,West Nile,2024-09,25.33,201.69,69.27,0.106,4161,529,27,28,78,180900
Bugisu|Manafwa District,Manafwa District,Bugisu,2024-09,20.78,166.04,75.98,0.052,3549,141,57,12,11,190000
West Nile|Maracha District,Maracha District,West Nile,2024-09,22.48,266.05,78.43,0.042,2536,835,38,43,29,222900
South Buganda|Masaka City,Masaka City,South Buganda,2024-09,22.55,74.42,70.68,0.152,1083,309,56,38,0,241400
South Buganda|Masaka District,Masaka District,South Buganda,2024-09,23.44,66.29,71.56,1.843,638,292,8,2,0,129800
Bunyoro|Masindi District,Masindi District,Bunyoro,2024-09,23.51,151.03,77.51,0.054,5030,97,35,45,8,375600
Busoga|Mayuge District,Mayuge District,Busoga,2024-09,23.91,85.62,72.18,2.228,13019,639,128,38,64,632000
Bugisu|Mbale City,Mbale City,Bugisu,2024-09,21.41,185.32,71.37,0.077,6928,816,103,177,30,358700
Bugisu|Mbale District,Mbale District,Bugisu,2024-09,21.12,176.96,73.4,0.053,6408,901,21,14,12,299000
Ankole|Mbarara City,Mbarara City,Ankole,2024-09,22.09,97.84,62.23,0.12,536,482,79,67,0,238500
Ankole|Mbarara District,Mbarara District,Ankole,2024-09,21.8,98.79,63.93,0.053,695,254,25,11,2,182600
Ankole|Mitooma District,Mitooma District,Ankole,2024-09,21.74,139.2,65.7,0.045,2595,349,14,1,2,200200
North Buganda|Mityana District,Mityana District,North Buganda,2024-09,22.05,83.97,76.66,0.208,5649,452,99,5,30,383900
Karamoja|Moroto District,Moroto District,Karamoja,2024-09,23.88,70.63,50.79,0.04,4598,941,45,13,326,128800
West Nile|Moyo District,Moyo District,West Nile,2024-09,24.74,166.63,76.26,0.14,2546,798,38,23,16,118800
South Buganda|Mpigi District,Mpigi District,South Buganda,2024-09,22.91,63.01,73.47,0.735,2533,799,20,13,0,311200
North Buganda|Mubende District,Mubende District,North Buganda,2024-09,22.48,107.86,69.61,0.055,8803,221,98,33,17,672900
North Buganda|Mukono District,Mukono District,North Buganda,2024-09,23.44,73.58,74.44,1.804,9195,1072,188,19,51,776000
Karamoja|Nabilatuk District,Nabilatuk District,Karamoja,2024-09,24.27,113.48,59.65,0.044,5306,413,59,17,221,107100
Karamoja|Nakapiripirit District,Nakapiripirit District,Karamoja,2024-09,22.94,129.12,61.4,0.049,4857,801,216,5,218,133200
North Buganda|Nakaseke District,Nakaseke District,North Buganda,2024-09,22.87,85.58,76.72,0.045,4190,321,65,47,25,261800
North Buganda|Nakasongola District,Nakasongola District,North Buganda,2024-09,23.63,94.59,74.97,0.269,6555,738,63,,3,239400
Busoga|Namayingo District,Namayingo District,Busoga,2024-09,24.3,72.86,69.04,2.908,4720,600,65,17,40,250600
Bugisu|Namisindwa District,Namisindwa District,Bugisu,2024-09,19.04,169.71,79.11,0.058,2901,176,6,15,13,253200
Busoga|Namutumba District,Namutumba District,Busoga,2024-09,23.32,133.07,74.1,0.044,4832,908,196,28,35,346600
Karamoja|Napak District,Napak District,Karamoja,2024-09,24.59,107.33,57.01,0.044,7736,1065,120,27,182,168700
West Nile|Nebbi District,Nebbi District,West Nile,2024-09,24.02,179.8,70.93,0.041,7904,1098,210,174,121,314100
Teso|Ngora District,Ngora District,Teso,2024-09,24.12,143.58,70.86,0.323,5755,106,23,70,16,182600
Tooro|Ntoroko District,Ntoroko District,Tooro,2024-09,24.23,104.77,75.96,0.457,670,80,23,6,32,82100
Ankole|Ntungamo District,Ntungamo District,Ankole,2024-09,22.07,85.81,59.46,0.044,2037,836,45,41,18,578200
Acholi|Nwoya District,Nwoya District,Acholi,2024-09,24.47,196.84,75.79,0.094,7472,505,75,55,17,345300
West Nile|Obongi District,Obongi District,West Nile,2024-09,25.71,167.51,74.58,0.262,2148,615,33,23,122,53200
Acholi|Omoro District,Omoro District,Acholi,2024-09,23.56,155.93,74.39,0.061,8572,298,16,22,33,223200
Lango|Otuke District,Otuke District,Lango,2024-09,24.26,124.74,65.83,0.053,8662,240,9,8,24,156600
Lango|Oyam District,Oyam District,Lango,2024-09,23.65,152.55,73.51,0.063,16920,972,45,133,110,504200
Acholi|Pader District,Pader District,Acholi,2024-09,24.23,121.61,71.23,0.057,19202,746,33,39,29,209600
West Nile|Pakwach District,Pakwach District,West Nile,2024-09,25.96,162.59,69.57,0.273,3343,1575,75,44,20,226600
Bukedi|Pallisa District,Pallisa District,Bukedi,2024-09,23.96,129.7,72.16,0.346,4961,191,39,32,6,415500
South Buganda|Rakai District,Rakai District,South Buganda,2024-09,22.03,71.64,70.97,0.134,2852,754,29,6,2,345700
Kigezi|Rubanda District,Rubanda District,Kigezi,2024-09,18.12,136.35,69.59,0.12,199,563,21,10,13,214800
Ankole|Rubirizi District,Rubirizi District,Ankole,2024-09,24.2,132.6,66.47,0.845,2938,159,9,1,10,153900
Kigezi|Rukiga District,Rukiga District,Kigezi,2024-09,20.03,109.53,63.58,0.035,158,211,10,12,8,107700
Kigezi|Rukungiri District,Rukungiri District,Kigezi,2024-09,21.86,138.45,71.05,0.231,1408,667,93,17,18,344200
Ankole|Rwampara District,Rwampara District,Ankole,2024-09,21.48,102.42,62.21,0.044,874,318,2,7,2,156200
South Buganda|Sembabule District,Sembabule District,South Buganda,2024-09,23,90.86,64.85,0.041,3050,129,28,1,1,327000
Teso|Serere District,Serere District,Teso,2024-09,24.75,147.42,68.51,0.886,10941,234,21,39,2,416500
Ankole|Sheema District,Sheema District,Ankole,2024-09,21.46,110.87,64.68,0.054,325,397,24,19,2,227900
Bugisu|Sironko District,Sironko District,Bugisu,2024-09,19.57,206.36,76.21,0.061,3851,835,26,22,12,295600
Teso|Soroti City,Soroti City,Teso,2024-09,24.25,205.42,67.76,0.12,5595,175,42,7,2,79500
Teso|Soroti District,Soroti District,Teso,2024-09,24.23,186.97,68.44,0.162,6642,129,57,19,0,334400
West Nile|Terego District,Terego District,West Nile,2024-09,24.81,229.23,71.65,0.052,9211,915,40,41,138,257000
Bukedi|Tororo District,Tororo District,Bukedi,2024-09,22.46,140.34,73.32,0.043,4275,1643,100,79,28,653400
South Buganda|Wakiso District,Wakiso District,South Buganda,2024-09,22.69,64.19,77,1.138,16500,2482,372,87,50,3741000
West Nile|Yumbe District,Yumbe District,West Nile,2024-09,24.45,212.43,74.9,0.053,11060,991,278,45,181,815200
West Nile|Zombo District,Zombo District,West Nile,2024-09,20.44,245.84,80.01,0.049,2216,2291,62,95,3,313900
Karamoja|Abim District,Abim District,Karamoja,2024-10,23.83,204.33,64.43,0.046,7371,200,66,21,106,193600
West Nile|Adjumani District,Adjumani District,West Nile,2024-10,24.81,159.12,76.38,0.09,11579,2719,118,63,239,241200
Acholi|Agago District,Agago District,Acholi,2024-10,24.01,176.97,67.09,0.055,26443,485,51,34,126,266000
Lango|Alebtong District,Alebtong District,Lango,2024-10,23.61,190.34,71.05,0.049,12377,419,27,37,27,293200
Lango|Amolatar District,Amolatar District,Lango,2024-10,24.23,102.79,73.4,1.568,6491,905,19,33,11,185900
Karamoja|Amudat District,Amudat District,Karamoja,2024-10,23.29,166.55,61.29,0.036,2618,421,70,16,131,157800
Teso|Amuria District,Amuria District,Teso,2024-10,23.51,198.69,71.04,0.046,13571,340,35,38,9,256400
Acholi|Amuru District,Amuru District,Acholi,2024-10,24.27,162.07,76.5,0.056,10968,385,31,33,48,237700
Lango|Apac District,Apac District,Lango,2024-10,23.66,96.44,74.83,0.176,12131,1135,15,31,33,257500
West Nile|Arua City,Arua City,West Nile,2024-10,22.56,194.08,76.52,0.063,6128,431,125,69,23,399400
West Nile|Arua District,Arua District,West Nile,2024-10,23.17,179.04,73.98,0.046,1565,107,0,22,33,172300
Bukedi|Budaka District,Budaka District,Bukedi,2024-10,22.73,134.26,73.24,0.043,5821,216,67,11,39,287100
Bugisu|Bududa District,Bududa District,Bugisu,2024-10,16.38,209.78,80.4,0.058,1367,1005,54,,4,319800
Busoga|Bugiri District,Bugiri District,Busoga,2024-10,22.5,181.57,80.7,0.105,3418,553,38,28,38,555800
Busoga|Bugweri District,Bugweri District,Busoga,2024-10,22.56,172.19,80.5,0.062,7948,196,42,7,18,210300
Ankole|Buhweju District,Buhweju District,Ankole,2024-10,19.81,157.42,77.49,0.055,207,164,28,6,23,161100
North Buganda|Buikwe District,Buikwe District,North Buganda,2024-10,22.4,136.05,81.23,0.567,8773,790,45,57,23,508000
Teso|Bukedea District,Bukedea District,Teso,2024-10,22.96,152.72,69.39,0.047,9595,340,37,15,20,303100
South Buganda|Bukomansimbi District,Bukomansimbi District,South Buganda,2024-10,22.15,98.6,73.98,0.039,1831,213,102,12,2,158700
Bugisu|Bukwo District,Bukwo District,Bugisu,2024-10,16.42,179.23,68.35,0.056,674,755,24,9,0,143600
Bugisu|Bulambuli District,Bulambuli District,Bugisu,2024-10,20.35,203.88,70.37,0.051,3609,1230,36,13,11,276500
Bunyoro|Buliisa District,Buliisa District,Bunyoro,2024-10,25.11,119.3,76.52,1.413,6423,729,43,13,8,179000
Tooro|Bundibugyo District,Bundibugyo District,Tooro,2024-10,19.34,169.64,82.32,0.075,5586,802,85,70,101,292000
Tooro|Bunyangabu District,Bunyangabu District,Tooro,2024-10,18.73,206.33,78.9,0.05,859,294,82,30,7,212200
Ankole|Bushenyi District,Bushenyi District,Ankole,2024-10,20.55,172.51,75.34,0.06,738,519,40,47,17,246800
Bukedi|Busia District,Busia District,Bukedi,2024-10,22.23,200.09,80.21,0.169,8720,615,70,62,185,427600
Bukedi|Butaleja District,Butaleja District,Bukedi,2024-10,22.66,145.57,75.91,0.043,4865,525,111,27,14,343100
South Buganda|Butambala District,Butambala District,South Buganda,2024-10,21.86,113.64,78.83,0.047,1736,176,6,27,1,111900
Bukedi|Butebo District,Butebo District,Bukedi,2024-10,23.06,133.03,73.06,0.041,3102,194,92,8,9,127000
North Buganda|Buvuma District,Buvuma District,North Buganda,2024-10,23.85,126.96,73.46,3.172,2101,300,11,6,5,163500
Busoga|Buyende District,Buyende District,Busoga,2024-10,23.9,128.78,75.6,0.984,11035,368,24,24,37,487100
Lango|Dokolo District,Dokolo District,Lango,2024-10,23.52,139.93,75.32,0.32,15329,1166,28,15,1,238700
Tooro|Fort Portal City,Fort Portal City,Tooro,2024-10,18.73,203.47,83.04,0.127,812,614,106,53,20,124300
South Buganda|Gomba District,Gomba District,South Buganda,2024-10,21.99,131.73,76.1,0.064,2176,69,3,5,2,182200
Acholi|Gulu City,Gulu City,Acholi,2024-10,23.13,158.32,77.09,0.159,6950,1031,141,84,93,231300
Acholi|Gulu District,Gulu District,Acholi,2024-10,23.8,150.26,75.41,0.053,5350,154,18,12,18,130200
Bunyoro|Hoima City,Hoima City,Bunyoro,2024-10,22.69,144.61,82.61,0.106,1909,437,64,191,56,139500
Bunyoro|Hoima District,Hoima District,Bunyoro,2024-10,24.09,136.61,78.42,1.436,3668,437,69,12,32,286800
Ankole|Ibanda District,Ibanda District,Ankole,2024-10,21.3,130.26,73.18,0.049,8386,604,44,25,18,295100
Busoga|Iganga District,Iganga District,Busoga,2024-10,22.84,166.36,78.42,0.079,21336,860,118,58,85,448300
Ankole|Isingiro District,Isingiro District,Ankole,2024-10,21.42,115.03,71.67,0.07,4122,1116,79,57,609,679200
Busoga|Jinja City,Jinja City,Busoga,2024-10,22.2,173.03,83.74,0.827,7160,617,135,117,33,284300
Busoga|Jinja District,Jinja District,Busoga,2024-10,22.33,170.17,82.24,0.126,9694,1233,34,10,37,257900
Karamoja|Kaabong District,Kaabong District,Karamoja,2024-10,22.39,224.48,61.51,0.038,7582,1077,57,14,390,137100
Kigezi|Kabale District,Kabale District,Kigezi,2024-10,18.13,124.76,74.79,0.16,304,892,110,31,19,259400
Tooro|Kabarole District,Kabarole District,Tooro,2024-10,21,185.01,78.97,0.056,805,491,6,5,7,239400
Teso|Kaberamaido District,Kaberamaido District,Teso,2024-10,24.05,133.73,73.24,0.836,11263,270,22,24,24,154500
Bunyoro|Kagadi District,Kagadi District,Bunyoro,2024-10,22.38,154.45,80.43,0.342,5916,352,47,47,48,489800
Bunyoro|Kakumiro District,Kakumiro District,Bunyoro,2024-10,22.04,163.68,77.84,0.053,6329,171,65,27,62,651200
Teso|Kalaki District,Kalaki District,Teso,2024-10,23.77,139.67,73.45,0.405,8184,154,82,17,13,161000
South Buganda|Kalangala District,Kalangala District,South Buganda,2024-10,23.76,150.72,73.33,3.069,406,146,62,1,0,77000
Busoga|Kaliro District,Kaliro District,Busoga,2024-10,23.6,139.27,75.15,0.354,12011,554,57,15,21,327800
South Buganda|Kalungu District,Kalungu District,South Buganda,2024-10,22.21,106.02,75.85,0.207,2342,508,14,17,3,190300
Kampala|Kampala District,Kampala District,Kampala,2024-10,22.09,101.1,80.23,2.367,12237,3543,717,236,72,1793600
Busoga|Kamuli District,Kamuli District,Busoga,2024-10,22.87,144.94,80.25,0.1,31334,2379,165,40,89,608400
Tooro|Kamwenge District,Kamwenge District,Tooro,2024-10,21.91,152.7,72.28,0.05,13816,2684,60,61,181,384800
Kigezi|Kanungu District,Kanungu District,Kigezi,2024-10,20.68,151.04,78.1,0.187,2465,669,74,54,21,239400
Bugisu|Kapchorwa District,Kapchorwa District,Bugisu,2024-10,18.08,206.3,72.2,0.058,794,695,31,16,5,137300
Teso|Kapelebyong District,Kapelebyong District,Teso,2024-10,23.94,266.91,66.99,0.046,7992,186,18,,25,115500
Karamoja|Karenga District,Karenga District,Karamoja,2024-10,22.51,225.94,65.8,0.045,3602,420,62,15,36,74800
Tooro|Kasese District,Kasese District,Tooro,2024-10,21.11,162.35,72.28,0.432,6733,2016,285,85,282,860300
North Buganda|Kassanda District,Kassanda District,North Buganda,2024-10,21.82,138.59,78.31,0.136,4925,145,23,40,7,341100
Teso|Katakwi District,Katakwi District,Teso,2024-10,24.37,233.48,65.86,0.197,9621,438,28,32,54,214600
North Buganda|Kayunga District,Kayunga District,North Buganda,2024-10,23.07,140.62,78.31,0.333,13934,928,97,33,6,433100
Ankole|Kazo District,Kazo District,Ankole,2024-10,21.89,120.36,72.58,0.045,5149,382,34,1,8,248400
Bunyoro|Kibaale District,Kibaale District,Bunyoro,2024-10,21.81,168.13,76.56,0.059,3494,220,8,17,12,248100
North Buganda|Kiboga District,Kiboga District,North Buganda,2024-10,22.44,131.49,76.87,0.043,3428,1250,65,36,35,187200
Bukedi|Kibuku District,Kibuku District,Bukedi,2024-10,22.96,155.76,77.15,0.071,22755,457,48,2,14,287700
Bunyoro|Kikuube District,Kikuube District,Bunyoro,2024-10,23.59,159.28,78.43,1.096,12169,2592,21,69,205,434300
Ankole|Kiruhura District,Kiruhura District,Ankole,2024-10,21.65,113.58,72.59,0.084,3256,357,18,3,0,211700
Bunyoro|Kiryandongo District,Kiryandongo District,Bunyoro,2024-10,23.4,114.96,77.35,0.063,11446,2050,48,62,106,347800
Kigezi|Kisoro District,Kisoro District,Kigezi,2024-10,17.47,173.58,80.84,0.149,2487,694,127,36,171,337500
Tooro|Kitagwenda District,Kitagwenda District,Tooro,2024-10,22.8,143.09,67.98,0.323,2194,95,7,9,15,204300
Acholi|Kitgum District,Kitgum District,Acholi,2024-10,24.1,202.91,66.06,0.056,14028,1930,67,53,52,235700
West Nile|Koboko District,Koboko District,West Nile,2024-10,22.9,189.93,79.22,0.052,5027,358,30,34,65,297600
Lango|Kole District,Kole District,Lango,2024-10,23.36,133.75,74.56,0.047,7626,1632,78,45,38,317000
Karamoja|Kotido District,Kotido District,Karamoja,2024-10,23.83,153.67,59.95,0.038,8634,1070,240,33,180,223900
Teso|Kumi District,Kumi District,Teso,2024-10,24.14,135.3,68.6,0.259,11268,241,11,32,5,317700
Lango|Kwania District,Kwania District,Lango,2024-10,23.74,111.06,75.53,0.508,7721,838,27,28,4,240500
Bugisu|Kween District,Kween District,Bugisu,2024-10,20.36,159.32,65.95,0.049,1457,384,112,4,0,120800
North Buganda|Kyankwanzi District,Kyankwanzi District,North Buganda,2024-10,22.55,138.36,77.54,0.048,4364,352,43,7,20,338300
Tooro|Kyegegwa District,Kyegegwa District,Tooro,2024-10,21.72,147.11,74.4,0.051,14149,1923,41,38,294,593900
Tooro|Kyenjojo District,Kyenjojo District,Tooro,2024-10,21,168.15,79.98,0.053,10335,2780,81,41,257,604600
South Buganda|Kyotera District,Kyotera District,South Buganda,2024-10,22.64,99.13,76.07,0.972,4169,737,60,5,14,274200
Acholi|Lamwo District,Lamwo District,Acholi,2024-10,23.86,148.55,73.01,0.058,20544,1914,53,39,128,149300
Lango|Lira City,Lira City,Lango,2024-10,23.31,150.44,73.81,0.153,6279,542,126,58,30,268600
Lango|Lira District,Lira District,Lango,2024-10,23.56,153.18,73.24,0.046,6243,443,24,26,19,259800
Busoga|Luuka District,Luuka District,Busoga,2024-10,22.87,158.2,78.7,0.047,14116,397,70,11,23,286200
North Buganda|Luwero District,Luwero District,North Buganda,2024-10,22.1,126.61,82.81,0.063,13207,1936,94,70,63,569200
South Buganda|Lwengo District,Lwengo District,South Buganda,2024-10,21.8,89.04,74.58,0.048,2716,233,24,12,6,298900
South Buganda|Lyantonde District,Lyantonde District,South Buganda,2024-10,21.8,98.91,73.62,0.043,1271,289,57,,0,122600
West Nile|Madi-Okollo District,Madi-Okollo District,West Nile,2024-10,25.22,147.21,70.2,0.103,4696,762,50,25,50,180900
Bugisu|Manafwa District,Manafwa District,Bugisu,2024-10,20.65,164.93,78.86,0.052,3234,236,50,6,0,190000
West Nile|Maracha District,Maracha District,West Nile,2024-10,22.53,202.56,78.14,0.04,3010,814,21,32,17,222900
South Buganda|Masaka City,Masaka City,South Buganda,2024-10,22.14,89.22,75.27,0.147,913,463,42,47,0,241400
South Buganda|Masaka District,Masaka District,South Buganda,2024-10,23.04,112.04,75.29,1.842,645,216,13,6,10,129800
Bunyoro|Masindi District,Masindi District,Bunyoro,2024-10,23.31,125.74,78.54,0.051,5994,129,45,27,9,375600
Busoga|Mayuge District,Mayuge District,Busoga,2024-10,23.47,144.9,76.16,2.23,13853,542,95,45,59,632000
Bugisu|Mbale City,Mbale City,Bugisu,2024-10,21.13,174.96,75.27,0.076,7609,784,135,20,41,358700
Bugisu|Mbale District,Mbale District,Bugisu,2024-10,20.89,172.18,76.9,0.053,6352,913,19,18,5,299000
Ankole|Mbarara City,Mbarara City,Ankole,2024-10,20.95,118.33,72.29,0.12,590,622,30,27,3,238500
Ankole|Mbarara District,Mbarara District,Ankole,2024-10,20.71,129.49,73.85,0.052,771,218,21,2,9,182600
Ankole|Mitooma District,Mitooma District,Ankole,2024-10,20.9,170.73,73.26,0.038,3648,470,34,5,0,200200
North Buganda|Mityana District,Mityana District,North Buganda,2024-10,21.64,126.02,81.13,0.21,6395,667,60,7,32,383900
Karamoja|Moroto District,Moroto District,Karamoja,2024-10,23.57,177.3,55.44,0.031,5656,1231,103,33,286,128800
West Nile|Moyo District,Moyo District,West Nile,2024-10,24.73,153.92,76.2,0.136,3699,996,38,27,17,118800
South Buganda|Mpigi District,Mpigi District,South Buganda,2024-10,22.43,101.71,78.29,0.736,2774,798,23,18,0,311200
North Buganda|Mubende District,Mubende District,North Buganda,2024-10,21.65,154.77,77.25,0.056,10596,331,69,24,13,672900
North Buganda|Mukono District,Mukono District,North Buganda,2024-10,23.13,133.18,76.89,1.805,10532,1236,133,20,85,776000
Karamoja|Nabilatuk District,Nabilatuk District,Karamoja,2024-10,24.33,200.08,61.24,0.037,5170,433,52,15,268,107100
Karamoja|Nakapiripirit District,Nakapiripirit District,Karamoja,2024-10,23.29,219.83,60.96,0.042,5095,873,231,8,327,133200
North Buganda|Nakaseke District,Nakaseke District,North Buganda,2024-10,22.68,116.47,78.16,0.043,4800,373,96,21,16,261800
North Buganda|Nakasongola District,Nakasongola District,North Buganda,2024-10,23.46,115.98,75.2,0.269,6097,852,28,142,13,239400
Busoga|Namayingo District,Namayingo District,Busoga,2024-10,23.83,135.46,73.81,2.909,4882,809,69,17,36,250600
Bugisu|Namisindwa District,Namisindwa District,Bugisu,2024-10,19.04,174.1,80.38,0.055,1559,170,4,4,6,253200
Busoga|Namutumba District,Namutumba District,Busoga,2024-10,22.88,163.25,78.5,0.044,5039,823,239,28,26,346600
Karamoja|Napak District,Napak District,Karamoja,2024-10,24.36,218.15,60.15,0.038,9212,1456,125,30,303,168700
West Nile|Nebbi District,Nebbi District,West Nile,2024-10,23.72,133.59,72.9,0.04,8200,802,192,128,52,314100
Teso|Ngora District,Ngora District,Teso,2024-10,23.71,115.62,74.66,0.321,6134,176,14,18,16,182600
Tooro|Ntoroko District,Ntoroko District,Tooro,2024-10,24.17,130.38,75.17,0.457,546,126,14,1,46,82100
Ankole|Ntungamo District,Ntungamo District,Ankole,2024-10,20.88,133.17,69.79,0.043,2610,1211,62,42,22,578200
Acholi|Nwoya District,Nwoya District,Acholi,2024-10,24.29,148.04,76.35,0.087,8339,367,82,37,37,345300
West Nile|Obongi District,Obongi District,West Nile,2024-10,25.67,154.75,75.29,0.257,2294,1224,28,16,162,53200
Acholi|Omoro District,Omoro District,Acholi,2024-10,23.36,151.63,75.42,0.055,10306,475,12,15,13,223200
Lango|Otuke District,Otuke District,Lango,2024-10,24.08,225.93,67.09,0.05,8869,338,9,4,36,156600
Lango|Oyam District,Oyam District,Lango,2024-10,23.36,133.59,75.41,0.056,20486,1165,176,124,177,504200
Acholi|Pader District,Pader District,Acholi,2024-10,24.05,144.58,71.99,0.055,19355,1088,83,19,57,209600
West Nile|Pakwach District,Pakwach District,West Nile,2024-10,25.7,116.52,70.95,0.269,3655,1180,42,35,12,226600
Bukedi|Pallisa District,Pallisa District,Bukedi,2024-10,23.49,135.12,76.5,0.343,6957,187,21,31,11,415500
South Buganda|Rakai District,Rakai District,South Buganda,2024-10,21.58,93.77,76.66,0.133,2945,940,58,5,11,345700
Kigezi|Rubanda District,Rubanda District,Kigezi,2024-10,17.29,143.59,79.45,0.122,248,615,16,6,12,214800
Ankole|Rubirizi District,Rubirizi District,Ankole,2024-10,23.44,164.5,71.95,0.841,3142,317,16,7,42,153900
Kigezi|Rukiga District,Rukiga District,Kigezi,2024-10,19.01,130.22,73.4,0.036,147,287,13,5,7,107700
Kigezi|Rukungiri District,Rukungiri District,Kigezi,2024-10,21.23,151.96,76.55,0.226,1349,946,78,53,17,344200
Ankole|Rwampara District,Rwampara District,Ankole,2024-10,20.35,141.3,72.58,0.04,1092,383,2,2,2,156200
South Buganda|Sembabule District,Sembabule District,South Buganda,2024-10,22.11,105.41,73.05,0.043,3307,129,24,1,14,327000
Teso|Serere District,Serere District,Teso,2024-10,24.21,118.76,72.38,0.887,11742,336,16,55,4,416500
Ankole|Sheema District,Sheema District,Ankole,2024-10,20.42,139.86,74.64,0.051,291,508,34,10,0,227900
Bugisu|Sironko District,Sironko District,Bugisu,2024-10,19.42,219.26,78.47,0.058,4484,649,32,31,15,295600
Teso|Soroti City,Soroti City,Teso,2024-10,23.72,161.84,71.87,0.118,6952,243,38,511,3,79500
Teso|Soroti District,Soroti District,Teso,2024-10,23.73,155.28,72.23,0.16,6694,162,17,15,0,334400
West Nile|Terego District,Terego District,West Nile,2024-10,24.78,178.55,72.34,0.05,12295,1147,47,65,107,257000
Bukedi|Tororo District,Tororo District,Bukedi,2024-10,22.15,163.99,76.96,0.045,4066,1718,165,211,26,653400
South Buganda|Wakiso District,Wakiso District,South Buganda,2024-10,22.44,102.08,79.71,1.14,18864,2814,521,108,17,3741000
West Nile|Yumbe District,Yumbe District,West Nile,2024-10,24.39,166.57,75.78,0.049,13510,1456,277,96,280,815200
West Nile|Zombo District,Zombo District,West Nile,2024-10,20.35,178.09,80.55,0.046,1721,1256,49,66,12,313900
Karamoja|Abim District,Abim District,Karamoja,2024-11,24.24,96.81,58.91,0.032,6659,189,61,8,67,193600
West Nile|Adjumani District,Adjumani District,West Nile,2024-11,24.9,119.26,70.88,0.092,8557,2071,76,33,326,241200
Acholi|Agago District,Agago District,Acholi,2024-11,24.21,98.45,62.78,0.042,14812,362,35,33,126,266000
Lango|Alebtong District,Alebtong District,Lango,2024-11,23.86,144.44,67,0.047,8668,341,15,24,20,293200
Lango|Amolatar District,Amolatar District,Lango,2024-11,23.89,150.68,74.32,1.567,6121,834,8,20,7,185900
Karamoja|Amudat District,Amudat District,Karamoja,2024-11,23.34,78.51,58.7,0.027,2266,410,26,3,212,157800
Teso|Amuria District,Amuria District,Teso,2024-11,23.83,145.08,67.04,0.042,7916,145,28,15,11,256400
Acholi|Amuru District,Amuru District,Acholi,2024-11,24.48,122.71,71.25,0.056,8590,401,35,40,16,237700
Lango|Apac District,Apac District,Lango,2024-11,23.42,143.17,74.67,0.176,10987,984,8,16,44,257500
West Nile|Arua City,Arua City,West Nile,2024-11,22.54,144.81,71.87,0.066,4629,364,141,64,41,399400
West Nile|Arua District,Arua District,West Nile,2024-11,23.12,142.91,69.8,0.047,1181,103,0,18,28,172300
Bukedi|Budaka District,Budaka District,Bukedi,2024-11,22.23,255.35,76.2,0.041,4891,206,84,3,33,287100
Bugisu|Bududa District,Bududa District,Bugisu,2024-11,16.03,342.45,83.73,0.049,1033,704,72,,7,319800
Busoga|Bugiri District,Bugiri District,Busoga,2024-11,22.03,344.78,83.5,0.104,3115,494,26,22,76,555800
Busoga|Bugweri District,Bugweri District,Busoga,2024-11,22.07,330.12,83.73,0.061,6527,190,52,1,22,210300
Ankole|Buhweju District,Buhweju District,Ankole,2024-11,19.14,222.04,82.26,0.055,186,208,15,6,27,161100
North Buganda|Buikwe District,Buikwe District,North Buganda,2024-11,22.04,290.54,83.05,0.566,6997,1034,86,46,32,508000
Teso|Bukedea District,Bukedea District,Teso,2024-11,22.7,181.27,69.67,0.044,9086,220,53,17,0,303100
South Buganda|Bukomansimbi District,Bukomansimbi District,South Buganda,2024-11,21.5,160.16,78.01,0.038,1883,243,94,13,4,158700
Bugisu|Bukwo District,Bukwo District,Bugisu,2024-11,16.38,187.2,69.13,0.05,564,741,35,13,9,143600
Bugisu|Bulambuli District,Bulambuli District,Bugisu,2024-11,20.23,206.92,70.57,0.045,3074,1007,32,12,4,276500
Bunyoro|Buliisa District,Buliisa District,Bunyoro,2024-11,24.79,142.22,76.9,1.414,4145,468,18,14,10,179000
Tooro|Bundibugyo District,Bundibugyo District,Tooro,2024-11,18.87,214.95,84.41,0.074,4261,628,58,37,40,292000
Tooro|Bunyangabu District,Bunyangabu District,Tooro,2024-11,17.94,265.84,83.07,0.049,898,290,56,9,19,212200
Ankole|Bushenyi District,Bushenyi District,Ankole,2024-11,19.75,229.22,81.54,0.065,677,532,18,44,19,246800
Bukedi|Busia District,Busia District,Bukedi,2024-11,21.76,372.84,82.61,0.168,8536,772,65,42,84,427600
Bukedi|Butaleja District,Butaleja District,Bukedi,2024-11,22.12,296.99,79.26,0.041,3795,516,128,21,9,343100
South Buganda|Butambala District,Butambala District,South Buganda,2024-11,21.55,173.07,80.7,0.044,1573,140,11,1,2,111900
Bukedi|Butebo District,Butebo District,Bukedi,2024-11,22.64,206.77,75.2,0.042,4456,259,48,11,17,127000
North Buganda|Buvuma District,Buvuma District,North Buganda,2024-11,23.36,258.72,75.5,3.172,1899,264,18,,6,163500
Busoga|Buyende District,Buyende District,Busoga,2024-11,23.44,209.29,77.59,0.985,8093,346,32,16,50,487100
Lango|Dokolo District,Dokolo District,Lango,2024-11,23.23,164.11,76.01,0.319,11327,855,29,11,7,238700
Tooro|Fort Portal City,Fort Portal City,Tooro,2024-11,18.1,226.5,86.04,0.124,581,558,97,124,1,124300
South Buganda|Gomba District,Gomba District,South Buganda,2024-11,21.35,149.28,80.07,0.064,1753,75,10,3,2,182200
Acholi|Gulu City,Gulu City,Acholi,2024-11,23.26,111.93,72.8,0.159,5276,868,87,27,67,231300
Acholi|Gulu District,Gulu District,Acholi,2024-11,24.02,93,70.34,0.05,7249,163,16,16,22,130200
Bunyoro|Hoima City,Hoima City,Bunyoro,2024-11,22.2,167.36,83.7,0.108,1406,411,52,44,1,139500
Bunyoro|Hoima District,Hoima District,Bunyoro,2024-11,23.66,139.96,79.33,1.437,2953,349,27,8,36,286800
Ankole|Ibanda District,Ibanda District,Ankole,2024-11,20.41,205.11,79.1,0.049,7512,575,35,29,12,295100
Busoga|Iganga District,Iganga District,Busoga,2024-11,22.25,310.24,82.44,0.082,18035,1178,95,105,57,448300
Ankole|Isingiro District,Isingiro District,Ankole,2024-11,20.76,183.1,76.48,0.076,3244,1431,84,39,526,679200
Busoga|Jinja City,Jinja City,Busoga,2024-11,21.91,342.96,85.75,0.829,6535,825,125,62,25,284300
Busoga|Jinja District,Jinja District,Busoga,2024-11,22.02,303.94,84.79,0.128,7963,1070,31,,9,257900
Karamoja|Kaabong District,Kaabong District,Karamoja,2024-11,22.13,34.7,62.26,0.034,4348,693,32,19,405,137100
Kigezi|Kabale District,Kabale District,Kigezi,2024-11,17.39,254.75,80.87,0.161,297,918,69,24,25,259400
Tooro|Kabarole District,Kabarole District,Tooro,2024-11,20.22,222.55,82.83,0.053,677,189,9,11,9,239400
Teso|Kaberamaido District,Kaberamaido District,Teso,2024-11,23.67,176.7,74.85,0.836,8024,182,24,41,13,154500
Bunyoro|Kagadi District,Kagadi District,Bunyoro,2024-11,21.79,161.71,83.4,0.34,4947,112,40,18,40,489800
Bunyoro|Kakumiro District,Kakumiro District,Bunyoro,2024-11,21.35,141.81,82.06,0.055,6233,142,60,27,59,651200
Teso|Kalaki District,Kalaki District,Teso,2024-11,23.56,173.22,73.75,0.404,5054,170,6,11,2,161000
South Buganda|Kalangala District,Kalangala District,South Buganda,2024-11,23.29,268.34,74.64,3.069,403,165,58,1,0,77000
Busoga|Kaliro District,Kaliro District,Busoga,2024-11,22.95,249.37,78.91,0.355,10128,659,104,20,13,327800
South Buganda|Kalungu District,Kalungu District,South Buganda,2024-11,21.72,167.28,78.4,0.208,2280,258,16,2,4,190300
Kampala|Kampala District,Kampala District,Kampala,2024-11,21.66,184,82.35,2.368,8877,3517,617,189,41,1793600
Busoga|Kamuli District,Kamuli District,Busoga,2024-11,22.44,270.08,82.79,0.101,25081,2470,111,70,75,608400
Tooro|Kamwenge District,Kamwenge District,Tooro,2024-11,20.83,201.01,78.58,0.05,12954,2736,52,56,133,384800
Kigezi|Kanungu District,Kanungu District,Kigezi,2024-11,20.1,232.86,81.49,0.185,2997,853,82,32,35,239400
Bugisu|Kapchorwa District,Kapchorwa District,Bugisu,2024-11,17.98,232.61,73,0.052,482,703,8,26,2,137300
Teso|Kapelebyong District,Kapelebyong District,Teso,2024-11,24.56,141.09,60.7,0.038,4540,101,19,5,11,115500
Karamoja|Karenga District,Karenga District,Karamoja,2024-11,22.43,37.21,63.51,0.038,1512,424,62,5,62,74800
Tooro|Kasese District,Kasese District,Tooro,2024-11,20.25,220.95,77.08,0.433,5425,2323,188,243,204,860300
North Buganda|Kassanda District,Kassanda District,North Buganda,2024-11,21.34,138.82,81.04,0.138,4591,209,14,40,6,341100
Teso|Katakwi District,Katakwi District,Teso,2024-11,24.71,133.27,61.35,0.189,6731,280,66,14,42,214600
North Buganda|Kayunga District,Kayunga District,North Buganda,2024-11,22.67,230.85,80.5,0.334,12662,719,81,75,10,433100
Ankole|Kazo District,Kazo District,Ankole,2024-11,20.91,160.7,79.2,0.045,4395,310,24,,3,248400
Bunyoro|Kibaale District,Kibaale District,Bunyoro,2024-11,21.04,148.9,81.27,0.059,3420,197,21,24,14,248100
North Buganda|Kiboga District,Kiboga District,North Buganda,2024-11,22.18,141.79,77.64,0.044,3199,1155,42,6,9,187200
Bukedi|Kibuku District,Kibuku District,Bukedi,2024-11,22.46,256.07,80.03,0.069,19305,395,154,4,4,287700
Bunyoro|Kikuube District,Kikuube District,Bunyoro,2024-11,22.98,144.51,80.81,1.097,10031,1489,37,72,188,434300
Ankole|Kiruhura District,Kiruhura District,Ankole,2024-11,20.83,165.94,78.39,0.085,3074,275,9,3,0,211700
Bunyoro|Kiryandongo District,Kiryandongo District,Bunyoro,2024-11,23.24,159.3,76.06,0.066,10517,1440,56,71,111,347800
Kigezi|Kisoro District,Kisoro District,Kigezi,2024-11,16.91,332.07,84.56,0.144,2092,687,155,40,124,337500
Tooro|Kitagwenda District,Kitagwenda District,Tooro,2024-11,21.78,218.35,73.91,0.32,2523,117,2,5,2,204300
Acholi|Kitgum District,Kitgum District,Acholi,2024-11,24.1,72.45,62.94,0.047,11051,1248,69,25,67,235700
West Nile|Koboko District,Koboko District,West Nile,2024-11,23.05,113.96,72.18,0.058,4586,237,41,58,44,297600
Lango|Kole District,Kole District,Lango,2024-11,23.25,123.54,73.13,0.048,7112,1627,19,67,79,317000
Karamoja|Kotido District,Kotido District,Karamoja,2024-11,23.83,46.73,57.91,0.027,7847,597,157,20,257,223900
Teso|Kumi District,Kumi District,Teso,2024-11,24.08,166.64,66.41,0.256,10680,197,16,21,21,317700
Lango|Kwania District,Kwania District,Lango,2024-11,23.42,149.18,76.16,0.507,6621,582,7,9,4,240500
Bugisu|Kween District,Kween District,Bugisu,2024-11,20.54,148.06,63.47,0.041,1142,315,68,3,4,120800
North Buganda|Kyankwanzi District,Kyankwanzi District,North Buganda,2024-11,22.18,136.67,78.54,0.049,4624,625,19,8,9,338300
Tooro|Kyegegwa District,Kyegegwa District,Tooro,2024-11,20.66,156.52,80.15,0.052,11430,1639,20,54,157,593900
Tooro|Kyenjojo District,Kyenjojo District,Tooro,2024-11,20.18,185.86,83.82,0.052,9724,3091,59,54,115,604600
South Buganda|Kyotera District,Kyotera District,South Buganda,2024-11,22.17,208.89,78.33,0.974,4269,809,62,6,81,274200
Acholi|Lamwo District,Lamwo District,Acholi,2024-11,24.1,88.9,68.2,0.052,15527,1342,23,35,116,149300
Lango|Lira City,Lira City,Lango,2024-11,23.23,134.54,72.34,0.153,5359,464,390,26,27,268600
Lango|Lira District,Lira District,Lango,2024-11,23.55,137.66,71.17,0.046,6933,409,40,11,60,259800
Busoga|Luuka District,Luuka District,Busoga,2024-11,22.33,300.66,82.31,0.048,13403,300,48,9,6,286200
North Buganda|Luwero District,Luwero District,North Buganda,2024-11,21.76,200.3,84.66,0.065,12529,2323,129,44,46,569200
South Buganda|Lwengo District,Lwengo District,South Buganda,2024-11,21.14,154.25,78.86,0.05,2736,249,71,4,0,298900
South Buganda|Lyantonde District,Lyantonde District,South Buganda,2024-11,20.97,154.46,79.58,0.041,1182,216,50,7,0,122600
West Nile|Madi-Okollo District,Madi-Okollo District,West Nile,2024-11,25.17,125.74,66.65,0.103,3671,589,56,21,72,180900
Bugisu|Manafwa District,Manafwa District,Bugisu,2024-11,20.17,334.85,82.21,0.048,2797,155,33,14,20,190000
West Nile|Maracha District,Maracha District,West Nile,2024-11,22.55,142.08,72.53,0.045,2364,439,19,29,60,222900
South Buganda|Masaka City,Masaka City,South Buganda,2024-11,21.64,154.36,78.26,0.149,1006,387,68,43,6,241400
South Buganda|Masaka District,Masaka District,South Buganda,2024-11,22.56,207.26,76.76,1.842,614,174,16,4,5,129800
Bunyoro|Masindi District,Masindi District,Bunyoro,2024-11,23.06,156.56,78.04,0.052,4962,276,44,28,29,375600
Busoga|Mayuge District,Mayuge District,Busoga,2024-11,22.97,274.99,78.55,2.23,10798,477,96,45,48,632000
Bugisu|Mbale City,Mbale City,Bugisu,2024-11,20.63,273.72,78.69,0.073,6943,805,102,117,64,358700
Bugisu|Mbale District,Mbale District,Bugisu,2024-11,20.37,338.42,80.49,0.047,5787,780,24,4,10,299000
Ankole|Mbarara City,Mbarara City,Ankole,2024-11,20.21,184.78,77.63,0.123,569,712,182,96,9,238500
Ankole|Mbarara District,Mbarara District,Ankole,2024-11,19.93,185.14,79.56,0.053,701,205,14,7,6,182600
Ankole|Mitooma District,Mitooma District,Ankole,2024-11,19.97,226.02,80.7,0.043,3253,291,21,12,1,200200
North Buganda|Mityana District,Mityana District,North Buganda,2024-11,21.27,171.38,83.58,0.209,6336,886,71,5,25,383900
Karamoja|Moroto District,Moroto District,Karamoja,2024-11,23.27,34.46,56,0.028,4062,1042,47,20,212,128800
West Nile|Moyo District,Moyo District,West Nile,2024-11,24.73,101.68,70.55,0.139,2727,923,69,17,22,118800
South Buganda|Mpigi District,Mpigi District,South Buganda,2024-11,22.06,177.61,79.64,0.735,2822,768,23,24,1,311200
North Buganda|Mubende District,Mubende District,North Buganda,2024-11,20.83,136.14,82.43,0.057,9140,503,97,35,54,672900
North Buganda|Mukono District,Mukono District,North Buganda,2024-11,22.71,243.42,78.67,1.805,9963,1310,150,14,78,776000
Karamoja|Nabilatuk District,Nabilatuk District,Karamoja,2024-11,24.44,90.81,57.86,0.027,4027,320,26,9,166,107100
Karamoja|Nakapiripirit District,Nakapiripirit District,Karamoja,2024-11,23.41,102.79,57.47,0.032,4898,908,239,6,276,133200
North Buganda|Nakaseke District,Nakaseke District,North Buganda,2024-11,22.53,159.05,78.02,0.047,4192,408,78,13,11,261800
North Buganda|Nakasongola District,Nakasongola District,North Buganda,2024-11,23.34,149.68,74.46,0.269,5590,569,39,,3,239400
Busoga|Namayingo District,Namayingo District,Busoga,2024-11,23.26,237.2,76.4,2.909,3963,780,51,16,29,250600
Bugisu|Namisindwa District,Namisindwa District,Bugisu,2024-11,18.64,337.78,83.57,0.046,2125,229,12,15,6,253200
Busoga|Namutumba District,Namutumba District,Busoga,2024-11,22.3,289.94,81.97,0.044,4343,927,167,18,22,346600
Karamoja|Napak District,Napak District,Karamoja,2024-11,24.44,76.46,57.12,0.028,6231,1339,130,26,217,168700
West Nile|Nebbi District,Nebbi District,West Nile,2024-11,23.43,134.42,71.02,0.042,4406,760,145,92,102,314100
Teso|Ngora District,Ngora District,Teso,2024-11,23.53,164.98,74.3,0.32,4436,112,14,46,19,182600
Tooro|Ntoroko District,Ntoroko District,Tooro,2024-11,23.39,135.01,78.17,0.458,479,106,26,,18,82100
Ankole|Ntungamo District,Ntungamo District,Ankole,2024-11,19.89,218.44,77.09,0.046,2441,1207,63,24,11,578200
Acholi|Nwoya District,Nwoya District,Acholi,2024-11,24.19,149.18,74.54,0.089,7528,492,43,8,22,345300
West Nile|Obongi District,Obongi District,West Nile,2024-11,25.69,104.1,70.06,0.26,1493,967,22,14,112,53200
Acholi|Omoro District,Omoro District,Acholi,2024-11,23.47,124.94,71.69,0.055,10318,302,19,22,8,223200
Lango|Otuke District,Otuke District,Lango,2024-11,24.65,132.46,60.81,0.042,6616,253,8,10,24,156600
Lango|Oyam District,Oyam District,Lango,2024-11,23.32,134.38,73.31,0.058,16726,1157,40,114,183,504200
Acholi|Pader District,Pader District,Acholi,2024-11,24.3,97.69,67.36,0.048,12537,1088,68,34,81,209600
West Nile|Pakwach District,Pakwach District,West Nile,2024-11,25.28,124.03,71.2,0.271,2303,755,40,34,10,226600
Bukedi|Pallisa District,Pallisa District,Bukedi,2024-11,23.03,222.36,78.73,0.346,6195,192,78,24,11,415500
South Buganda|Rakai District,Rakai District,South Buganda,2024-11,21.04,172,80.63,0.138,2622,859,14,2,12,345700
Kigezi|Rubanda District,Rubanda District,Kigezi,2024-11,16.7,282.3,84.11,0.12,201,687,29,19,12,214800
Ankole|Rubirizi District,Rubirizi District,Ankole,2024-11,22.75,232.97,75.91,0.84,2818,270,5,14,25,153900
Kigezi|Rukiga District,Rukiga District,Kigezi,2024-11,18.17,244.06,79.61,0.04,180,333,15,5,5,107700
Kigezi|Rukungiri District,Rukungiri District,Kigezi,2024-11,20.51,228.29,81.34,0.228,1364,1003,56,30,20,344200
Ankole|Rwampara District,Rwampara District,Ankole,2024-11,19.58,217.35,78.48,0.041,852,436,2,9,0,156200
South Buganda|Sembabule District,Sembabule District,South Buganda,2024-11,21.18,144.32,79.24,0.042,3455,147,25,,6,327000
Teso|Serere District,Serere District,Teso,2024-11,23.83,189.32,73.85,0.885,6580,256,13,32,0,416500
Ankole|Sheema District,Sheema District,Ankole,2024-11,19.55,221.72,81.58,0.054,260,324,39,12,0,227900
Bugisu|Sironko District,Sironko District,Bugisu,2024-11,19.02,254.11,81.57,0.054,4278,603,46,30,13,295600
Teso|Soroti City,Soroti City,Teso,2024-11,23.64,135.9,71.12,0.116,4898,215,75,51,4,79500
Teso|Soroti District,Soroti District,Teso,2024-11,23.68,144.78,71.07,0.158,4679,113,16,5,29,334400
West Nile|Terego District,Terego District,West Nile,2024-11,24.87,134.96,66.83,0.05,9721,966,38,27,161,257000
Bukedi|Tororo District,Tororo District,Bukedi,2024-11,21.61,363.2,80.24,0.043,3409,1179,114,204,67,653400
South Buganda|Wakiso District,Wakiso District,South Buganda,2024-11,22.04,192.75,81.32,1.141,18122,3012,492,190,18,3741000
West Nile|Yumbe District,Yumbe District,West Nile,2024-11,24.5,106.62,68.92,0.053,11040,1339,300,59,258,815200
West Nile|Zombo District,Zombo District,West Nile,2024-11,20.26,175.66,76.58,0.048,112498,799,33,37,67,313900
Karamoja|Abim District,Abim District,Karamoja,2024-12,25.21,212.07,42.66,0.033,5510,213,31,7,70,193600
West Nile|Adjumani District,Adjumani District,West Nile,2024-12,27.04,129.65,49.5,0.08,7470,1375,83,37,185,241200
Acholi|Agago District,Agago District,Acholi,2024-12,25.41,182.68,45.14,0.041,14725,388,62,19,93,266000
Lango|Alebtong District,Alebtong District,Lango,2024-12,24.32,164.03,55.83,0.047,8441,343,6,14,20,293200
Lango|Amolatar District,Amolatar District,Lango,2024-12,24.76,162.72,66.75,1.57,5811,593,23,22,9,185900
Karamoja|Amudat District,Amudat District,Karamoja,2024-12,23.95,176.54,44.5,0.029,1800,368,68,5,278,157800
Teso|Amuria District,Amuria District,Teso,2024-12,24.35,159.17,54.75,0.044,10035,162,24,53,28,256400
Acholi|Amuru District,Amuru District,Acholi,2024-12,26.43,135.34,49.99,0.047,5830,385,28,32,31,237700
Lango|Apac District,Apac District,Lango,2024-12,24.32,168.54,63.72,0.183,8380,986,28,32,34,257500
West Nile|Arua City,Arua City,West Nile,2024-12,24.44,109.9,50.63,0.058,4780,285,113,76,38,399400
West Nile|Arua District,Arua District,West Nile,2024-12,24.97,117.43,49.15,0.04,1222,70,14,26,26,172300
Bukedi|Budaka District,Budaka District,Bukedi,2024-12,22.4,30.5,70.24,0.043,5290,205,51,10,19,287100
Bugisu|Bududa District,Bududa District,Bugisu,2024-12,16.33,25.49,73.26,0.064,1047,831,75,13,4,319800
Busoga|Bugiri District,Bugiri District,Busoga,2024-12,22.23,133.37,80.12,0.105,2708,781,21,26,41,555800
Busoga|Bugweri District,Bugweri District,Busoga,2024-12,22.29,149.64,79.78,0.062,8081,182,78,,21,210300
Ankole|Buhweju District,Buhweju District,Ankole,2024-12,19.59,128.87,74.65,0.059,219,115,21,9,13,161100
North Buganda|Buikwe District,Buikwe District,North Buganda,2024-12,22.33,184.44,80.5,0.571,7008,1173,73,48,35,508000
Teso|Bukedea District,Bukedea District,Teso,2024-12,23.17,117.37,60.13,0.051,13195,166,48,19,7,303100
South Buganda|Bukomansimbi District,Bukomansimbi District,South Buganda,2024-12,21.79,74.47,73.8,0.046,2115,215,84,,6,158700
Bugisu|Bukwo District,Bukwo District,Bugisu,2024-12,17.1,16.65,51.73,0.059,532,921,15,10,0,143600
Bugisu|Bulambuli District,Bulambuli District,Bugisu,2024-12,20.88,25.67,57.26,0.054,4440,1050,31,14,7,276500
Bunyoro|Buliisa District,Buliisa District,Bunyoro,2024-12,26.16,131.92,65.5,1.414,4116,604,26,11,9,179000
Tooro|Bundibugyo District,Bundibugyo District,Tooro,2024-12,19.82,140.65,68.69,0.081,3829,506,88,49,135,292000
Tooro|Bunyangabu District,Bunyangabu District,Tooro,2024-12,18.82,160.39,70.79,0.057,691,259,22,26,23,212200
Ankole|Bushenyi District,Bushenyi District,Ankole,2024-12,20.06,156.93,76.58,0.067,696,458,20,40,18,246800
Bukedi|Busia District,Busia District,Bukedi,2024-12,22.11,69.58,78.75,0.17,8164,494,78,47,46,427600
Bukedi|Butaleja District,Butaleja District,Bukedi,2024-12,22.4,30.83,73.77,0.044,4063,568,150,11,6,343100
South Buganda|Butambala District,Butambala District,South Buganda,2024-12,21.46,146.18,79.6,0.051,1878,297,12,,0,111900
Bukedi|Butebo District,Butebo District,Bukedi,2024-12,23.01,34.69,67.74,0.044,3931,178,47,3,1,127000
North Buganda|Buvuma District,Buvuma District,North Buganda,2024-12,23.62,90.18,73.51,3.172,1993,263,22,4,7,163500
Busoga|Buyende District,Buyende District,Busoga,2024-12,23.9,128.43,71.47,0.99,10924,500,44,18,15,487100
Lango|Dokolo District,Dokolo District,Lango,2024-12,24.03,170.83,65.41,0.323,9976,507,26,11,2,238700
Tooro|Fort Portal City,Fort Portal City,Tooro,2024-12,18.9,127.35,71.95,0.131,531,438,134,28,2,124300
South Buganda|Gomba District,Gomba District,South Buganda,2024-12,21.62,114.11,74.88,0.072,2080,55,7,3,0,182200
Acholi|Gulu City,Gulu City,Acholi,2024-12,24.7,133.45,54.97,0.158,4867,667,110,599,52,231300
Acholi|Gulu District,Gulu District,Acholi,2024-12,25.85,132.04,49.86,0.043,5431,113,12,10,11,130200
Bunyoro|Hoima City,Hoima City,Bunyoro,2024-12,23.04,134.23,71.53,0.109,1261,267,43,14,0,139500
Bunyoro|Hoima District,Hoima District,Bunyoro,2024-12,24.73,129.11,68.27,1.438,2202,260,37,15,10,286800
Ankole|Ibanda District,Ibanda District,Ankole,2024-12,20.95,86.14,70.25,0.054,7604,550,31,31,0,295100
Busoga|Iganga District,Iganga District,Busoga,2024-12,22.55,153.6,77.8,0.083,18340,1243,71,65,54,448300
Ankole|Isingiro District,Isingiro District,Ankole,2024-12,21.17,118.96,71.27,0.081,3744,1259,66,61,281,679200
Busoga|Jinja City,Jinja City,Busoga,2024-12,22.17,217.74,83.07,0.83,6770,886,142,86,11,284300
Busoga|Jinja District,Jinja District,Busoga,2024-12,22.17,208,81.74,0.131,8815,898,48,10,4,257900
Karamoja|Kaabong District,Kaabong District,Karamoja,2024-12,23.05,142.35,45.59,0.033,3902,668,35,16,268,137100
Kigezi|Kabale District,Kabale District,Kigezi,2024-12,17.66,79.76,76.61,0.169,335,995,56,23,19,259400
Tooro|Kabarole District,Kabarole District,Tooro,2024-12,21.19,125.25,69.46,0.061,448,155,10,4,1,239400
Teso|Kaberamaido District,Kaberamaido District,Teso,2024-12,24.58,131.55,65.63,0.839,7397,187,7,21,2,154500
Bunyoro|Kagadi District,Kagadi District,Bunyoro,2024-12,22.7,123.02,70.59,0.344,4358,132,25,10,11,489800
Bunyoro|Kakumiro District,Kakumiro District,Bunyoro,2024-12,22.34,123.61,67.47,0.055,5303,215,69,86,32,651200
Teso|Kalaki District,Kalaki District,Teso,2024-12,24.27,144.58,63.17,0.408,5192,175,13,15,0,161000
South Buganda|Kalangala District,Kalangala District,South Buganda,2024-12,23.65,70.18,72.17,3.069,649,133,47,1,1,77000
Busoga|Kaliro District,Kaliro District,Busoga,2024-12,23.44,128.33,71.67,0.357,11607,1006,129,11,14,327800
South Buganda|Kalungu District,Kalungu District,South Buganda,2024-12,21.79,99.59,76.6,0.214,2060,416,29,8,2,190300
Kampala|Kampala District,Kampala District,Kampala,2024-12,21.87,197.98,79.25,2.367,9593,3343,692,323,25,1793600
Busoga|Kamuli District,Kamuli District,Busoga,2024-12,22.65,168.87,77.27,0.107,26915,2138,266,44,55,608400
Tooro|Kamwenge District,Kamwenge District,Tooro,2024-12,21.84,102.34,67.55,0.059,10426,2567,35,60,86,384800
Kigezi|Kanungu District,Kanungu District,Kigezi,2024-12,20.35,84.34,77.03,0.194,2243,741,48,40,17,239400
Bugisu|Kapchorwa District,Kapchorwa District,Bugisu,2024-12,18.48,26.36,59.1,0.063,721,671,20,10,4,137300
Teso|Kapelebyong District,Kapelebyong District,Teso,2024-12,25.34,176.89,46.1,0.039,3987,64,11,10,9,115500
Karamoja|Karenga District,Karenga District,Karamoja,2024-12,23.48,163.36,45.57,0.035,984,227,67,17,54,74800
Tooro|Kasese District,Kasese District,Tooro,2024-12,20.84,111.07,71.54,0.438,4685,1502,180,144,118,860300
North Buganda|Kassanda District,Kassanda District,North Buganda,2024-12,21.7,147.98,73.82,0.143,4327,142,52,31,1,341100
Teso|Katakwi District,Katakwi District,Teso,2024-12,25.39,143.41,48.07,0.193,11947,173,43,60,52,214600
North Buganda|Kayunga District,Kayunga District,North Buganda,2024-12,22.85,183,74.98,0.337,11738,1310,70,70,1,433100
Ankole|Kazo District,Kazo District,Ankole,2024-12,21.92,59.27,66.67,0.055,5021,263,29,1,5,248400
Bunyoro|Kibaale District,Kibaale District,Bunyoro,2024-12,22.05,117.02,66.71,0.064,2433,251,17,8,10,248100
North Buganda|Kiboga District,Kiboga District,North Buganda,2024-12,22.75,188.64,67.43,0.05,3505,904,22,5,5,187200
Bukedi|Kibuku District,Kibuku District,Bukedi,2024-12,22.9,28.71,72.79,0.071,20144,372,148,1,4,287700
Bunyoro|Kikuube District,Kikuube District,Bunyoro,2024-12,24.06,116.61,68.48,1.098,11195,1841,8,31,123,434300
Ankole|Kiruhura District,Kiruhura District,Ankole,2024-12,21.67,88.45,68.58,0.094,2912,309,2,10,0,211700
Bunyoro|Kiryandongo District,Kiryandongo District,Bunyoro,2024-12,24.38,145.29,61.43,0.068,9543,1991,50,58,68,347800
Kigezi|Kisoro District,Kisoro District,Kigezi,2024-12,17.06,75.42,81.25,0.154,1019,848,236,44,69,337500
Tooro|Kitagwenda District,Kitagwenda District,Tooro,2024-12,22.46,99.96,65.52,0.327,2009,73,8,3,8,204300
Acholi|Kitgum District,Kitgum District,Acholi,2024-12,25.49,155.57,43.67,0.041,7141,754,111,20,65,235700
West Nile|Koboko District,Koboko District,West Nile,2024-12,25.3,144.81,48.81,0.043,4417,268,70,51,15,297600
Lango|Kole District,Kole District,Lango,2024-12,24.1,138.69,60.6,0.052,4556,997,18,39,23,317000
Karamoja|Kotido District,Kotido District,Karamoja,2024-12,24.7,195.98,42.22,0.026,6771,531,98,7,156,223900
Teso|Kumi District,Kumi District,Teso,2024-12,24.71,110.38,56.15,0.261,13399,184,15,24,17,317700
Lango|Kwania District,Kwania District,Lango,2024-12,24.31,163.15,66.57,0.513,5720,672,22,30,0,240500
Bugisu|Kween District,Kween District,Bugisu,2024-12,21.31,17.8,47.47,0.046,1050,239,113,2,0,120800
North Buganda|Kyankwanzi District,Kyankwanzi District,North Buganda,2024-12,23.11,178.29,64.95,0.051,3929,676,29,11,0,338300
Tooro|Kyegegwa District,Kyegegwa District,Tooro,2024-12,21.88,95.89,66.19,0.059,10385,1762,22,43,132,593900
Tooro|Kyenjojo District,Kyenjojo District,Tooro,2024-12,21.17,108.15,71.35,0.059,6738,2164,94,80,81,604600
South Buganda|Kyotera District,Kyotera District,South Buganda,2024-12,22.5,36.81,76,0.979,4503,880,73,4,5,274200
Acholi|Lamwo District,Lamwo District,Acholi,2024-12,26.09,135.33,45.7,0.041,11166,1148,16,32,48,149300
Lango|Lira City,Lira City,Lango,2024-12,24,147.14,60.5,0.154,4474,362,54,40,34,268600
Lango|Lira District,Lira District,Lango,2024-12,24.33,168.76,58.76,0.047,4445,329,10,20,47,259800
Busoga|Luuka District,Luuka District,Busoga,2024-12,22.63,163.16,77.15,0.053,12344,399,21,14,1,286200
North Buganda|Luwero District,Luwero District,North Buganda,2024-12,21.92,209.43,78.35,0.069,13783,1880,64,42,70,569200
South Buganda|Lwengo District,Lwengo District,South Buganda,2024-12,21.59,60.24,73.65,0.057,3237,301,34,4,5,298900
South Buganda|Lyantonde District,Lyantonde District,South Buganda,2024-12,21.78,55.6,70.14,0.052,1379,290,70,2,0,122600
West Nile|Madi-Okollo District,Madi-Okollo District,West Nile,2024-12,27.05,125.88,46.63,0.091,3116,333,45,13,38,180900
Bugisu|Manafwa District,Manafwa District,Bugisu,2024-12,20.37,33.27,75.95,0.057,3123,175,24,14,13,190000
West Nile|Maracha District,Maracha District,West Nile,2024-12,24.62,124.37,50.1,0.036,1981,448,30,28,23,222900
South Buganda|Masaka City,Masaka City,South Buganda,2024-12,21.73,76.42,76.95,0.158,1143,329,75,13,9,241400
South Buganda|Masaka District,Masaka District,South Buganda,2024-12,22.89,65.45,74.8,1.845,672,272,23,2,4,129800
Bunyoro|Masindi District,Masindi District,Bunyoro,2024-12,24.21,164.95,63.59,0.052,5028,179,20,47,8,375600
Busoga|Mayuge District,Mayuge District,Busoga,2024-12,23.26,122.93,76.32,2.231,12814,492,78,37,47,632000
Bugisu|Mbale City,Mbale City,Bugisu,2024-12,20.88,36.96,71.97,0.079,5958,906,166,60,40,358700
Bugisu|Mbale District,Mbale District,Bugisu,2024-12,20.55,35.62,74.62,0.056,6335,835,28,4,8,299000
Ankole|Mbarara City,Mbarara City,Ankole,2024-12,20.9,101.85,68.91,0.128,681,507,63,80,8,238500
Ankole|Mbarara District,Mbarara District,Ankole,2024-12,20.6,101.39,71.05,0.059,819,277,16,5,5,182600
Ankole|Mitooma District,Mitooma District,Ankole,2024-12,20.11,150.31,77.37,0.049,2816,392,21,4,0,200200
North Buganda|Mityana District,Mityana District,North Buganda,2024-12,21.43,167.31,78.81,0.216,6361,788,71,12,25,383900
Karamoja|Moroto District,Moroto District,Karamoja,2024-12,23.63,147.88,42.5,0.027,3276,1060,54,19,200,128800
West Nile|Moyo District,Moyo District,West Nile,2024-12,27.04,141.09,48.2,0.124,2304,606,57,20,17,118800
South Buganda|Mpigi District,Mpigi District,South Buganda,2024-12,22.21,147.55,77.69,0.738,2402,744,30,12,1,311200
North Buganda|Mubende District,Mubende District,North Buganda,2024-12,21.5,118.29,72.04,0.062,9123,199,39,26,39,672900
North Buganda|Mukono District,Mukono District,North Buganda,2024-12,22.97,148.56,76,1.806,9492,1370,178,20,86,776000
Karamoja|Nabilatuk District,Nabilatuk District,Karamoja,2024-12,25.06,145.3,43.76,0.026,3049,319,90,10,119,107100
Karamoja|Nakapiripirit District,Nakapiripirit District,Karamoja,2024-12,24.12,158.72,43.02,0.034,3993,592,286,6,150,133200
North Buganda|Nakaseke District,Nakaseke District,North Buganda,2024-12,23.05,207.27,67.44,0.051,4086,374,63,21,15,261800
North Buganda|Nakasongola District,Nakasongola District,North Buganda,2024-12,23.76,209.65,65.49,0.274,7407,584,54,4,1,239400
Busoga|Namayingo District,Namayingo District,Busoga,2024-12,23.56,78.07,74.31,2.909,5177,732,52,9,23,250600
Bugisu|Namisindwa District,Namisindwa District,Bugisu,2024-12,18.95,30.75,74.99,0.06,2061,279,4,8,0,253200
Busoga|Namutumba District,Namutumba District,Busoga,2024-12,22.69,112.86,75.62,0.045,5257,1230,177,12,23,346600
Karamoja|Napak District,Napak District,Karamoja,2024-12,24.98,148.46,43.05,0.028,6544,728,62,31,154,168700
West Nile|Nebbi District,Nebbi District,West Nile,2024-12,24.88,131.65,54.17,0.037,3696,831,161,105,68,314100
Teso|Ngora District,Ngora District,Teso,2024-12,24.02,99.46,65.26,0.323,5456,143,19,46,22,182600
Tooro|Ntoroko District,Ntoroko District,Tooro,2024-12,24.65,105.93,63.39,0.456,356,99,19,3,20,82100
Ankole|Ntungamo District,Ntungamo District,Ankole,2024-12,20.14,107.66,72.97,0.053,2232,975,33,32,3,578200
Acholi|Nwoya District,Nwoya District,Acholi,2024-12,25.69,125.03,57.65,0.085,5159,434,21,29,22,345300
West Nile|Obongi District,Obongi District,West Nile,2024-12,27.89,138.42,49.19,0.246,1153,586,23,8,130,53200
Acholi|Omoro District,Omoro District,Acholi,2024-12,24.71,137.39,55.58,0.055,8540,300,22,20,14,223200
Lango|Otuke District,Otuke District,Lango,2024-12,25.32,162.84,47.25,0.041,5406,309,15,17,15,156600
Lango|Oyam District,Oyam District,Lango,2024-12,24.31,133.49,59.29,0.061,12771,1095,42,127,151,504200
Acholi|Pader District,Pader District,Acholi,2024-12,25.8,142.24,48.45,0.042,8963,909,45,16,66,209600
West Nile|Pakwach District,Pakwach District,West Nile,2024-12,26.88,122.13,55.54,0.266,1459,470,64,21,9,226600
Bukedi|Pallisa District,Pallisa District,Bukedi,2024-12,23.51,26.56,70.95,0.347,4740,240,31,21,28,415500
South Buganda|Rakai District,Rakai District,South Buganda,2024-12,21.42,37.91,76.41,0.147,2657,667,19,1,21,345700
Kigezi|Rubanda District,Rubanda District,Kigezi,2024-12,16.9,74.84,80.65,0.128,247,623,26,10,3,214800
Ankole|Rubirizi District,Rubirizi District,Ankole,2024-12,23.2,106.22,70.13,0.846,2574,170,5,2,13,153900
Kigezi|Rukiga District,Rukiga District,Kigezi,2024-12,18.42,65.06,75.37,0.044,180,270,12,3,8,107700
Kigezi|Rukungiri District,Rukungiri District,Kigezi,2024-12,20.8,86.45,77.34,0.234,1450,973,87,38,4,344200
Ankole|Rwampara District,Rwampara District,Ankole,2024-12,20.02,113.87,72.1,0.047,905,342,9,9,0,156200
South Buganda|Sembabule District,Sembabule District,South Buganda,2024-12,21.93,68.18,70.09,0.05,3834,170,30,3,1,327000
Teso|Serere District,Serere District,Teso,2024-12,24.51,117.83,65.75,0.889,11232,276,18,47,0,416500
Ankole|Sheema District,Sheema District,Ankole,2024-12,19.97,126.3,75.93,0.057,301,334,16,11,2,227900
Bugisu|Sironko District,Sironko District,Bugisu,2024-12,19.43,32,71.96,0.063,4145,636,33,22,2,295600
Teso|Soroti City,Soroti City,Teso,2024-12,24.11,113.64,61.16,0.12,4753,127,27,49,1,79500
Teso|Soroti District,Soroti District,Teso,2024-12,24.21,128.48,60.55,0.161,7806,258,12,18,7,334400
West Nile|Terego District,Terego District,West Nile,2024-12,26.99,117.89,44.87,0.037,6957,512,41,26,57,257000
Bukedi|Tororo District,Tororo District,Bukedi,2024-12,21.93,43.15,74.29,0.046,3320,1211,178,215,44,653400
South Buganda|Wakiso District,Wakiso District,South Buganda,2024-12,22.35,174.41,77.64,1.142,18412,2947,435,53,26,3741000
West Nile|Yumbe District,Yumbe District,West Nile,2024-12,26.86,146.29,45.38,0.036,8735,785,259,79,102,815200
West Nile|Zombo District,Zombo District,West Nile,2024-12,21.73,125.46,57.69,0.05,1081,692,59,46,24,313900
